2018-02-05 09:31:00,159.1900,158.0000,159.1100,158.9400,4201472,2598495
2018-02-05 09:32:00,159.7900,158.9000,158.9400,159.3598,5027790,744096
2018-02-05 09:33:00,159.9500,159.3100,159.4000,159.8300,5541621,466643
2018-02-05 09:34:00,160.3900,159.7800,159.8400,160.1950,6171800,563751
2018-02-05 09:35:00,160.2100,159.9110,160.1800,160.1350,6517338,321677
2018-02-05 09:36:00,160.2000,159.7200,160.1500,160.1400,6839376,292640
2018-02-05 09:37:00,160.2400,159.9500,160.1400,159.9900,7132179,269507
2018-02-05 09:38:00,160.6500,159.9950,159.9950,160.5514,7475185,316875
2018-02-05 09:39:00,160.7450,160.2900,160.5620,160.3700,7768716,274716
2018-02-05 09:40:00,160.5200,160.1600,160.3600,160.4986,8064782,275701
2018-02-05 09:41:00,160.9000,160.4800,160.5000,160.7600,8390680,303285
2018-02-05 09:42:00,160.7600,160.3600,160.7600,160.6435,8666803,255395
2018-02-05 09:43:00,160.8000,160.5100,160.6300,160.5100,8875559,190533
2018-02-05 09:44:00,160.5800,160.3100,160.5292,160.5300,9090300,198074
2018-02-05 09:45:00,160.5700,160.3000,160.5300,160.3700,9297451,187788
2018-02-05 09:46:00,161.1500,160.2300,160.3800,161.1324,9613052,285586
2018-02-05 09:47:00,161.3000,161.0370,161.1300,161.1901,9821553,189583
2018-02-05 09:48:00,161.2400,161.0000,161.2100,161.1652,10025868,184021
2018-02-05 09:49:00,161.5500,161.1300,161.1800,161.5400,10281703,231502
2018-02-05 09:50:00,161.9000,161.3500,161.5100,161.8600,10535495,231293
2018-02-05 09:51:00,161.9900,161.7100,161.8500,161.8850,10857927,290604
2018-02-05 09:52:00,162.2400,161.8300,161.9000,162.1600,11222225,329772
2018-02-05 09:53:00,162.5000,162.1400,162.1550,162.4800,11555920,305124
2018-02-05 09:54:00,162.5000,162.1300,162.4858,162.3300,11845996,268853
2018-02-05 09:55:00,162.4000,162.1560,162.3500,162.1744,12061820,195591
2018-02-05 09:56:00,162.4400,162.1260,162.2000,162.3800,12356997,273959
2018-02-05 09:57:00,162.8400,162.3600,162.3800,162.8100,12716899,329778
2018-02-05 09:58:00,163.0500,162.7700,162.7868,163.0000,13108628,358339
2018-02-05 09:59:00,163.0300,162.7700,163.0000,162.8501,13427605,290571
2018-02-05 10:00:00,163.2000,162.8500,162.8800,163.1300,13787083,337020
2018-02-05 10:01:00,163.2500,162.7800,163.1400,163.0900,14005318,194685
2018-02-05 10:02:00,163.0900,162.7800,163.0700,162.8550,14452089,372478
2018-02-05 10:03:00,163.4200,162.7214,162.8500,163.3700,14738894,226281
2018-02-05 10:04:00,163.6200,163.1600,163.3700,163.5000,15200006,431209
2018-02-05 10:05:00,163.7500,163.3500,163.5200,163.5200,15515936,287604
2018-02-05 10:06:00,163.7000,163.3800,163.5200,163.4500,15781862,240285
2018-02-05 10:07:00,163.5000,163.2700,163.4500,163.2900,16002425,194520
2018-02-05 10:08:00,163.4997,163.1600,163.3000,163.3700,16214431,189329
2018-02-05 10:09:00,163.6300,163.3101,163.3600,163.5200,16412991,178321
2018-02-05 10:10:00,163.7500,163.4195,163.5100,163.7300,16603918,169073
2018-02-05 10:11:00,163.8200,163.5700,163.7300,163.5800,16794277,172871
2018-02-05 10:12:00,163.6800,163.5000,163.5600,163.5700,16930093,118610
2018-02-05 10:13:00,163.7300,163.5400,163.5601,163.6160,17070834,125378
2018-02-05 10:14:00,163.6700,163.5200,163.6200,163.5824,17208851,122368
2018-02-05 10:15:00,163.6300,163.2800,163.5849,163.3000,17453271,223681
2018-02-05 10:16:00,163.3799,162.9800,163.3182,163.1600,17745683,268415
2018-02-05 10:17:00,163.2400,162.9100,163.1700,162.9823,17899777,139277
2018-02-05 10:18:00,163.0599,162.7200,163.0000,162.7999,18077980,161511
2018-02-05 10:19:00,163.1400,162.6100,162.7300,163.1137,18320906,225620
2018-02-05 10:20:00,163.1899,163.0000,163.1200,163.1600,18445459,109441
2018-02-05 10:21:00,163.4600,163.1100,163.1695,163.3906,18599906,137988
2018-02-05 10:22:00,163.4500,163.2600,163.4000,163.4000,18719786,102105
2018-02-05 10:23:00,163.5500,163.3300,163.4000,163.5350,18847681,116512
2018-02-05 10:24:00,163.5600,163.3600,163.5400,163.4700,18954091,93423
2018-02-05 10:25:00,163.7300,163.4500,163.4700,163.6799,19090347,118891
2018-02-05 10:26:00,163.8800,163.5800,163.6700,163.7745,19331968,223459
2018-02-05 10:27:00,163.8200,163.6100,163.7792,163.6600,19448525,103606
2018-02-05 10:28:00,163.7200,163.3250,163.6642,163.3325,19596657,133073
2018-02-05 10:29:00,163.5538,163.2850,163.3300,163.4302,19704246,95295
2018-02-05 10:30:00,163.6000,163.4300,163.4399,163.5395,19810802,93891
2018-02-05 10:31:00,163.5600,163.2728,163.5368,163.3200,19932739,108303
2018-02-05 10:32:00,163.4100,163.1685,163.3300,163.1800,20074625,125466
2018-02-05 10:33:00,163.3400,163.1000,163.1900,163.2500,20216661,126257
2018-02-05 10:34:00,163.2900,163.1450,163.2600,163.2325,20367850,113906
2018-02-05 10:35:00,163.3900,163.1600,163.2500,163.2000,20588688,203234
2018-02-05 10:36:00,163.3000,163.1100,163.1720,163.2900,20704383,103749
2018-02-05 10:37:00,163.4500,163.2400,163.2850,163.3700,20851963,134754
2018-02-05 10:38:00,163.3900,163.1350,163.3799,163.1400,21013718,149244
2018-02-05 10:39:00,163.1700,162.9400,163.1460,162.9900,21203458,164095
2018-02-05 10:40:00,163.0786,162.9000,162.9700,162.9201,21387748,173012
2018-02-05 10:41:00,163.1400,162.9000,162.9300,163.1000,21475704,70828
2018-02-05 10:42:00,163.2600,163.1100,163.1100,163.1850,21576907,86765
2018-02-05 10:43:00,163.2200,163.0200,163.1800,163.0500,21700881,111398
2018-02-05 10:44:00,163.0600,162.7900,163.0400,162.8236,21832371,117087
2018-02-05 10:45:00,162.9800,162.8239,162.8239,162.8970,21942255,100293
2018-02-05 10:46:00,163.3400,162.8400,162.9100,163.2644,22090596,135205
2018-02-05 10:47:00,163.3600,163.1100,163.2600,163.3048,22236579,132975
2018-02-05 10:48:00,163.3200,163.1801,163.3050,163.1801,22336333,91116
2018-02-05 10:49:00,163.2800,163.0700,163.2000,163.2550,22413033,66962
2018-02-05 10:50:00,163.3000,163.0500,163.2700,163.1000,22529424,100908
2018-02-05 10:51:00,163.1200,162.9500,163.1000,163.0201,22713764,152956
2018-02-05 10:52:00,163.1638,163.0100,163.0400,163.0450,22829987,97028
2018-02-05 10:53:00,163.1100,162.9700,163.0400,162.9700,22991101,145498
2018-02-05 10:54:00,163.2200,162.9750,162.9750,163.2120,23086124,68767
2018-02-05 10:55:00,163.3400,163.1600,163.2100,163.3100,23203808,99364
2018-02-05 10:56:00,163.3800,163.2100,163.3100,163.2300,23309660,91268
2018-02-05 10:57:00,163.3600,163.2000,163.2500,163.3200,23414147,96730
2018-02-05 10:58:00,163.4500,163.3000,163.3200,163.3300,23582975,138792
2018-02-05 10:59:00,163.4500,163.3000,163.3200,163.4000,23671886,77958
2018-02-05 11:00:00,163.4300,163.1700,163.4200,163.3600,23807561,121273
2018-02-05 11:01:00,163.8500,163.3800,163.3800,163.8400,24031564,206940
2018-02-05 11:02:00,163.8100,163.5700,163.8100,163.6000,24143916,104922
2018-02-05 11:03:00,163.6900,163.5300,163.5934,163.6000,24307291,128426
2018-02-05 11:04:00,163.6700,163.5100,163.5950,163.5900,24410765,71175
2018-02-05 11:05:00,163.5900,163.4100,163.5900,163.5014,24515058,95654
2018-02-05 11:06:00,163.5000,163.2800,163.5000,163.3900,24608736,83619
2018-02-05 11:07:00,163.6600,163.3800,163.3810,163.6600,24706790,89608
2018-02-05 11:08:00,163.6699,163.5200,163.6600,163.5900,24856740,87611
2018-02-05 11:09:00,163.6400,163.5300,163.6173,163.5300,24950993,82338
2018-02-05 11:10:00,163.5500,163.3900,163.5400,163.5000,25025323,64000
2018-02-05 11:11:00,163.5200,163.4000,163.4700,163.4900,25129621,94402
2018-02-05 11:12:00,163.5400,163.3700,163.4900,163.5300,25246692,70505
2018-02-05 11:13:00,163.6200,163.4900,163.5250,163.6000,25379461,122551
2018-02-05 11:14:00,163.5900,163.2800,163.5800,163.3300,25462049,73501
2018-02-05 11:15:00,163.4900,163.2378,163.3200,163.2600,25545879,73891
2018-02-05 11:16:00,163.2900,163.0300,163.2870,163.0600,25655852,101491
2018-02-05 11:17:00,163.3200,163.0700,163.0700,163.2200,25741802,78198
2018-02-05 11:18:00,163.2600,163.0700,163.2450,163.0700,25827025,78625
2018-02-05 11:19:00,163.0900,162.9600,163.0600,163.0300,25981577,101769
2018-02-05 11:20:00,163.0500,162.9000,163.0300,162.9000,26062065,71607
2018-02-05 11:21:00,162.9899,162.8700,162.9300,162.9000,26156385,84511
2018-02-05 11:22:00,162.9000,162.8100,162.8900,162.8400,26280075,109146
2018-02-05 11:23:00,163.0000,162.8300,162.8300,162.9300,26393225,98842
2018-02-05 11:24:00,162.9600,162.8600,162.9500,162.8900,26471929,68933
2018-02-05 11:25:00,163.0000,162.8600,162.8900,162.9701,26555253,72402
2018-02-05 11:26:00,163.1300,162.9700,162.9900,163.0832,26658332,91745
2018-02-05 11:27:00,163.1000,162.9000,163.0800,162.9250,26782745,111866
2018-02-05 11:28:00,163.0400,162.9000,162.9250,162.9598,26885027,87742
2018-02-05 11:29:00,163.0000,162.8000,162.9700,162.8650,26988898,88619
2018-02-05 11:30:00,162.8900,162.6400,162.8700,162.6601,27110664,105160
2018-02-05 11:31:00,162.6620,162.2900,162.6500,162.4235,27311975,185755
2018-02-05 11:32:00,162.5500,162.3500,162.4300,162.4000,27394642,73830
2018-02-05 11:33:00,162.4200,162.2700,162.3900,162.2802,27457972,53687
2018-02-05 11:34:00,162.4600,162.1701,162.2700,162.3390,27569306,102067
2018-02-05 11:35:00,162.5600,162.3000,162.3525,162.5150,27664094,81439
2018-02-05 11:36:00,162.5200,162.3400,162.5150,162.3600,27728016,57512
2018-02-05 11:37:00,162.3800,162.2100,162.3500,162.2930,27812388,76439
2018-02-05 11:38:00,162.3900,162.2300,162.2910,162.2800,27882675,61552
2018-02-05 11:39:00,162.3801,162.2879,162.2900,162.3224,27925304,33876
2018-02-05 11:40:00,162.3500,162.2200,162.3300,162.2500,27984419,52019
2018-02-05 11:41:00,162.4500,162.1800,162.2300,162.3790,28075902,78294
2018-02-05 11:42:00,162.5000,162.2700,162.3600,162.3000,28129073,45502
2018-02-05 11:43:00,162.4500,162.3035,162.3035,162.4350,28200778,66621
2018-02-05 11:44:00,162.4850,162.2400,162.4268,162.2500,28280616,71973
2018-02-05 11:45:00,162.3400,162.2000,162.2400,162.2500,28365699,75098
2018-02-05 11:46:00,162.3100,162.1000,162.2300,162.1900,28467427,88383
2018-02-05 11:47:00,162.1875,162.0600,162.1800,162.0800,28555865,75498
2018-02-05 11:48:00,162.1000,161.7700,162.0900,161.7700,28747286,169094
2018-02-05 11:49:00,161.7800,161.4300,161.7786,161.4402,28986597,222579
2018-02-05 11:50:00,161.4550,161.1000,161.4300,161.1800,29185680,182521
2018-02-05 11:51:00,161.3200,161.1600,161.1900,161.3000,29324369,124251
2018-02-05 11:52:00,161.5650,161.2712,161.3200,161.4900,29534971,192962
2018-02-05 11:53:00,161.5400,161.3700,161.4950,161.3700,29631539,85933
2018-02-05 11:54:00,161.4700,161.2200,161.3900,161.2200,29707514,68238
2018-02-05 11:55:00,161.3500,161.1000,161.2300,161.2800,29821729,103426
2018-02-05 11:56:00,161.5596,161.2400,161.2676,161.5050,29963615,131011
2018-02-05 11:57:00,161.5099,161.2900,161.5099,161.2900,30040939,71326
2018-02-05 11:58:00,161.5050,161.2400,161.2900,161.4800,30169551,119687
2018-02-05 11:59:00,161.5980,161.4200,161.4700,161.5650,30289331,109925
2018-02-05 12:00:00,161.7332,161.5200,161.5724,161.6451,30408097,109702
2018-02-05 12:01:00,161.7900,161.6200,161.6300,161.7000,30538473,122716
2018-02-05 12:02:00,161.7300,161.5500,161.7000,161.6900,30625930,79197
2018-02-05 12:03:00,161.7000,161.3200,161.6900,161.3500,30712045,75296
2018-02-05 12:04:00,161.4900,161.3000,161.3600,161.4300,30798990,79302
2018-02-05 12:05:00,161.4600,161.1100,161.4400,161.1700,30912514,104622
2018-02-05 12:06:00,161.2500,161.0500,161.1700,161.2499,31029868,107656
2018-02-05 12:07:00,161.2500,161.1400,161.2400,161.2300,31107335,68029
2018-02-05 12:08:00,161.3400,161.1800,161.2300,161.1900,31168213,54079
2018-02-05 12:09:00,161.2300,161.0800,161.1800,161.0900,31253642,76822
2018-02-05 12:10:00,161.1300,160.9400,161.0905,161.0895,31418052,146177
2018-02-05 12:11:00,161.1800,161.0000,161.1000,161.0770,31516071,87085
2018-02-05 12:12:00,161.1800,161.0400,161.0700,161.1650,31606751,83991
2018-02-05 12:13:00,161.2800,161.1400,161.1508,161.2400,31702846,89535
2018-02-05 12:14:00,161.3300,161.1800,161.2300,161.2662,31820705,112006
2018-02-05 12:15:00,161.2700,161.1000,161.2601,161.1800,31910085,81258
2018-02-05 12:16:00,161.1812,160.8500,161.1800,160.9200,32034866,108858
2018-02-05 12:17:00,161.0000,160.8800,160.9200,160.8800,32097755,56063
2018-02-05 12:18:00,160.8900,160.6700,160.8829,160.8200,32199637,90574
2018-02-05 12:19:00,161.0000,160.8100,160.8200,160.8600,32308642,101867
2018-02-05 12:20:00,160.9400,160.7500,160.8700,160.8600,32405760,88224
2018-02-05 12:21:00,161.0000,160.7700,160.8500,161.0000,32491564,77236
2018-02-05 12:22:00,161.2900,160.9900,161.0000,161.1500,32612081,113474
2018-02-05 12:23:00,161.1900,160.9200,161.1600,160.9400,32705524,83728
2018-02-05 12:24:00,160.9900,160.7600,160.9600,160.9050,32819884,106125
2018-02-05 12:25:00,161.0500,160.8500,160.8800,160.9000,32920384,93985
2018-02-05 12:26:00,161.1200,160.8600,160.9000,161.1200,33015203,82421
2018-02-05 12:27:00,161.4000,161.1100,161.1300,161.3048,33114293,87630
2018-02-05 12:28:00,161.3800,161.1911,161.3000,161.2100,33195658,74836
2018-02-05 12:29:00,161.2000,160.9400,161.1800,161.0297,33346606,139006
2018-02-05 12:30:00,161.2100,161.0000,161.0180,161.1200,33421478,69038
2018-02-05 12:31:00,161.2100,161.0200,161.1000,161.1967,33508930,80960
2018-02-05 12:32:00,161.2500,161.1400,161.1900,161.2250,33575061,60457
2018-02-05 12:33:00,161.2800,161.1800,161.2250,161.2300,33668489,88553
2018-02-05 12:34:00,161.3800,161.2300,161.2400,161.3800,33760464,86496
2018-02-05 12:35:00,161.5000,161.3400,161.3800,161.5000,33864092,96209
2018-02-05 12:36:00,161.4900,161.2200,161.4900,161.2210,33940259,68366
2018-02-05 12:37:00,161.2900,161.1800,161.2300,161.2700,33980459,35875
2018-02-05 12:38:00,161.2800,161.1500,161.2700,161.2301,34034677,50030
2018-02-05 12:39:00,161.3900,161.2366,161.2366,161.3660,34090621,51061
2018-02-05 12:40:00,161.4300,161.1400,161.3800,161.1905,34166125,68889
2018-02-05 12:41:00,161.4800,161.1700,161.1800,161.4300,34233383,61256
2018-02-05 12:42:00,161.5700,161.4398,161.4398,161.5672,34326979,88791
2018-02-05 12:43:00,161.5800,161.4800,161.5550,161.4850,34416385,83757
2018-02-05 12:44:00,161.5100,161.4000,161.4800,161.4700,34478328,56532
2018-02-05 12:45:00,161.8600,161.3900,161.4800,161.8400,34563698,76867
2018-02-05 12:46:00,161.8600,161.6850,161.8200,161.7104,34653790,83429
2018-02-05 12:47:00,161.7105,161.6400,161.7076,161.6700,34702962,44240
2018-02-05 12:48:00,161.6900,161.5200,161.6900,161.5800,34917915,56643
2018-02-05 12:49:00,161.6900,161.5700,161.5900,161.6700,34968487,44138
2018-02-05 12:50:00,161.8700,161.6700,161.6800,161.8600,35057967,81202
2018-02-05 12:51:00,162.0300,161.8300,161.8699,162.0300,35165873,98625
2018-02-05 12:52:00,162.0400,161.9200,162.0299,161.9300,35258086,85749
2018-02-05 12:53:00,161.9700,161.8100,161.9312,161.8300,35367968,102647
2018-02-05 12:54:00,161.8800,161.7800,161.8500,161.8300,35418046,45202
2018-02-05 12:55:00,161.9899,161.8100,161.8325,161.9000,35494831,69099
2018-02-05 12:56:00,162.0300,161.8500,161.8900,162.0100,35607551,107698
2018-02-05 12:57:00,162.0300,161.8600,162.0000,161.8600,35676109,64491
2018-02-05 12:58:00,161.9600,161.6100,161.8700,161.7000,35804553,120048
2018-02-05 12:59:00,161.7100,161.4600,161.7100,161.5000,35907217,95718
2018-02-05 13:00:00,161.5802,161.4000,161.5150,161.5200,35987719,74447
2018-02-05 13:01:00,161.5400,161.2900,161.5000,161.3600,36079538,83094
2018-02-05 13:02:00,161.5200,161.1900,161.3400,161.3681,36175026,85732
2018-02-05 13:03:00,161.4100,161.1300,161.3600,161.1904,36288430,103949
2018-02-05 13:04:00,161.2550,161.0600,161.1850,161.1800,36389130,92344
2018-02-05 13:05:00,161.2000,161.0000,161.1710,161.0366,36458867,54296
2018-02-05 13:06:00,161.3100,160.9600,161.0200,161.2300,36553516,84300
2018-02-05 13:07:00,161.3561,161.0300,161.2500,161.1000,36637379,74715
2018-02-05 13:08:00,161.1300,160.9200,161.1000,160.9700,36733680,84006
2018-02-05 13:09:00,161.1400,160.9300,160.9550,161.0850,36812576,71010
2018-02-05 13:10:00,161.1800,160.9700,161.1000,160.9901,36902030,77778
2018-02-05 13:11:00,161.2200,160.9200,161.0000,161.0900,36988574,70620
2018-02-05 13:12:00,161.2500,161.0100,161.0800,161.2500,37091435,93185
2018-02-05 13:13:00,161.4100,161.0600,161.2300,161.3500,37182063,77481
2018-02-05 13:14:00,161.4700,161.2600,161.3500,161.3000,37308693,112392
2018-02-05 13:15:00,161.3290,161.2100,161.3000,161.2200,37364527,51714
2018-02-05 13:16:00,161.2500,161.0100,161.2166,161.2300,37480715,103011
2018-02-05 13:17:00,161.2700,161.0300,161.2100,161.0300,37552664,60901
2018-02-05 13:18:00,161.1500,160.7700,161.0500,160.7861,37688689,125227
2018-02-05 13:19:00,161.0600,160.7700,160.8000,160.9400,37814239,116537
2018-02-05 13:20:00,160.9300,160.7700,160.9290,160.8700,37912562,87835
2018-02-05 13:21:00,161.1000,160.8600,160.8970,160.9900,38011547,87605
2018-02-05 13:22:00,161.0800,160.8700,160.9824,160.8800,38098285,79768
2018-02-05 13:23:00,160.9902,160.8200,160.8800,160.9850,38187478,77136
2018-02-05 13:24:00,161.1000,160.9800,160.9800,161.0800,38264948,70636
2018-02-05 13:25:00,161.2300,161.0750,161.0800,161.1600,38330770,54697
2018-02-05 13:26:00,161.2000,161.0600,161.1702,161.1462,38414683,74455
2018-02-05 13:27:00,161.1500,160.9500,161.1300,161.0500,38512760,84661
2018-02-05 13:28:00,161.1500,160.9500,161.0600,160.9500,38593515,74372
2018-02-05 13:29:00,161.0000,160.7667,160.9700,160.9624,38705301,99743
2018-02-05 13:30:00,161.1500,160.9100,160.9700,161.0700,38869891,156243
2018-02-05 13:31:00,161.2700,161.0400,161.0700,161.2000,38973980,92737
2018-02-05 13:32:00,161.3800,161.1920,161.1920,161.3600,39085612,97708
2018-02-05 13:33:00,161.5700,161.3200,161.3300,161.4700,39211113,115214
2018-02-05 13:34:00,161.6400,161.4750,161.5100,161.5100,39293325,71798
2018-02-05 13:35:00,161.5500,161.1820,161.5400,161.2400,39384415,79225
2018-02-05 13:36:00,161.4000,161.1900,161.2400,161.2700,39456168,61468
2018-02-05 13:37:00,161.3554,161.2300,161.2900,161.2947,39508604,46340
2018-02-05 13:38:00,161.3200,161.0890,161.3000,161.1800,39601737,83004
2018-02-05 13:39:00,161.4000,161.1300,161.1800,161.2300,39698207,89677
2018-02-05 13:40:00,161.2500,160.9600,161.2400,161.0100,39795816,84970
2018-02-05 13:41:00,161.3600,161.0100,161.0100,161.3500,39903400,94531
2018-02-05 13:42:00,161.5125,161.3300,161.3300,161.4388,40022532,109722
2018-02-05 13:43:00,161.4800,161.2200,161.4499,161.3800,40125636,94340
2018-02-05 13:44:00,161.4000,161.2200,161.3800,161.2600,40208494,72401
2018-02-05 13:45:00,161.2600,161.0900,161.2600,161.1600,40301894,82444
2018-02-05 13:46:00,161.2600,161.1300,161.1800,161.1400,40382213,72632
2018-02-05 13:47:00,161.3800,161.1300,161.1300,161.3300,40459070,65171
2018-02-05 13:48:00,161.4191,161.2200,161.3300,161.4144,40506950,43662
2018-02-05 13:49:00,161.4150,161.1800,161.4100,161.2000,40589965,72276
2018-02-05 13:50:00,161.3100,161.1500,161.2000,161.1700,40701438,93547
2018-02-05 13:51:00,161.3800,161.1600,161.1668,161.3200,40784680,72469
2018-02-05 13:52:00,161.6111,161.3100,161.3300,161.6000,40909676,117430
2018-02-05 13:53:00,161.6100,161.2950,161.6100,161.3800,41053462,132389
2018-02-05 13:54:00,161.4800,161.2800,161.3700,161.4432,41122935,53692
2018-02-05 13:55:00,161.7700,161.4400,161.4500,161.7167,41213437,82882
2018-02-05 13:56:00,162.0400,161.6600,161.7000,162.0300,41402044,175123
2018-02-05 13:57:00,162.1400,161.9200,162.0300,162.1100,41520130,103065
2018-02-05 13:58:00,162.2400,162.0700,162.1120,162.1101,41611533,83484
2018-02-05 13:59:00,162.2200,162.1000,162.1100,162.2000,41691168,72420
2018-02-05 14:00:00,162.4700,162.2062,162.2062,162.4379,41788849,88423
2018-02-05 14:01:00,162.4800,162.2800,162.4155,162.2900,41880879,78660
2018-02-05 14:02:00,162.3267,162.0644,162.2990,162.1100,41967302,77443
2018-02-05 14:03:00,162.1900,161.9700,162.1000,162.1900,42063136,83615
2018-02-05 14:04:00,162.2000,162.0000,162.2000,162.1200,42119383,48992
2018-02-05 14:05:00,162.3543,162.1300,162.1300,162.1300,42191271,66225
2018-02-05 14:06:00,162.1900,161.9500,162.1500,161.9700,42279228,79800
2018-02-05 14:07:00,162.0100,161.8200,161.9493,161.8500,42357907,71474
2018-02-05 14:08:00,161.8600,161.5710,161.8500,161.7200,42479067,111192
2018-02-05 14:09:00,161.9265,161.6600,161.7200,161.8500,42576429,90737
2018-02-05 14:10:00,161.9200,161.7900,161.8450,161.8499,42642583,59155
2018-02-05 14:11:00,161.8700,161.7100,161.8600,161.8300,42681698,32760
2018-02-05 14:12:00,162.0900,161.8150,161.8350,161.9200,42768154,77920
2018-02-05 14:13:00,161.9800,161.7700,161.9300,161.9200,42832188,57914
2018-02-05 14:14:00,161.9300,161.8000,161.9000,161.9000,42886788,49343
2018-02-05 14:15:00,161.8800,161.7200,161.8800,161.7800,42937458,43196
2018-02-05 14:16:00,161.8000,161.5500,161.8000,161.7300,43075093,127346
2018-02-05 14:17:00,161.7700,161.4000,161.7400,161.4900,43196447,112918
2018-02-05 14:18:00,161.7000,161.4700,161.5100,161.6200,43275990,67302
2018-02-05 14:19:00,161.6284,161.2700,161.6100,161.3903,43417909,124348
2018-02-05 14:20:00,161.6000,161.3801,161.3900,161.4900,43501414,74553
2018-02-05 14:21:00,161.6200,161.3100,161.5000,161.6200,43562991,54440
2018-02-05 14:22:00,161.6400,161.3800,161.6300,161.4900,43640188,63912
2018-02-05 14:23:00,161.4900,161.2000,161.4750,161.4400,43751565,98321
2018-02-05 14:24:00,161.5400,161.3000,161.4300,161.3250,43844610,84820
2018-02-05 14:25:00,161.4119,161.0600,161.3200,161.1000,43961178,103054
2018-02-05 14:26:00,161.2400,161.0800,161.1300,161.1700,44058276,90540
2018-02-05 14:27:00,161.3000,161.1600,161.1600,161.2420,44121003,56969
2018-02-05 14:28:00,161.3700,161.1800,161.2600,161.2100,44191388,62624
2018-02-05 14:29:00,161.2900,161.1500,161.2200,161.2600,44250978,49811
2018-02-05 14:30:00,161.5000,161.2300,161.2600,161.2900,44358384,96624
2018-02-05 14:31:00,161.3600,161.0750,161.2900,161.1500,44471463,103720
2018-02-05 14:32:00,161.3500,161.0600,161.1576,161.2400,44540134,62171
2018-02-05 14:33:00,161.3000,161.1200,161.2400,161.1800,44628317,79383
2018-02-05 14:34:00,161.1900,160.9500,161.1700,160.9600,44712457,74429
2018-02-05 14:35:00,161.0900,160.7600,160.9600,160.9900,44868345,143259
2018-02-05 14:36:00,161.1300,160.8400,161.0000,161.0400,44992887,114192
2018-02-05 14:37:00,161.2800,161.0200,161.0356,161.2400,45124820,122199
2018-02-05 14:38:00,161.3400,161.2000,161.2400,161.2500,45223980,90564
2018-02-05 14:39:00,161.3656,161.1600,161.2599,161.1900,45394761,163307
2018-02-05 14:40:00,161.2100,161.0500,161.1853,161.1900,45483571,82013
2018-02-05 14:41:00,161.4700,161.1500,161.1800,161.4100,45618750,127707
2018-02-05 14:42:00,161.5000,161.3100,161.4250,161.3900,45704840,78974
2018-02-05 14:43:00,161.5500,161.3800,161.4050,161.5500,45770240,58126
2018-02-05 14:44:00,161.6600,161.4500,161.5400,161.6200,45875634,95395
2018-02-05 14:45:00,161.6200,161.3100,161.6200,161.5500,45989664,104806
2018-02-05 14:46:00,161.8900,161.5100,161.5600,161.7800,46125197,125317
2018-02-05 14:47:00,161.8900,161.5600,161.8000,161.5700,46211542,77022
2018-02-05 14:48:00,161.6800,161.2900,161.5800,161.3600,46297506,75273
2018-02-05 14:49:00,161.3882,161.0800,161.3500,161.1191,46409890,104295
2018-02-05 14:50:00,161.3200,161.0500,161.1300,161.1544,46574281,152205
2018-02-05 14:51:00,161.2100,160.8800,161.1400,160.9700,46790561,196181
2018-02-05 14:52:00,161.1800,160.8100,160.9300,161.0802,46925605,123090
2018-02-05 14:53:00,161.2400,160.9500,161.1000,160.9900,47029524,94506
2018-02-05 14:54:00,161.1900,160.9900,161.0000,161.1300,47109841,72039
2018-02-05 14:55:00,161.2400,161.0100,161.1400,161.0200,47193562,73275
2018-02-05 14:56:00,161.1700,160.8300,161.0167,160.8600,47353125,144548
2018-02-05 14:57:00,160.9200,160.5200,160.8800,160.5500,47555261,180903
2018-02-05 14:58:00,160.7400,160.3900,160.5401,160.5200,47770633,193166
2018-02-05 14:59:00,160.9100,160.4000,160.5200,160.8850,47955772,169844
2018-02-05 15:00:00,160.9400,160.6000,160.8901,160.6700,48089388,123575
2018-02-05 15:01:00,160.7000,160.3900,160.6550,160.4500,48252213,146026
2018-02-05 15:02:00,160.8400,160.4100,160.4400,160.7600,48400354,134335
2018-02-05 15:03:00,161.0700,160.7000,160.7700,161.0600,48540328,125653
2018-02-05 15:04:00,161.0900,160.6900,161.0700,160.6900,48672160,122878
2018-02-05 15:05:00,160.7697,160.2500,160.7100,160.3400,48938171,235151
2018-02-05 15:06:00,160.8300,160.2200,160.3400,160.6950,49198790,235715
2018-02-05 15:07:00,160.7499,160.2400,160.7499,160.2800,49369646,150590
2018-02-05 15:08:00,160.4500,160.0000,160.2700,160.0963,49681904,271235
2018-02-05 15:09:00,160.1800,159.7501,160.1050,159.9000,50169233,434324
2018-02-05 15:10:00,159.9000,158.6000,159.8880,158.6309,50588271,357684
2018-02-05 15:11:00,158.7000,157.9900,158.6000,158.0400,51241187,566282
2018-02-05 15:12:00,158.2800,156.0000,158.0100,157.3300,52227818,847176
2018-02-05 15:13:00,159.2100,157.3200,157.3300,158.7500,52703368,428142
2018-02-05 15:14:00,158.9000,157.5100,158.7500,157.6700,53067136,331708
2018-02-05 15:15:00,159.0000,157.1000,157.7055,158.7300,53420514,326611
2018-02-05 15:16:00,159.8600,158.7100,158.7800,159.7400,53754225,307793
2018-02-05 15:17:00,160.6000,159.3900,159.6900,159.4111,54078957,301223
2018-02-05 15:18:00,159.8700,159.3000,159.4100,159.7300,54355972,256598
2018-02-05 15:19:00,159.7600,158.4100,159.7000,158.6875,54692913,305427
2018-02-05 15:20:00,159.1400,158.1000,158.7400,158.6390,54933531,214925
2018-02-05 15:21:00,158.6899,158.0100,158.5840,158.0300,55198434,239444
2018-02-05 15:22:00,159.0300,158.0600,158.0600,159.0000,55445301,225019
2018-02-05 15:23:00,159.0600,158.4700,159.0300,158.7600,55667252,197649
2018-02-05 15:24:00,159.5900,158.8208,158.8250,159.5600,55936561,244485
2018-02-05 15:25:00,159.8100,159.4340,159.5700,159.7855,56244160,280075
2018-02-05 15:26:00,160.0200,159.6800,159.8200,159.8850,56511478,246694
2018-02-05 15:27:00,159.9100,159.3000,159.8700,159.8300,56822092,282052
2018-02-05 15:28:00,160.1700,159.6700,159.7890,159.7600,57080381,232843
2018-02-05 15:29:00,160.3400,159.7600,159.7900,160.3201,57296817,195316
2018-02-05 15:30:00,160.3400,160.0100,160.3400,160.0850,57528931,204295
2018-02-05 15:31:00,160.2700,159.3700,160.1300,159.5006,57873899,309900
2018-02-05 15:32:00,159.6000,159.0700,159.5100,159.1385,58117708,218552
2018-02-05 15:33:00,159.7800,159.1100,159.1150,159.6570,58286695,151283
2018-02-05 15:34:00,159.9000,159.5600,159.6360,159.9000,58449767,144108
2018-02-05 15:35:00,159.9300,159.4700,159.9000,159.5600,58633244,160907
2018-02-05 15:36:00,159.7100,159.4000,159.5600,159.4562,58850764,192928
2018-02-05 15:37:00,159.5700,159.0401,159.4650,159.0500,59083561,206023
2018-02-05 15:38:00,159.4500,159.0100,159.0600,159.3500,59330628,224176
2018-02-05 15:39:00,159.4200,158.9200,159.4000,158.9900,59577062,219109
2018-02-05 15:40:00,159.1772,158.6000,158.9900,158.6000,59855571,255331
2018-02-05 15:41:00,158.8262,158.2800,158.5900,158.3655,60147925,264549
2018-02-05 15:42:00,158.9290,158.3100,158.3900,158.5250,60448262,272835
2018-02-05 15:43:00,159.0500,158.4800,158.5500,159.0500,60691386,221942
2018-02-05 15:44:00,159.3800,158.7800,159.0700,158.9700,60890910,177077
2018-02-05 15:45:00,159.1000,158.8200,158.9850,158.9450,61055587,146855
2018-02-05 15:46:00,159.0500,158.6910,158.9400,158.7300,61304732,226372
2018-02-05 15:47:00,158.8100,158.4300,158.7600,158.6400,61506085,176944
2018-02-05 15:48:00,158.6400,157.6400,158.6400,157.7200,61936558,387518
2018-02-05 15:49:00,157.9600,157.6000,157.7200,157.7590,62160457,198907
2018-02-05 15:50:00,157.7700,157.0500,157.7600,157.0600,62507113,289775
2018-02-05 15:51:00,157.5000,156.7200,157.0300,156.8529,62980491,431948
2018-02-05 15:52:00,157.1500,156.6200,156.9000,156.8600,63318657,295997
2018-02-05 15:53:00,156.9000,156.5000,156.8300,156.5300,63712399,352224
2018-02-05 15:54:00,156.8800,156.5000,156.5600,156.5390,64163907,403787
2018-02-05 15:55:00,156.8300,156.4900,156.5400,156.6311,64538418,336180
2018-02-05 15:56:00,157.0000,156.6300,156.6300,156.9400,64954384,370197
2018-02-05 15:57:00,157.5600,156.9100,156.9231,157.4000,65404988,407770
2018-02-05 15:58:00,157.9900,157.2900,157.4500,157.6100,65914709,468500
2018-02-05 15:59:00,157.6400,157.2100,157.5800,157.2400,66489659,508473
2018-02-05 16:00:00,157.2300,156.4300,157.2300,156.4900,67698200,1110933
2018-02-06 09:31:00,155.6600,154.0000,154.9100,155.3300,4007153,2637103
2018-02-06 09:32:00,156.9900,155.0700,155.3000,156.9411,4757516,671340
2018-02-06 09:33:00,157.0950,156.4300,156.9350,157.0561,5317898,489454
2018-02-06 09:34:00,157.2800,156.5400,156.9500,157.2100,5832318,463142
2018-02-06 09:35:00,157.6300,157.1800,157.2500,157.5200,6289435,387713
2018-02-06 09:36:00,157.7500,157.4210,157.5650,157.7200,6712949,383682
2018-02-06 09:37:00,158.4900,157.6300,157.7200,158.3600,7254178,496370
2018-02-06 09:38:00,158.5000,158.2900,158.3500,158.3690,7700475,408725
2018-02-06 09:39:00,158.6400,157.5600,158.3790,158.0700,8243237,501617
2018-02-06 09:40:00,159.0000,157.8316,158.1100,158.8700,8654825,361735
2018-02-06 09:41:00,159.1470,158.4000,158.8800,158.6500,9013136,295226
2018-02-06 09:42:00,158.8300,158.2750,158.6848,158.2750,9322212,275196
2018-02-06 09:43:00,159.0000,158.3700,158.3800,158.8900,9591539,239919
2018-02-06 09:44:00,159.4350,158.8500,158.8700,159.2830,9909904,288784
2018-02-06 09:45:00,159.5700,158.4700,159.3000,158.5600,10306097,359187
2018-02-06 09:46:00,159.1600,158.1600,158.5700,158.7356,10586591,249290
2018-02-06 09:47:00,159.1400,158.4200,158.7538,159.1000,10876819,260176
2018-02-06 09:48:00,159.1000,158.6000,159.0900,159.0497,11079812,176420
2018-02-06 09:49:00,159.7090,158.8900,159.1000,158.9300,11404554,290654
2018-02-06 09:50:00,159.1200,158.4300,158.9300,158.9885,11683827,225463
2018-02-06 09:51:00,159.4200,158.7900,158.9950,159.4000,11901089,192244
2018-02-06 09:52:00,159.9000,159.3300,159.3900,159.8700,12268437,333126
2018-02-06 09:53:00,160.0000,159.1000,159.8500,159.8950,12672774,363933
2018-02-06 09:54:00,160.5000,159.7300,159.9300,160.4650,13048634,334299
2018-02-06 09:55:00,160.8700,160.4000,160.4500,160.6800,13319678,233920
2018-02-06 09:56:00,161.0000,160.0550,160.6900,160.3900,13676230,311426
2018-02-06 09:57:00,160.5100,159.5500,160.4200,159.6700,14071456,351079
2018-02-06 09:58:00,159.6200,158.0800,159.6200,158.5233,14526931,409876
2018-02-06 09:59:00,159.1300,158.0400,158.5407,158.1750,14830277,271687
2018-02-06 10:00:00,158.9690,158.1600,158.2300,158.8584,15042316,189782
2018-02-06 10:01:00,159.5000,158.6900,158.8550,159.3000,15331057,263037
2018-02-06 10:02:00,159.6300,159.1500,159.3000,159.5501,15580934,217466
2018-02-06 10:03:00,159.9900,159.3300,159.5500,159.8148,15823248,215446
2018-02-06 10:04:00,160.0000,159.5100,159.8000,159.6290,16030441,184676
2018-02-06 10:05:00,159.8930,159.5700,159.7100,159.7700,16155823,107829
2018-02-06 10:06:00,159.9700,159.6100,159.7550,159.7700,16369042,190698
2018-02-06 10:07:00,160.4000,159.2600,159.8200,159.3014,16668366,264055
2018-02-06 10:08:00,159.7100,159.1500,159.2800,159.4600,16854957,163707
2018-02-06 10:09:00,159.7950,159.2700,159.4900,159.5600,17104948,225361
2018-02-06 10:10:00,159.6100,159.1500,159.5600,159.3300,17415364,285813
2018-02-06 10:11:00,160.1200,159.1600,159.3000,160.0648,17703371,264023
2018-02-06 10:12:00,160.2700,159.8600,160.0900,160.2300,17934158,205810
2018-02-06 10:13:00,160.2448,159.6900,160.2201,159.7600,18149571,191360
2018-02-06 10:14:00,159.8350,159.2200,159.7502,159.4400,18288045,118445
2018-02-06 10:15:00,159.7600,159.2200,159.4300,159.2700,18484498,175015
2018-02-06 10:16:00,159.4800,159.0400,159.2100,159.1300,18692772,188671
2018-02-06 10:17:00,159.1896,158.2200,159.1035,158.2300,18935157,215118
2018-02-06 10:18:00,158.4200,157.6000,158.2566,157.6900,19266622,289248
2018-02-06 10:19:00,158.4200,157.5100,157.6766,158.3972,19533211,242718
2018-02-06 10:20:00,158.9100,158.3600,158.3900,158.6828,19759054,207238
2018-02-06 10:21:00,159.3999,158.6600,158.7000,158.6600,19989233,212976
2018-02-06 10:22:00,158.9200,158.4060,158.6700,158.4675,20149153,146517
2018-02-06 10:23:00,158.5700,157.8000,158.4300,158.1000,20284260,117829
2018-02-06 10:24:00,158.2400,157.5000,158.1100,157.7100,20431349,132803
2018-02-06 10:25:00,157.7300,156.8000,157.6800,157.6300,20711045,248411
2018-02-06 10:26:00,157.8400,157.1100,157.5800,157.8000,20925345,199996
2018-02-06 10:27:00,158.2900,157.6400,157.8100,158.1450,21060310,124574
2018-02-06 10:28:00,158.2200,156.9200,158.1450,157.2100,21251450,173705
2018-02-06 10:29:00,157.7300,157.1600,157.1600,157.5895,21410929,145658
2018-02-06 10:30:00,157.7900,157.2700,157.6000,157.4600,21548553,123008
2018-02-06 10:31:00,157.7900,157.3500,157.4859,157.4250,21706548,142865
2018-02-06 10:32:00,157.7000,157.2250,157.4500,157.4000,21860696,141358
2018-02-06 10:33:00,157.4300,156.5200,157.3930,156.9300,22045402,165005
2018-02-06 10:34:00,157.2800,156.8700,156.9900,157.0560,22159500,103192
2018-02-06 10:35:00,157.3890,156.9010,157.0866,157.0600,22285972,114144
2018-02-06 10:36:00,157.1900,156.5200,157.1200,156.6000,22455358,156254
2018-02-06 10:37:00,156.9225,156.2800,156.6300,156.2900,22655927,179947
2018-02-06 10:38:00,156.8300,156.2100,156.2888,156.6750,22840454,170800
2018-02-06 10:39:00,156.9500,156.2500,156.6898,156.6100,22996372,138527
2018-02-06 10:40:00,157.2900,156.6100,156.6700,157.1200,23174728,163086
2018-02-06 10:41:00,157.7400,157.0800,157.1550,157.3410,23373617,181481
2018-02-06 10:42:00,157.5105,156.7100,157.3400,157.3700,23548124,156879
2018-02-06 10:43:00,157.3800,156.7700,157.3501,157.0931,23680733,119367
2018-02-06 10:44:00,157.1000,156.4700,157.0500,156.9600,23823912,131947
2018-02-06 10:45:00,157.8400,156.9000,156.9600,157.7000,24018381,180090
2018-02-06 10:46:00,158.6800,157.6590,157.7144,158.3100,24260488,218498
2018-02-06 10:47:00,158.4200,157.8500,158.3000,158.3099,24365060,91791
2018-02-06 10:48:00,158.3200,157.9300,158.1904,158.1248,24481505,100335
2018-02-06 10:49:00,158.4500,158.0600,158.1700,158.3021,24622121,123639
2018-02-06 10:50:00,158.5000,157.5700,158.3800,157.9157,24818756,179298
2018-02-06 10:51:00,158.1700,157.2600,157.9500,157.4305,24931687,99581
2018-02-06 10:52:00,157.9200,157.1500,157.4676,157.7900,25071130,127666
2018-02-06 10:53:00,158.4750,157.5700,157.8200,158.3200,25220249,136873
2018-02-06 10:54:00,158.4200,157.7800,158.3119,158.0600,25323377,90370
2018-02-06 10:55:00,158.4900,158.0200,158.0500,158.4190,25442269,105682
2018-02-06 10:56:00,158.7400,158.3000,158.4297,158.5400,25558386,104897
2018-02-06 10:57:00,158.6452,158.2000,158.5400,158.3100,25696714,126888
2018-02-06 10:58:00,158.3900,157.8100,158.2596,158.3550,25829786,111193
2018-02-06 10:59:00,158.3500,157.8600,158.3500,157.9699,25910565,70119
2018-02-06 11:00:00,158.0800,157.7700,157.9400,157.8700,25988926,52925
2018-02-06 11:01:00,158.0134,157.6000,157.8800,157.7600,26072135,70422
2018-02-06 11:02:00,157.6900,157.2100,157.6900,157.5300,26169950,85138
2018-02-06 11:03:00,157.5500,157.2200,157.5400,157.4600,26265462,87352
2018-02-06 11:04:00,157.6100,157.1300,157.4800,157.4000,26368281,86718
2018-02-06 11:05:00,157.4694,157.2500,157.3999,157.3200,26480809,84418
2018-02-06 11:06:00,157.8600,157.3100,157.3200,157.7400,26617709,101261
2018-02-06 11:07:00,157.8300,157.2100,157.7172,157.2100,26682003,53318
2018-02-06 11:08:00,157.6200,157.1900,157.2500,157.5000,26744215,51013
2018-02-06 11:09:00,157.6100,156.8101,157.5100,156.8599,26879989,117384
2018-02-06 11:10:00,157.2000,156.5000,156.8500,157.1484,27015988,121274
2018-02-06 11:11:00,157.2500,156.9000,157.1900,157.1700,27117151,90002
2018-02-06 11:12:00,157.5700,157.0000,157.1740,157.2500,27205417,77985
2018-02-06 11:13:00,157.4300,156.8307,157.2700,157.1361,27276586,62562
2018-02-06 11:14:00,157.2500,156.6000,157.1710,156.6000,27384077,96308
2018-02-06 11:15:00,157.0100,156.5100,156.6000,156.7700,27495753,101789
2018-02-06 11:16:00,156.9800,156.6000,156.7700,156.8200,27640511,133999
2018-02-06 11:17:00,157.0300,156.6500,156.7900,156.9900,27768761,115731
2018-02-06 11:18:00,157.2500,156.6100,157.0100,156.8100,27918378,139719
2018-02-06 11:19:00,157.2200,156.6600,156.8145,157.2200,28023766,95259
2018-02-06 11:20:00,157.6000,157.0700,157.2200,157.6000,28194109,159069
2018-02-06 11:21:00,157.8200,157.3700,157.6000,157.6600,28329925,122980
2018-02-06 11:22:00,158.0000,157.6600,157.7250,157.9800,28477593,131021
2018-02-06 11:23:00,158.2000,157.9000,158.0100,158.0746,28580300,91698
2018-02-06 11:24:00,158.3000,157.8700,158.1100,158.1001,28710980,116486
2018-02-06 11:25:00,158.3200,157.9400,158.1400,158.1100,28814960,92778
2018-02-06 11:26:00,158.1400,157.1274,158.1400,157.3500,28966675,138278
2018-02-06 11:27:00,158.1292,157.3700,157.4293,157.9060,29062257,85814
2018-02-06 11:28:00,158.0354,157.4000,157.8900,157.9700,29138139,67114
2018-02-06 11:29:00,158.1300,157.8300,157.9500,157.9900,29227628,78857
2018-02-06 11:30:00,157.9900,157.5100,157.9857,157.6924,29348875,108033
2018-02-06 11:31:00,157.7199,157.4700,157.6800,157.5490,29434402,75340
2018-02-06 11:32:00,157.6800,157.0200,157.5250,157.0700,29531892,84500
2018-02-06 11:33:00,157.4599,157.0000,157.0700,157.3100,29620300,79052
2018-02-06 11:34:00,157.3200,157.0000,157.2700,157.0100,29684946,51344
2018-02-06 11:35:00,157.2500,156.7500,157.0100,156.9811,29818964,117506
2018-02-06 11:36:00,157.1300,156.8590,157.0000,157.1300,29892078,66343
2018-02-06 11:37:00,157.5700,157.0700,157.0800,157.1500,29997308,94974
2018-02-06 11:38:00,157.4200,157.1200,157.1990,157.1655,30060661,51555
2018-02-06 11:39:00,157.6799,157.1100,157.1600,157.5100,30109077,39961
2018-02-06 11:40:00,157.6200,157.3501,157.6200,157.4900,30162384,44046
2018-02-06 11:41:00,157.8600,157.4800,157.4900,157.8600,30249762,80644
2018-02-06 11:42:00,158.0000,157.7000,157.8600,157.8072,30338551,79951
2018-02-06 11:43:00,157.8800,157.4600,157.8200,157.6396,30416022,68204
2018-02-06 11:44:00,157.9400,157.5200,157.6184,157.8345,30468252,45417
2018-02-06 11:45:00,158.1500,157.7000,157.8300,158.0530,30567088,89957
2018-02-06 11:46:00,158.1400,157.7953,158.0800,158.0444,30647794,72441
2018-02-06 11:47:00,158.5000,157.8400,158.0700,157.9900,30827991,166910
2018-02-06 11:48:00,158.1000,157.8700,158.0172,157.9601,30885172,50792
2018-02-06 11:49:00,158.1900,157.8501,158.0000,158.0948,30971768,78816
2018-02-06 11:50:00,158.4900,158.0200,158.1100,158.3715,31079449,98355
2018-02-06 11:51:00,158.6960,158.3434,158.3434,158.5450,31199639,110038
2018-02-06 11:52:00,158.9600,158.5400,158.5500,158.8801,31288897,78997
2018-02-06 11:53:00,158.9900,158.8100,158.9000,158.9100,31399837,83996
2018-02-06 11:54:00,159.2500,158.8800,158.8950,159.2299,31525496,111970
2018-02-06 11:55:00,159.2300,158.4000,159.2000,158.5900,31630029,93647
2018-02-06 11:56:00,159.1800,158.5900,158.5900,159.1800,31697303,58043
2018-02-06 11:57:00,159.4000,159.1100,159.1900,159.2609,31815272,109097
2018-02-06 11:58:00,159.3600,158.9100,159.2410,158.9700,31908037,83636
2018-02-06 11:59:00,159.0700,158.5200,158.9706,158.6100,32000130,84214
2018-02-06 12:00:00,158.6300,158.4300,158.6200,158.5400,32078571,68686
2018-02-06 12:01:00,159.0000,158.5000,158.5600,158.9500,32178833,91538
2018-02-06 12:02:00,159.1000,158.6500,158.9400,158.9100,32271339,82948
2018-02-06 12:03:00,159.1900,158.7995,158.9300,158.9475,32348687,68562
2018-02-06 12:04:00,159.1900,158.9200,158.9700,159.0675,32445156,75246
2018-02-06 12:05:00,159.2100,159.0300,159.0800,159.0600,32526783,71773
2018-02-06 12:06:00,159.3100,159.0500,159.0500,159.2595,32638113,99965
2018-02-06 12:07:00,159.6700,159.2300,159.2400,159.6312,32785467,133130
2018-02-06 12:08:00,159.8500,159.4900,159.6200,159.7700,32943303,141913
2018-02-06 12:09:00,159.8900,159.7300,159.7500,159.8228,33047267,92628
2018-02-06 12:10:00,159.8900,159.6300,159.8700,159.7000,33142057,84277
2018-02-06 12:11:00,159.7600,159.5000,159.7000,159.6772,33257331,103947
2018-02-06 12:12:00,159.7000,159.3900,159.6780,159.5200,33380148,109147
2018-02-06 12:13:00,159.7500,159.3800,159.4900,159.7300,33482454,93440
2018-02-06 12:14:00,159.9800,159.6400,159.7300,159.9700,33591371,97306
2018-02-06 12:15:00,160.1500,159.9400,159.9890,160.0300,33852491,241814
2018-02-06 12:16:00,160.5400,160.0400,160.0500,160.5400,34025267,155237
2018-02-06 12:17:00,160.5700,160.1000,160.5100,160.1200,34155408,116708
2018-02-06 12:18:00,160.2600,159.7500,160.1100,159.7800,34277850,111718
2018-02-06 12:19:00,159.8600,159.5400,159.8196,159.6345,34361683,74082
2018-02-06 12:20:00,159.7800,159.3100,159.6700,159.7000,34456382,83235
2018-02-06 12:21:00,159.8210,159.5600,159.7100,159.5600,34560721,95398
2018-02-06 12:22:00,159.7590,159.3100,159.5940,159.3700,34639004,69811
2018-02-06 12:23:00,159.5200,159.0900,159.4193,159.1060,34737241,89221
2018-02-06 12:24:00,159.4200,159.1300,159.1300,159.3302,34818387,72083
2018-02-06 12:25:00,159.6499,159.3000,159.3500,159.4800,34902130,76543
2018-02-06 12:26:00,159.5700,159.3210,159.4800,159.4400,34978413,68391
2018-02-06 12:27:00,159.7700,159.4250,159.4400,159.6592,35078569,89667
2018-02-06 12:28:00,160.0700,159.6400,159.6500,160.0300,35209703,111892
2018-02-06 12:29:00,160.1600,159.9000,160.0300,160.1600,35316782,95851
2018-02-06 12:30:00,160.4500,160.0002,160.1500,160.4200,35442540,113285
2018-02-06 12:31:00,160.6800,160.3368,160.4400,160.5200,35582717,127960
2018-02-06 12:32:00,160.4999,160.1001,160.4900,160.1001,35675185,79196
2018-02-06 12:33:00,160.4000,160.0500,160.1300,160.2300,35791371,105931
2018-02-06 12:34:00,160.2900,160.1000,160.2300,160.2300,35849938,48863
2018-02-06 12:35:00,160.3000,160.0300,160.2200,160.2300,35945628,86882
2018-02-06 12:36:00,160.2400,159.9400,160.2200,160.0600,36059691,102320
2018-02-06 12:37:00,160.2200,159.9600,160.0700,160.0000,36141461,72335
2018-02-06 12:38:00,160.2000,159.8800,160.0300,160.1400,36238687,84472
2018-02-06 12:39:00,160.7805,160.1400,160.1400,160.7805,36359700,107193
2018-02-06 12:40:00,160.8917,160.5700,160.7900,160.8600,36492862,118870
2018-02-06 12:41:00,160.8800,160.4600,160.8600,160.7900,36620418,112132
2018-02-06 12:42:00,160.8800,160.6000,160.8000,160.7350,36762254,120157
2018-02-06 12:43:00,160.8000,160.6000,160.7376,160.6300,36856132,83156
2018-02-06 12:44:00,160.6900,160.3400,160.6580,160.6400,36968674,100702
2018-02-06 12:45:00,160.8400,160.4600,160.6100,160.4800,37092063,109757
2018-02-06 12:46:00,160.5800,160.1130,160.4899,160.1130,37193482,91308
2018-02-06 12:47:00,160.5200,160.0600,160.1500,160.4350,37314562,108487
2018-02-06 12:48:00,160.5000,160.1200,160.4200,160.2750,37392693,64064
2018-02-06 12:49:00,160.3300,160.1500,160.2851,160.2200,37477004,73574
2018-02-06 12:50:00,160.2300,159.9300,160.2100,160.0400,37590440,101153
2018-02-06 12:51:00,160.2000,159.9200,160.0600,160.1500,37656368,56702
2018-02-06 12:52:00,160.1400,159.6000,160.1400,159.7300,37759267,90838
2018-02-06 12:53:00,159.8150,159.3300,159.7400,159.6000,37862797,93935
2018-02-06 12:54:00,160.1000,159.6000,159.6200,160.0700,38012643,137273
2018-02-06 12:55:00,160.1200,159.8800,160.1000,160.0300,38110578,89790
2018-02-06 12:56:00,160.3600,159.9600,160.0200,160.2450,38215216,93476
2018-02-06 12:57:00,160.3500,160.1100,160.2305,160.3200,38329999,105024
2018-02-06 12:58:00,160.3700,160.0900,160.3200,160.2300,38428301,88508
2018-02-06 12:59:00,160.3800,160.0900,160.2300,160.2800,38511054,74105
2018-02-06 13:00:00,160.6700,160.3100,160.3200,160.5330,38640796,117400
2018-02-06 13:01:00,160.5400,160.0400,160.5100,160.0700,38766937,115738
2018-02-06 13:02:00,160.1200,159.8600,160.1100,160.0400,38847232,71079
2018-02-06 13:03:00,160.2090,159.5000,160.0200,159.5448,38958842,101723
2018-02-06 13:04:00,159.9200,159.3000,159.5100,159.4000,39113492,141928
2018-02-06 13:05:00,159.9500,159.4700,159.4700,159.8600,39186482,65928
2018-02-06 13:06:00,160.1554,159.6000,159.9200,159.7950,39262829,67927
2018-02-06 13:07:00,160.2600,159.7000,159.7700,160.0300,39383034,110669
2018-02-06 13:08:00,160.0700,159.8300,160.0400,159.9600,39435260,45483
2018-02-06 13:09:00,159.9700,159.5200,159.9700,159.7002,39517617,73825
2018-02-06 13:10:00,159.7200,159.3600,159.7200,159.3600,39606824,79682
2018-02-06 13:11:00,159.7500,159.2300,159.3400,159.5600,39723913,93754
2018-02-06 13:12:00,159.8600,159.4600,159.6300,159.5200,39792234,61279
2018-02-06 13:13:00,159.8700,159.5000,159.5300,159.8700,39852715,53467
2018-02-06 13:14:00,160.2600,159.7886,159.8600,160.2500,39940668,78115
2018-02-06 13:15:00,160.2500,160.0400,160.2300,160.1000,40007124,60268
2018-02-06 13:16:00,160.2400,159.9100,160.1200,160.1156,40060309,45411
2018-02-06 13:17:00,160.2386,160.0000,160.1155,160.1100,40120968,54544
2018-02-06 13:18:00,160.3500,160.0200,160.0900,160.2901,40200083,60690
2018-02-06 13:19:00,160.4200,160.1900,160.3200,160.3500,40274206,67049
2018-02-06 13:20:00,160.4900,160.2200,160.3800,160.3500,40403629,84356
2018-02-06 13:21:00,160.7200,160.3600,160.3600,160.4300,40537320,123198
2018-02-06 13:22:00,160.5000,160.1300,160.4400,160.3900,40620541,75750
2018-02-06 13:23:00,160.5900,160.2700,160.3900,160.3200,40676250,49623
2018-02-06 13:24:00,160.3700,160.0200,160.3100,160.3000,40746666,64498
2018-02-06 13:25:00,160.3400,160.0100,160.3400,160.0699,40806356,53702
2018-02-06 13:26:00,160.4300,160.0200,160.0500,160.4300,40861055,48171
2018-02-06 13:27:00,160.4500,160.2600,160.4400,160.2792,40914058,45455
2018-02-06 13:28:00,160.3600,160.1300,160.3000,160.2300,40974146,53135
2018-02-06 13:29:00,160.2999,160.1100,160.2100,160.1700,41020356,39058
2018-02-06 13:30:00,160.5400,160.1500,160.1600,160.5000,41101313,70661
2018-02-06 13:31:00,160.5400,160.2400,160.4700,160.2400,41201051,91597
2018-02-06 13:32:00,160.3200,159.9400,160.2200,159.9700,41345808,133836
2018-02-06 13:33:00,160.2800,159.9600,159.9850,160.0900,41419339,67237
2018-02-06 13:34:00,160.2400,159.7600,160.1100,159.9100,41519995,92163
2018-02-06 13:35:00,159.9700,159.5500,159.9200,159.7600,41593090,65174
2018-02-06 13:36:00,159.9099,159.6011,159.7300,159.8700,41666671,66762
2018-02-06 13:37:00,160.1600,159.8100,159.8500,160.0380,41725637,51363
2018-02-06 13:38:00,160.1700,159.9100,160.0013,160.1600,41785071,52687
2018-02-06 13:39:00,160.2100,159.8520,160.1600,160.0401,41853684,61791
2018-02-06 13:40:00,160.1400,159.8900,160.0600,160.0100,41905906,47552
2018-02-06 13:41:00,160.1800,159.9500,160.0155,159.9798,41989950,76344
2018-02-06 13:42:00,160.0000,159.7600,159.9700,159.9800,42052910,53711
2018-02-06 13:43:00,159.9700,159.7500,159.9600,159.8100,42121893,61156
2018-02-06 13:44:00,159.9600,159.7100,159.8400,159.9483,42180993,53368
2018-02-06 13:45:00,160.0000,159.8000,159.9400,159.8600,42239797,50765
2018-02-06 13:46:00,159.8900,159.5900,159.8800,159.6500,42298930,50506
2018-02-06 13:47:00,159.9800,159.6000,159.6700,159.9400,42388403,80697
2018-02-06 13:48:00,159.9400,159.6300,159.9200,159.7300,42454152,58573
2018-02-06 13:49:00,159.7600,159.3000,159.7200,159.3200,42558512,95640
2018-02-06 13:50:00,159.4700,159.2100,159.3100,159.4100,42654978,89355
2018-02-06 13:51:00,159.4800,159.1200,159.4300,159.1200,42732941,69663
2018-02-06 13:52:00,159.1800,158.9900,159.1200,159.0300,42856410,108507
2018-02-06 13:53:00,159.2536,158.9800,159.0400,159.1500,42935575,70653
2018-02-06 13:54:00,159.2300,159.0200,159.1615,159.1400,43013754,72040
2018-02-06 13:55:00,159.3000,159.0200,159.1300,159.0400,43079705,60032
2018-02-06 13:56:00,159.3100,158.9950,159.0400,159.1400,43180459,93076
2018-02-06 13:57:00,159.4000,159.1400,159.1400,159.3600,43276278,88604
2018-02-06 13:58:00,159.4300,159.0800,159.4000,159.1500,43410667,126187
2018-02-06 13:59:00,159.5300,159.0900,159.1500,159.4650,43523154,103869
2018-02-06 14:00:00,159.6400,159.2600,159.4700,159.2899,43625186,94456
2018-02-06 14:01:00,159.6100,159.1900,159.2648,159.4801,43708858,77795
2018-02-06 14:02:00,159.6500,159.4000,159.5000,159.5300,43794528,78836
2018-02-06 14:03:00,159.7300,159.5000,159.5400,159.5001,43857900,56464
2018-02-06 14:04:00,159.7400,159.5100,159.5400,159.6600,43917383,52848
2018-02-06 14:05:00,159.7500,159.4800,159.6700,159.5248,43987939,61286
2018-02-06 14:06:00,159.6042,159.3900,159.5400,159.4000,44084409,88691
2018-02-06 14:07:00,159.4600,159.2200,159.4200,159.4000,44142029,49980
2018-02-06 14:08:00,159.4302,159.2400,159.4000,159.3500,44202558,55306
2018-02-06 14:09:00,159.3824,159.1600,159.3600,159.1650,44273726,63446
2018-02-06 14:10:00,159.2100,158.9700,159.1800,159.1100,44379673,93074
2018-02-06 14:11:00,159.7500,159.0200,159.1000,159.4600,44512831,121161
2018-02-06 14:12:00,159.9400,159.4900,159.4900,159.8400,44609380,86670
2018-02-06 14:13:00,159.9200,159.6493,159.8700,159.8199,44694593,76888
2018-02-06 14:14:00,159.8600,159.6800,159.8199,159.8200,44746229,45303
2018-02-06 14:15:00,160.1299,159.7700,159.8300,159.7950,44851902,95072
2018-02-06 14:16:00,159.8100,159.2500,159.8000,159.4600,44945869,84012
2018-02-06 14:17:00,159.8100,159.4400,159.4500,159.5351,45005477,51800
2018-02-06 14:18:00,159.5600,159.3300,159.5300,159.3500,45141934,95552
2018-02-06 14:19:00,159.3500,159.1100,159.3300,159.2300,45228338,77861
2018-02-06 14:20:00,159.3500,159.0000,159.2300,159.0100,45356457,116012
2018-02-06 14:21:00,159.0600,158.7500,158.9900,159.0200,45469734,102550
2018-02-06 14:22:00,159.3800,159.0400,159.0500,159.1900,45563048,83661
2018-02-06 14:23:00,159.1900,158.9100,159.1900,158.9200,45669933,93043
2018-02-06 14:24:00,159.0500,158.8200,158.9428,158.9596,45743891,62174
2018-02-06 14:25:00,158.9900,158.7642,158.9400,158.8332,45831597,76152
2018-02-06 14:26:00,158.8500,158.6100,158.8498,158.7000,45928273,82494
2018-02-06 14:27:00,158.9600,158.6900,158.7200,158.7780,46016495,80047
2018-02-06 14:28:00,158.8700,158.6700,158.7900,158.8700,46062381,39585
2018-02-06 14:29:00,159.0100,158.7650,158.8750,158.8600,46136507,66480
2018-02-06 14:30:00,159.0000,158.7500,158.8400,158.8900,46184173,41076
2018-02-06 14:31:00,158.9200,158.6200,158.9000,158.7300,46234094,44049
2018-02-06 14:32:00,158.9600,158.7100,158.7200,158.9150,46332569,68634
2018-02-06 14:33:00,159.4999,158.8700,158.9200,159.3300,46448625,104464
2018-02-06 14:34:00,159.4000,159.1900,159.3600,159.3000,46534983,70656
2018-02-06 14:35:00,159.4800,159.2500,159.2800,159.4700,46612667,63518
2018-02-06 14:36:00,160.0943,159.4600,159.4900,159.9000,46761488,131117
2018-02-06 14:37:00,160.0700,159.6000,159.9200,159.8700,46891668,122165
2018-02-06 14:38:00,159.9600,159.7200,159.8700,159.7500,46968721,69476
2018-02-06 14:39:00,160.1000,159.7500,159.8000,160.0900,47041868,64023
2018-02-06 14:40:00,160.1300,159.8600,160.1000,160.0000,47117019,67059
2018-02-06 14:41:00,160.2700,159.9701,159.9800,160.1750,47219587,91765
2018-02-06 14:42:00,160.1800,160.0000,160.1750,160.0399,47287919,62172
2018-02-06 14:43:00,160.2210,160.0300,160.0600,160.2210,47362611,68098
2018-02-06 14:44:00,160.3000,160.1200,160.2300,160.1900,47471256,98263
2018-02-06 14:45:00,160.5100,160.1700,160.2050,160.5000,47608366,125833
2018-02-06 14:46:00,160.6599,160.4100,160.5024,160.6100,47766246,146706
2018-02-06 14:47:00,160.8600,160.5900,160.6300,160.8000,47964886,182443
2018-02-06 14:48:00,160.9800,160.6700,160.8200,160.9000,48650184,174332
2018-02-06 14:49:00,161.0000,160.6900,160.9200,160.6900,48841151,178915
2018-02-06 14:50:00,160.8150,160.5400,160.6700,160.7820,49011818,161593
2018-02-06 14:51:00,161.0000,160.7740,160.7800,160.8750,49171518,145855
2018-02-06 14:52:00,160.9800,160.7100,160.8900,160.8448,49379573,194827
2018-02-06 14:53:00,160.8650,160.5200,160.8466,160.7700,49531033,137833
2018-02-06 14:54:00,160.9400,160.7600,160.7700,160.9100,49659705,120660
2018-02-06 14:55:00,161.3400,160.8700,160.9100,161.3300,50062161,373579
2018-02-06 14:56:00,161.6000,161.2562,161.3400,161.5700,50335558,240264
2018-02-06 14:57:00,161.6300,161.2100,161.5900,161.2300,50545325,195093
2018-02-06 14:58:00,161.5900,161.1400,161.2840,161.5753,50801896,243444
2018-02-06 14:59:00,161.8800,161.5100,161.6000,161.8800,50996527,176358
2018-02-06 15:00:00,161.9600,161.7300,161.8200,161.7800,51175628,165329
2018-02-06 15:01:00,162.0000,161.7100,161.8300,161.7400,51356355,163534
2018-02-06 15:02:00,162.0400,161.7000,161.7600,161.9800,51745533,342930
2018-02-06 15:03:00,162.2000,161.8200,161.9538,161.9780,51905044,143191
2018-02-06 15:04:00,162.0824,161.7500,161.9780,161.9600,52047512,130728
2018-02-06 15:05:00,162.4600,161.8600,161.9500,162.4100,52246016,179412
2018-02-06 15:06:00,162.6199,162.1600,162.4299,162.4400,52445534,170158
2018-02-06 15:07:00,162.6600,162.2900,162.4700,162.5100,52787112,176366
2018-02-06 15:08:00,162.8700,162.4977,162.5166,162.7700,52965456,159186
2018-02-06 15:09:00,162.9000,162.5000,162.7500,162.7000,53173555,192678
2018-02-06 15:10:00,162.8600,162.6000,162.7260,162.8350,53345584,152331
2018-02-06 15:11:00,162.8900,162.2800,162.8450,162.3700,53624410,247919
2018-02-06 15:12:00,162.4700,162.1300,162.3900,162.1800,53864034,197815
2018-02-06 15:13:00,162.3400,162.0400,162.1800,162.1700,54012413,137274
2018-02-06 15:14:00,162.3800,162.1000,162.1600,162.1829,54144025,116678
2018-02-06 15:15:00,162.2300,161.7100,162.1800,161.7400,54350776,190536
2018-02-06 15:16:00,162.2890,161.7400,161.7400,162.2050,54582840,213335
2018-02-06 15:17:00,162.3200,162.1400,162.2350,162.1500,54692455,97838
2018-02-06 15:18:00,162.3900,162.1100,162.1300,162.2300,54785049,82212
2018-02-06 15:19:00,162.3100,161.9577,162.2400,161.9650,54883628,88165
2018-02-06 15:20:00,162.1400,161.7800,161.9600,162.1400,54998901,102715
2018-02-06 15:21:00,162.5400,162.0400,162.1800,162.3800,55179507,160515
2018-02-06 15:22:00,162.7100,162.3900,162.4100,162.5590,55335240,139219
2018-02-06 15:23:00,162.6100,161.7500,162.5600,161.7996,55487979,136866
2018-02-06 15:24:00,162.0093,161.7000,161.8150,161.8449,55615512,114476
2018-02-06 15:25:00,162.0700,161.5300,161.8900,161.8000,55756426,129682
2018-02-06 15:26:00,162.4900,161.8200,161.8200,162.4401,55882325,113046
2018-02-06 15:27:00,162.6500,162.3000,162.4800,162.5950,56030451,130170
2018-02-06 15:28:00,162.7400,162.4400,162.5900,162.6300,56153738,110458
2018-02-06 15:29:00,162.8300,162.5900,162.6300,162.6350,56280213,114643
2018-02-06 15:30:00,162.8800,162.5900,162.6350,162.8500,56416911,121187
2018-02-06 15:31:00,162.8600,162.4000,162.8500,162.6200,56579562,144606
2018-02-06 15:32:00,162.7800,162.1802,162.6200,162.7600,56731689,137145
2018-02-06 15:33:00,162.8700,162.6738,162.7700,162.8700,57210608,118288
2018-02-06 15:34:00,163.1900,162.8300,162.8700,163.1500,57511960,272992
2018-02-06 15:35:00,163.2900,163.0700,163.1800,163.0900,57697093,166660
2018-02-06 15:36:00,163.3000,162.9100,163.0900,163.2600,57929795,192114
2018-02-06 15:37:00,163.5000,163.2600,163.2600,163.4492,58133554,184274
2018-02-06 15:38:00,163.7200,163.4400,163.4600,163.5600,58377306,225801
2018-02-06 15:39:00,163.6300,163.3500,163.5700,163.4600,58595848,200856
2018-02-06 15:40:00,163.5000,163.2900,163.4700,163.3500,58856498,195122
2018-02-06 15:41:00,163.4900,163.3200,163.3700,163.4700,59091146,214188
2018-02-06 15:42:00,163.4900,163.0900,163.4600,163.4200,59400872,293400
2018-02-06 15:43:00,163.4699,163.3600,163.4400,163.4250,59656459,239904
2018-02-06 15:44:00,163.4256,163.2000,163.4249,163.2400,59825741,153339
2018-02-06 15:45:00,163.2500,162.9300,163.2500,162.9500,60030951,186022
2018-02-06 15:46:00,163.1800,162.9200,162.9500,163.1000,60268275,217004
2018-02-06 15:47:00,163.1000,162.8200,163.1000,162.8500,60431560,143510
2018-02-06 15:48:00,162.8900,162.3800,162.8600,162.5100,60627581,177584
2018-02-06 15:49:00,162.5600,162.3100,162.5200,162.5500,60769218,116823
2018-02-06 15:50:00,162.7500,162.2000,162.5500,162.2299,60994015,204807
2018-02-06 15:51:00,162.5800,162.2000,162.2100,162.5800,61154482,143144
2018-02-06 15:52:00,162.5800,162.0400,162.5800,162.0600,61279875,102763
2018-02-06 15:53:00,162.5200,162.0300,162.0500,162.5000,61436091,144883
2018-02-06 15:54:00,162.7400,162.4600,162.5000,162.7310,61596900,132174
2018-02-06 15:55:00,162.7300,162.4700,162.7252,162.5200,61734067,121136
2018-02-06 15:56:00,162.5200,162.2000,162.5200,162.4600,61901362,148644
2018-02-06 15:57:00,162.6600,162.3800,162.4550,162.5638,62135618,213542
2018-02-06 15:58:00,162.8000,162.4800,162.5600,162.7700,62390643,237971
2018-02-06 15:59:00,162.8400,162.4400,162.7600,162.4400,62686060,252237
2018-02-06 16:00:00,163.1300,162.3000,162.4400,163.0600,63347777,603112
2018-02-07 09:31:00,163.4000,162.2600,163.0850,162.5800,1457003,1028574
2018-02-07 09:32:00,162.7500,161.7300,162.5400,161.7400,1743899,265279
2018-02-07 09:33:00,162.2300,161.4300,161.7300,161.4400,2091875,327007
2018-02-07 09:34:00,161.7400,161.3700,161.4400,161.5200,2344049,236983
2018-02-07 09:35:00,161.5600,161.1100,161.5550,161.3700,2616382,256900
2018-02-07 09:36:00,161.7800,161.1600,161.3600,161.6000,3004725,359953