2018-02-05 09:31:00,0.8677,0.8500,0.8547,0.8600,43658,38375
2018-02-05 09:32:00,0.8677,0.8500,0.8500,0.8522,52367,5485
2018-02-05 09:33:00,0.8600,0.8450,0.8522,0.8450,58370,5522
2018-02-05 09:34:00,0.8500,0.8400,0.8500,0.8400,67160,8751
2018-02-05 09:35:00,0.8470,0.8400,0.8400,0.8450,70207,2922
2018-02-05 09:36:00,0.8450,0.8400,0.8400,0.8400,71554,1300
2018-02-05 09:37:00,0.8450,0.8400,0.8400,0.8400,73017,1230
2018-02-05 09:38:00,0.8406,0.8400,0.8406,0.8400,73551,500
2018-02-05 09:39:00,0.8400,0.8195,0.8400,0.8195,81687,7979
2018-02-05 09:40:00,0.8250,0.8000,0.8100,0.8000,84555,2828
2018-02-05 09:41:00,0.8044,0.8000,0.8044,0.8044,85509,800
2018-02-05 09:42:00,0.8088,0.8000,0.8000,0.8044,92186,6575
2018-02-05 09:43:00,0.8044,0.8000,0.8000,0.8044,101919,9590
2018-02-05 09:44:00,0.8088,0.7753,0.8088,0.7758,120280,18295
2018-02-05 09:45:00,0.7938,0.7754,0.7938,0.7754,120677,352
2018-02-05 09:46:00,0.8223,0.7748,0.7753,0.8000,148932,27792
2018-02-05 09:47:00,0.8199,0.7963,0.8000,0.8199,157011,7625
2018-02-05 09:48:00,0.8084,0.7900,0.8000,0.7900,160754,3599
2018-02-05 09:49:00,0.7950,0.7900,0.7900,0.7950,161255,460
2018-02-05 09:50:00,0.7900,0.7900,0.7900,0.7900,161359,100
2018-02-05 09:51:00,0.7901,0.7900,0.7900,0.7900,162363,600
2018-02-05 09:52:00,0.7900,0.7900,0.7900,0.7900,162872,440
2018-02-05 09:53:00,0.7900,0.7800,0.7800,0.7850,173010,10036
2018-02-05 09:54:00,0.7900,0.7800,0.7850,0.7800,174115,1100
2018-02-05 09:55:00,0.7900,0.7603,0.7800,0.7603,181945,7528
2018-02-05 09:56:00,0.7702,0.7611,0.7702,0.7611,182159,200
2018-02-05 09:57:00,0.7850,0.7611,0.7611,0.7850,184295,2000
2018-02-05 09:58:00,0.7800,0.7700,0.7700,0.7800,184598,300
2018-02-05 09:59:00,0.7900,0.7800,0.7800,0.7900,185032,400
2018-02-05 10:00:00,0.8000,0.7800,0.8000,0.7800,185560,520
2018-02-05 10:01:00,0.7800,0.7800,0.7800,0.7800,185660,100
2018-02-05 10:02:00,0.7800,0.7800,0.7800,0.7800,186605,750
2018-02-05 10:03:00,0.7801,0.7800,0.7800,0.7801,187705,1100
2018-02-05 10:04:00,0.8029,0.7800,0.7800,0.7801,203218,15100
2018-02-05 10:05:00,0.8029,0.7801,0.7802,0.8029,207518,4300
2018-02-05 10:06:00,0.8029,0.7803,0.8029,0.7900,211520,3400
2018-02-05 10:07:00,0.7999,0.7808,0.7850,0.7900,224355,12800
2018-02-05 10:08:00,0.7999,0.7808,0.7808,0.7808,226655,2300
2018-02-05 10:09:00,0.7900,0.7800,0.7808,0.7808,227859,1200
2018-02-05 10:10:00,0.7900,0.7800,0.7800,0.7800,228159,300
2018-02-05 10:11:00,0.7900,0.7800,0.7800,0.7850,240004,11845
2018-02-05 10:12:00,0.7900,0.7800,0.7800,0.7851,241504,1500
2018-02-05 10:13:00,0.7854,0.7800,0.7800,0.7825,250954,9400
2018-02-05 10:14:00,0.7854,0.7800,0.7800,0.7825,251754,800
2018-02-05 10:15:00,0.7800,0.7800,0.7800,0.7800,251954,200
2018-02-05 10:16:00,0.8002,0.7801,0.7801,0.7904,254790,2800
2018-02-05 10:17:00,0.8000,0.7895,0.8000,0.7904,258250,3160
2018-02-05 10:18:00,0.7957,0.7904,0.7957,0.7904,259837,1400
2018-02-05 10:19:00,0.7904,0.7890,0.7904,0.7890,260654,500
2018-02-05 10:20:00,0.7900,0.7891,0.7891,0.7895,262899,2100
2018-02-05 10:21:00,0.7900,0.7801,0.7860,0.7900,272611,9600
2018-02-05 10:22:00,0.7850,0.7800,0.7800,0.7850,273411,400
2018-02-05 10:23:00,0.7800,0.7800,0.7800,0.7800,274011,600
2018-02-05 10:24:00,0.7900,0.7800,0.7839,0.7800,276973,2960
2018-02-05 10:25:00,0.7831,0.7809,0.7831,0.7809,277273,300
2018-02-05 10:26:00,0.7809,0.7800,0.7809,0.7800,278394,1007
2018-02-05 10:27:00,0.7855,0.7800,0.7801,0.7800,280559,2165
2018-02-05 10:28:00,0.7800,0.7800,0.7800,0.7800,281159,600
2018-02-05 10:29:00,0.7800,0.7800,0.7800,0.7800,281394,200
2018-02-05 10:30:00,0.7800,0.7800,0.7800,0.7800,284430,2898
2018-02-05 10:31:00,0.7801,0.7740,0.7800,0.7740,296464,12000
2018-02-05 10:32:00,0.7800,0.7740,0.7800,0.7800,297284,800
2018-02-05 10:33:00,0.7801,0.7740,0.7740,0.7740,307584,9800
2018-02-05 10:34:00,0.7800,0.7740,0.7800,0.7800,307996,400
2018-02-05 10:35:00,0.7800,0.7800,0.7800,0.7800,308546,550
2018-02-05 10:36:00,0.7801,0.7746,0.7800,0.7801,309374,800
2018-02-05 10:37:00,0.7801,0.7800,0.7800,0.7801,310474,1100
2018-02-05 10:38:00,0.7801,0.7800,0.7801,0.7800,312574,2100
2018-02-05 10:39:00,0.7801,0.7800,0.7800,0.7800,319474,6900
2018-02-05 10:40:00,0.7801,0.7800,0.7800,0.7801,322074,2600
2018-02-05 10:41:00,0.7835,0.7800,0.7800,0.7835,331834,9600
2018-02-05 10:42:00,0.7821,0.7820,0.7820,0.7821,332286,452
2018-02-05 10:43:00,0.7848,0.7820,0.7821,0.7820,334206,1320
2018-02-05 10:44:00,0.7821,0.7820,0.7820,0.7821,334406,200
2018-02-05 10:45:00,0.7838,0.7820,0.7821,0.7825,336995,2300
2018-02-05 10:46:00,0.7838,0.7809,0.7820,0.7809,343997,6900
2018-02-05 10:47:00,0.7803,0.7800,0.7803,0.7800,370498,26500
2018-02-05 10:48:00,0.7801,0.7800,0.7800,0.7801,415648,45150
2018-02-05 10:49:00,0.7801,0.7800,0.7801,0.7801,417548,1900
2018-02-05 10:50:00,0.7802,0.7800,0.7800,0.7802,419753,2200
2018-02-05 10:51:00,0.7802,0.7800,0.7801,0.7802,420954,1200
2018-02-05 10:52:00,0.7801,0.7800,0.7801,0.7800,421787,810
2018-02-05 10:53:00,0.7800,0.7800,0.7800,0.7800,424487,1700
2018-02-05 10:54:00,0.7872,0.7789,0.7800,0.7800,449159,24500
2018-02-05 10:55:00,0.7801,0.7788,0.7800,0.7789,450637,1400
2018-02-05 10:56:00,0.7788,0.7788,0.7788,0.7788,450837,200
2018-02-05 10:57:00,0.7801,0.7788,0.7788,0.7801,453137,2200
2018-02-05 10:58:00,0.7801,0.7788,0.7788,0.7789,464325,11000
2018-02-05 10:59:00,0.7800,0.7788,0.7788,0.7800,464725,400
2018-02-05 11:00:00,0.7800,0.7788,0.7800,0.7788,465025,300
2018-02-05 11:01:00,0.7800,0.7788,0.7800,0.7788,465795,760
2018-02-05 11:02:00,0.7801,0.7788,0.7789,0.7788,466695,900
2018-02-05 11:03:00,0.7801,0.7788,0.7788,0.7801,471445,4094
2018-02-05 11:04:00,0.7801,0.7788,0.7788,0.7801,472055,600
2018-02-05 11:05:00,0.7801,0.7788,0.7801,0.7800,472855,800
2018-02-05 11:06:00,0.7801,0.7788,0.7788,0.7800,473555,700
2018-02-05 11:07:00,0.7801,0.7788,0.7800,0.7801,485155,11600
2018-02-05 11:08:00,0.7801,0.7788,0.7801,0.7788,486255,1100
2018-02-05 11:09:00,0.7788,0.7788,0.7788,0.7788,486455,200
2018-02-05 11:10:00,0.7801,0.7788,0.7801,0.7801,487488,1000
2018-02-05 11:11:00,0.7802,0.7800,0.7801,0.7802,490188,2700
2018-02-05 11:12:00,0.7802,0.7800,0.7802,0.7802,490689,500
2018-02-05 11:13:00,0.7803,0.7800,0.7802,0.7800,492689,705
2018-02-05 11:14:00,0.7955,0.7800,0.7800,0.7906,505889,13200
2018-02-05 11:15:00,0.7931,0.7901,0.7931,0.7928,509255,3366
2018-02-05 11:16:00,0.7902,0.7800,0.7901,0.7851,520694,11300
2018-02-05 11:17:00,0.7900,0.7800,0.7888,0.7900,521994,1300
2018-02-05 11:18:00,0.7888,0.7800,0.7888,0.7800,522694,700
2018-02-05 11:19:00,0.7888,0.7800,0.7888,0.7800,523369,600
2018-02-05 11:20:00,0.7901,0.7800,0.7900,0.7800,545256,21800
2018-02-05 11:21:00,0.7851,0.7800,0.7851,0.7800,545756,500
2018-02-05 11:22:00,0.7851,0.7800,0.7851,0.7851,546356,600
2018-02-05 11:23:00,0.7850,0.7800,0.7850,0.7800,547956,700
2018-02-05 11:24:00,0.7900,0.7814,0.7857,0.7814,548556,600
2018-02-05 11:25:00,0.7857,0.7804,0.7857,0.7804,548956,400
2018-02-05 11:26:00,0.7852,0.7804,0.7852,0.7804,549256,300
2018-02-05 11:27:00,0.7852,0.7800,0.7804,0.7800,551262,1900
2018-02-05 11:28:00,0.7804,0.7800,0.7804,0.7801,552165,900
2018-02-05 11:29:00,0.7801,0.7800,0.7800,0.7800,552766,600
2018-02-05 11:30:00,0.7801,0.7800,0.7800,0.7800,553266,500
2018-02-05 11:31:00,0.7801,0.7800,0.7801,0.7800,554168,900
2018-02-05 11:32:00,0.7801,0.7800,0.7800,0.7800,555268,1100
2018-02-05 11:33:00,0.7801,0.7800,0.7800,0.7801,556468,300
2018-02-05 11:34:00,0.7801,0.7800,0.7800,0.7800,557068,600
2018-02-05 11:35:00,0.7801,0.7800,0.7800,0.7800,558568,1500
2018-02-05 11:36:00,0.7801,0.7800,0.7800,0.7800,610196,51600
2018-02-05 11:38:00,0.7801,0.7800,0.7800,0.7800,611596,1300
2018-02-05 11:39:00,0.7800,0.7800,0.7800,0.7800,611996,400
2018-02-05 11:40:00,0.7801,0.7800,0.7801,0.7801,612700,700
2018-02-05 11:41:00,0.7801,0.7800,0.7800,0.7801,613100,400
2018-02-05 11:42:00,0.7801,0.7800,0.7801,0.7800,619524,6324
2018-02-05 11:43:00,0.7801,0.7800,0.7800,0.7800,624999,4275
2018-02-05 11:44:00,0.7801,0.7800,0.7800,0.7800,625899,900
2018-02-05 11:45:00,0.7801,0.7800,0.7800,0.7801,633499,7600
2018-02-05 11:46:00,0.7801,0.7800,0.7800,0.7800,633899,300
2018-02-05 11:47:00,0.7800,0.7800,0.7800,0.7800,634299,400
2018-02-05 11:48:00,0.7801,0.7800,0.7800,0.7801,635339,900
2018-02-05 11:49:00,0.7801,0.7800,0.7800,0.7800,635739,400
2018-02-05 11:50:00,0.7800,0.7800,0.7800,0.7800,636240,400
2018-02-05 11:51:00,0.7801,0.7800,0.7800,0.7801,637040,800
2018-02-05 11:52:00,0.7801,0.7800,0.7800,0.7800,637640,600
2018-02-05 11:53:00,0.7801,0.7800,0.7800,0.7800,638650,500
2018-02-05 11:54:00,0.7801,0.7800,0.7801,0.7800,639265,600
2018-02-05 11:55:00,0.7801,0.7800,0.7800,0.7801,639978,693
2018-02-05 11:56:00,0.7800,0.7800,0.7800,0.7800,640378,400
2018-02-05 11:57:00,0.7801,0.7800,0.7800,0.7800,641088,700
2018-02-05 11:58:00,0.7801,0.7800,0.7800,0.7800,643288,2200
2018-02-05 11:59:00,0.7801,0.7800,0.7800,0.7801,644938,1650
2018-02-05 12:00:00,0.7801,0.7800,0.7801,0.7800,645138,200
2018-02-05 12:01:00,0.7801,0.7800,0.7801,0.7800,645778,600
2018-02-05 12:02:00,0.7800,0.7800,0.7800,0.7800,646578,800
2018-02-05 12:03:00,0.7801,0.7800,0.7801,0.7800,648378,600
2018-02-05 12:04:00,0.7801,0.7800,0.7801,0.7800,648878,500
2018-02-05 12:05:00,0.7800,0.7800,0.7800,0.7800,652178,2800
2018-02-05 12:06:00,0.7801,0.7800,0.7801,0.7800,652681,500
2018-02-05 12:07:00,0.7800,0.7800,0.7800,0.7800,652981,300
2018-02-05 12:08:00,0.7801,0.7800,0.7800,0.7801,653301,320
2018-02-05 12:09:00,0.7801,0.7800,0.7800,0.7801,655996,2360
2018-02-05 12:10:00,0.7801,0.7800,0.7800,0.7801,656596,380
2018-02-05 12:11:00,0.7801,0.7800,0.7800,0.7801,657599,900
2018-02-05 12:12:00,0.7801,0.7800,0.7800,0.7800,679049,20395
2018-02-05 12:13:00,0.7801,0.7799,0.7800,0.7800,681249,1600
2018-02-05 12:14:00,0.7799,0.7799,0.7799,0.7799,681449,200
2018-02-05 12:15:00,0.7800,0.7800,0.7800,0.7800,682149,700
2018-02-05 12:16:00,0.7800,0.7800,0.7800,0.7800,682552,400
2018-02-05 12:17:00,0.7801,0.7800,0.7801,0.7800,683452,900
2018-02-05 12:18:00,0.7800,0.7800,0.7800,0.7800,683952,500
2018-02-05 12:19:00,0.7801,0.7800,0.7801,0.7800,684752,800
2018-02-05 12:20:00,0.7800,0.7800,0.7800,0.7800,684852,100
2018-02-05 12:21:00,0.7800,0.7800,0.7800,0.7800,685455,600
2018-02-05 12:22:00,0.7801,0.7800,0.7800,0.7801,685855,400
2018-02-05 12:23:00,0.7801,0.7799,0.7800,0.7801,690430,3275
2018-02-05 12:24:00,0.7800,0.7799,0.7800,0.7799,690830,400
2018-02-05 12:25:00,0.7801,0.7799,0.7799,0.7801,691230,400
2018-02-05 12:26:00,0.7801,0.7799,0.7799,0.7801,692233,900
2018-02-05 12:27:00,0.7801,0.7799,0.7800,0.7800,692633,400
2018-02-05 12:28:00,0.7800,0.7799,0.7799,0.7800,700973,8100
2018-02-05 12:29:00,0.7800,0.7799,0.7799,0.7800,701668,600
2018-02-05 12:30:00,0.7800,0.7799,0.7799,0.7799,702291,600
2018-02-05 12:31:00,0.7801,0.7799,0.7800,0.7800,729791,27500
2018-02-05 12:32:00,0.7801,0.7800,0.7800,0.7800,738491,8700
2018-02-05 12:33:00,0.7800,0.7799,0.7799,0.7799,739091,600
2018-02-05 12:34:00,0.7801,0.7799,0.7799,0.7801,739491,300
2018-02-05 12:35:00,0.7801,0.7799,0.7799,0.7800,740891,1000
2018-02-05 12:36:00,0.7801,0.7799,0.7801,0.7800,749125,8200
2018-02-05 12:37:00,0.7801,0.7799,0.7801,0.7799,749725,600
2018-02-05 12:38:00,0.7800,0.7799,0.7800,0.7799,750025,300
2018-02-05 12:39:00,0.7801,0.7799,0.7799,0.7799,757825,7800
2018-02-05 12:40:00,0.7801,0.7799,0.7801,0.7800,758975,1000
2018-02-05 12:41:00,0.7801,0.7799,0.7800,0.7801,760790,1700
2018-02-05 12:42:00,0.7801,0.7800,0.7800,0.7801,763266,2476
2018-02-05 12:43:00,0.7801,0.7801,0.7801,0.7801,763690,400
2018-02-05 12:44:00,0.7801,0.7801,0.7801,0.7801,763990,300
2018-02-05 12:45:00,0.7802,0.7801,0.7801,0.7802,765295,1300
2018-02-05 12:46:00,0.7802,0.7801,0.7801,0.7801,766795,403
2018-02-05 12:47:00,0.7802,0.7800,0.7800,0.7800,767695,800
2018-02-05 12:48:00,0.7801,0.7800,0.7801,0.7800,767995,300
2018-02-05 12:49:00,0.7800,0.7800,0.7800,0.7800,768295,300
2018-02-05 12:50:00,0.7801,0.7800,0.7800,0.7800,768995,700
2018-02-05 12:51:00,0.7802,0.7800,0.7800,0.7800,769898,900
2018-02-05 12:52:00,0.7802,0.7800,0.7802,0.7800,770498,600
2018-02-05 12:53:00,0.7801,0.7800,0.7800,0.7801,770998,500
2018-02-05 12:54:00,0.7802,0.7800,0.7801,0.7800,772098,1100
2018-02-05 12:55:00,0.7801,0.7800,0.7800,0.7800,772799,700
2018-02-05 12:56:00,0.7800,0.7800,0.7800,0.7800,773808,500
2018-02-05 12:57:00,0.7801,0.7800,0.7800,0.7801,774108,300
2018-02-05 12:58:00,0.7801,0.7800,0.7800,0.7801,774728,620
2018-02-05 12:59:00,0.7801,0.7800,0.7800,0.7800,775428,700
2018-02-05 13:00:00,0.7801,0.7800,0.7800,0.7800,801728,26300
2018-02-05 13:01:00,0.7801,0.7799,0.7801,0.7800,808102,6371
2018-02-05 13:02:00,0.7800,0.7799,0.7800,0.7799,808402,300
2018-02-05 13:03:00,0.7799,0.7798,0.7799,0.7798,809110,404
2018-02-05 13:04:00,0.7798,0.7797,0.7797,0.7798,809710,600
2018-02-05 13:05:00,0.7797,0.7794,0.7797,0.7794,810310,600
2018-02-05 13:06:00,0.7798,0.7722,0.7794,0.7761,820230,9494
2018-02-05 13:07:00,0.7793,0.7761,0.7793,0.7793,820530,300
2018-02-05 13:08:00,0.7761,0.7761,0.7761,0.7761,821030,500
2018-02-05 13:09:00,0.7793,0.7761,0.7761,0.7793,821330,300
2018-02-05 13:10:00,0.7801,0.7752,0.7761,0.7800,886540,65197
2018-02-05 13:11:00,0.7802,0.7799,0.7802,0.7799,887160,500
2018-02-05 13:12:00,0.7801,0.7799,0.7799,0.7799,887860,700
2018-02-05 13:13:00,0.7799,0.7799,0.7799,0.7799,888160,300
2018-02-05 13:14:00,0.7799,0.7750,0.7799,0.7750,888560,400
2018-02-05 13:15:00,0.7750,0.7750,0.7750,0.7750,888860,300
2018-02-05 13:16:00,0.7802,0.7750,0.7802,0.7750,890060,200
2018-02-05 13:17:00,0.7750,0.7750,0.7750,0.7750,890609,500
2018-02-05 13:18:00,0.7750,0.7750,0.7750,0.7750,891009,400
2018-02-05 13:19:00,0.7750,0.7750,0.7750,0.7750,891509,500
2018-02-05 13:20:00,0.7750,0.7750,0.7750,0.7750,892109,600
2018-02-05 13:21:00,0.7751,0.7750,0.7750,0.7750,892609,500
2018-02-05 13:22:00,0.7750,0.7750,0.7750,0.7750,892909,300
2018-02-05 13:23:00,0.7750,0.7738,0.7750,0.7738,893909,900
2018-02-05 13:24:00,0.7738,0.7737,0.7738,0.7738,896809,2900
2018-02-05 13:25:00,0.7737,0.7715,0.7737,0.7715,897809,1000
2018-02-05 13:26:00,0.7730,0.7715,0.7730,0.7715,898912,500
2018-02-05 13:27:00,0.7730,0.7701,0.7715,0.7701,907052,8140
2018-02-05 13:28:00,0.7702,0.7700,0.7701,0.7700,909412,2360
2018-02-05 13:29:00,0.7730,0.7700,0.7715,0.7730,929812,400
2018-02-05 13:30:00,0.7729,0.7700,0.7729,0.7700,930512,700
2018-02-05 13:32:00,0.7715,0.7700,0.7715,0.7700,931215,600
2018-02-05 13:33:00,0.7730,0.7700,0.7700,0.7730,935060,1145
2018-02-05 13:34:00,0.7715,0.7700,0.7700,0.7700,935360,300
2018-02-05 13:35:00,0.7730,0.7700,0.7700,0.7715,962885,800
2018-02-05 13:36:00,0.7730,0.7700,0.7730,0.7730,993398,10000
2018-02-05 13:37:00,0.7730,0.7700,0.7700,0.7729,1008640,1130
2018-02-05 13:38:00,0.7730,0.7729,0.7729,0.7730,1009040,400
2018-02-05 13:39:00,0.7730,0.7729,0.7730,0.7729,1019742,700
2018-02-05 13:40:00,0.7730,0.7729,0.7729,0.7729,1051167,900
2018-02-05 13:41:00,0.7729,0.7729,0.7729,0.7729,1051767,600
2018-02-05 13:42:00,0.7730,0.7729,0.7730,0.7729,1055160,1324
2018-02-05 13:43:00,0.7729,0.7720,0.7729,0.7720,1105757,9778
2018-02-05 13:44:00,0.7723,0.7720,0.7720,0.7720,1106681,600
2018-02-05 13:45:00,0.7723,0.7720,0.7720,0.7723,1108488,800
2018-02-05 13:46:00,0.7715,0.7715,0.7715,0.7715,1108898,200
2018-02-05 13:47:00,0.7716,0.7715,0.7716,0.7715,1120756,900
2018-02-05 13:48:00,0.7716,0.7715,0.7715,0.7715,1122971,900
2018-02-05 13:49:00,0.7716,0.7715,0.7716,0.7715,1133671,700
2018-02-05 13:50:00,0.7716,0.7715,0.7715,0.7716,1136225,2201
2018-02-05 13:51:00,0.7715,0.7715,0.7715,0.7715,1136529,294
2018-02-05 13:52:00,0.7715,0.7715,0.7715,0.7715,1137027,296
2018-02-05 13:53:00,0.7716,0.7710,0.7716,0.7716,1147627,500
2018-02-05 13:54:00,0.7716,0.7701,0.7716,0.7701,1155724,7169
2018-02-05 13:55:00,0.7702,0.7700,0.7700,0.7701,1159642,3910
2018-02-05 13:56:00,0.7701,0.7700,0.7701,0.7701,1201545,800
2018-02-05 13:57:00,0.7702,0.7700,0.7701,0.7702,1213345,1800
2018-02-05 13:58:00,0.7751,0.7700,0.7703,0.7751,1238045,14600
2018-02-05 13:59:00,0.7801,0.7752,0.7752,0.7801,1249145,11100
2018-02-05 14:00:00,0.7801,0.7706,0.7800,0.7746,1251557,2316
2018-02-05 14:01:00,0.7799,0.7706,0.7706,0.7706,1256077,4400
2018-02-05 14:02:00,0.7801,0.7706,0.7706,0.7800,1259397,2920
2018-02-05 14:03:00,0.7800,0.7739,0.7739,0.7800,1260077,625
2018-02-05 14:04:00,0.7801,0.7770,0.7770,0.7773,1301283,1500
2018-02-05 14:05:00,0.7800,0.7770,0.7773,0.7770,1302082,300
2018-02-05 14:06:00,0.7773,0.7770,0.7773,0.7770,1325312,2150
2018-02-05 14:07:00,0.7770,0.7770,0.7770,0.7770,1325612,300
2018-02-05 14:08:00,0.7765,0.7755,0.7765,0.7755,1326178,429
2018-02-05 14:09:00,0.7755,0.7750,0.7754,0.7750,1328959,1100
2018-02-05 14:10:00,0.7749,0.7744,0.7749,0.7744,1329559,600
2018-02-05 14:11:00,0.7749,0.7744,0.7744,0.7744,1330237,674
2018-02-05 14:12:00,0.7749,0.7739,0.7749,0.7749,1330637,400
2018-02-05 14:13:00,0.7739,0.7732,0.7739,0.7732,1331637,1000
2018-02-05 14:14:00,0.7732,0.7700,0.7732,0.7700,1356304,4600
2018-02-05 14:15:00,0.7701,0.7700,0.7700,0.7700,1358621,700
2018-02-05 14:16:00,0.7701,0.7700,0.7700,0.7700,1360521,700
2018-02-05 14:17:00,0.7701,0.7700,0.7700,0.7700,1360921,400
2018-02-05 14:18:00,0.7701,0.7700,0.7700,0.7700,1361621,700
2018-02-05 14:19:00,0.7701,0.7700,0.7700,0.7700,1362221,600
2018-02-05 14:20:00,0.7701,0.7700,0.7700,0.7701,1366835,600
2018-02-05 14:21:00,0.7701,0.7700,0.7700,0.7700,1400425,7600
2018-02-05 14:22:00,0.7701,0.7700,0.7700,0.7701,1400875,400
2018-02-05 14:23:00,0.7701,0.7700,0.7700,0.7701,1421875,1000
2018-02-05 14:24:00,0.7701,0.7700,0.7701,0.7700,1422523,600
2018-02-05 14:25:00,0.7701,0.7700,0.7701,0.7700,1422735,200
2018-02-05 14:26:00,0.7701,0.7700,0.7700,0.7701,1424052,400
2018-02-05 14:27:00,0.7700,0.7700,0.7700,0.7700,1424255,200
2018-02-05 14:28:00,0.7701,0.7700,0.7700,0.7701,1428596,700
2018-02-05 14:29:00,0.7701,0.7700,0.7701,0.7701,1433424,1100
2018-02-05 14:30:00,0.7701,0.7700,0.7700,0.7700,1434223,799
2018-02-05 14:31:00,0.7701,0.7700,0.7701,0.7700,1445027,700
2018-02-05 14:32:00,0.7700,0.7700,0.7700,0.7700,1445737,500
2018-02-05 14:33:00,0.7701,0.7700,0.7701,0.7700,1446337,500
2018-02-05 14:34:00,0.7700,0.7700,0.7700,0.7700,1446537,200
2018-02-05 14:35:00,0.7701,0.7700,0.7701,0.7700,1448081,500
2018-02-05 14:36:00,0.7700,0.7700,0.7700,0.7700,1449785,300
2018-02-05 14:37:00,0.7701,0.7700,0.7701,0.7700,1450485,700
2018-02-05 14:38:00,0.7701,0.7700,0.7701,0.7701,1451985,1500
2018-02-05 14:39:00,0.7701,0.7700,0.7701,0.7700,1462885,900
2018-02-05 14:40:00,0.7701,0.7700,0.7701,0.7700,1463289,400
2018-02-05 14:41:00,0.7701,0.7700,0.7701,0.7700,1464389,1100
2018-02-05 14:42:00,0.7701,0.7700,0.7700,0.7700,1464989,596
2018-02-05 14:43:00,0.7700,0.7700,0.7700,0.7700,1466006,1000
2018-02-05 14:44:00,0.7701,0.7700,0.7700,0.7700,1476789,700
2018-02-05 14:45:00,0.7700,0.7700,0.7700,0.7700,1477689,900
2018-02-05 14:46:00,0.7701,0.7700,0.7700,0.7701,1479543,500
2018-02-05 14:47:00,0.7700,0.7700,0.7700,0.7700,1484070,800
2018-02-05 14:48:00,0.7701,0.7700,0.7700,0.7701,1496970,900
2018-02-05 14:49:00,0.7701,0.7700,0.7700,0.7701,1497660,690
2018-02-05 14:50:00,0.7800,0.7700,0.7700,0.7745,1536600,18840
2018-02-05 14:51:00,0.7746,0.7745,0.7745,0.7745,1575712,1900
2018-02-05 14:52:00,0.7800,0.7734,0.7745,0.7800,1604730,21000
2018-02-05 14:53:00,0.7733,0.7733,0.7733,0.7733,1605230,500
2018-02-05 14:54:00,0.7729,0.7729,0.7729,0.7729,1605330,100
2018-02-05 14:55:00,0.7799,0.7732,0.7799,0.7750,1605970,500
2018-02-05 14:56:00,0.7800,0.7750,0.7800,0.7750,1617070,10596
2018-02-05 14:57:00,0.7775,0.7750,0.7775,0.7750,1619585,2500
2018-02-05 14:58:00,0.7750,0.7750,0.7750,0.7750,1623926,700
2018-02-05 14:59:00,0.7751,0.7729,0.7750,0.7729,1634751,10740
2018-02-05 15:00:00,0.7751,0.7705,0.7751,0.7705,1635151,400
2018-02-05 15:01:00,0.7748,0.7705,0.7705,0.7748,1636151,1000
2018-02-05 15:02:00,0.7712,0.7705,0.7706,0.7705,1636551,400
2018-02-05 15:03:00,0.7706,0.7706,0.7706,0.7706,1636651,100
2018-02-05 15:04:00,0.7751,0.7705,0.7705,0.7706,1639497,2340
2018-02-05 15:05:00,0.7706,0.7705,0.7705,0.7706,1640001,500
2018-02-05 15:06:00,0.7705,0.7705,0.7705,0.7705,1644251,1100
2018-02-05 15:07:00,0.7705,0.7705,0.7705,0.7705,1644451,200
2018-02-05 15:08:00,0.7705,0.7704,0.7705,0.7705,1644851,400
2018-02-05 15:09:00,0.7705,0.7704,0.7704,0.7704,1646051,1200
2018-02-05 15:10:00,0.7703,0.7703,0.7703,0.7703,1646851,800
2018-02-05 15:11:00,0.7701,0.7700,0.7700,0.7701,1647651,700
2018-02-05 15:12:00,0.7701,0.7700,0.7700,0.7701,1657951,300
2018-02-05 15:13:00,0.7701,0.7700,0.7701,0.7701,1669466,1500
2018-02-05 15:14:00,0.7701,0.7700,0.7701,0.7701,1691646,2180
2018-02-05 15:15:00,0.7702,0.7700,0.7701,0.7702,1710648,1500
2018-02-05 15:16:00,0.7701,0.7701,0.7701,0.7701,1740795,600
2018-02-05 15:17:00,0.7701,0.7700,0.7701,0.7701,1744053,2300
2018-02-05 15:18:00,0.7706,0.7700,0.7702,0.7706,1768487,4434
2018-02-05 15:19:00,0.7700,0.7700,0.7700,0.7700,1768787,300
2018-02-05 15:20:00,0.7711,0.7700,0.7703,0.7711,1770887,2100
2018-02-05 15:21:00,0.7701,0.7700,0.7701,0.7701,1821887,1000
2018-02-05 15:22:00,0.7701,0.7700,0.7701,0.7701,1900174,52000
2018-02-05 15:23:00,0.7701,0.7700,0.7701,0.7700,1912587,1200
2018-02-05 15:24:00,0.7701,0.7700,0.7700,0.7700,1913187,600
2018-02-05 15:25:00,0.7701,0.7700,0.7700,0.7701,1913487,300
2018-02-05 15:26:00,0.7701,0.7700,0.7700,0.7700,1917055,1910
2018-02-05 15:27:00,0.7700,0.7700,0.7700,0.7700,1917355,300
2018-02-05 15:28:00,0.7752,0.7700,0.7701,0.7708,1923611,6200
2018-02-05 15:29:00,0.7756,0.7707,0.7708,0.7707,1933211,9600
2018-02-05 15:30:00,0.7708,0.7707,0.7708,0.7707,1934011,700
2018-02-05 15:31:00,0.7752,0.7708,0.7708,0.7752,1935811,800
2018-02-05 15:32:00,0.7797,0.7707,0.7797,0.7797,1937311,1500
2018-02-05 15:33:00,0.7748,0.7707,0.7707,0.7708,1939411,1800
2018-02-05 15:34:00,0.7708,0.7707,0.7708,0.7707,1940912,1500
2018-02-05 15:35:00,0.7716,0.7707,0.7708,0.7707,1944127,3200
2018-02-05 15:36:00,0.7716,0.7707,0.7716,0.7708,1945627,1200
2018-02-05 15:37:00,0.7708,0.7707,0.7708,0.7708,1947227,1500
2018-02-05 15:38:00,0.7714,0.7707,0.7708,0.7707,1950183,2419
2018-02-05 15:39:00,0.7857,0.7785,0.7785,0.7857,1963882,13490
2018-02-05 15:40:00,0.7857,0.7856,0.7856,0.7857,1973882,10000
2018-02-05 15:41:00,0.7955,0.7857,0.7857,0.7955,1981794,5900
2018-02-05 15:42:00,0.7955,0.7954,0.7955,0.7955,2012640,29204
2018-02-05 15:43:00,0.7969,0.7946,0.7958,0.7946,2037445,23100
2018-02-05 15:44:00,0.7946,0.7900,0.7946,0.7900,2077456,38675
2018-02-05 15:45:00,0.7901,0.7900,0.7900,0.7900,2080591,3000
2018-02-05 15:46:00,0.7907,0.7900,0.7900,0.7907,2085921,5230
2018-02-05 15:47:00,0.7969,0.7900,0.7904,0.7902,2137921,51900
2018-02-05 15:48:00,0.7903,0.7902,0.7903,0.7902,2141158,3237
2018-02-05 15:49:00,0.7903,0.7902,0.7902,0.7902,2142686,1300
2018-02-05 15:50:00,0.7903,0.7900,0.7902,0.7900,2234248,90600
2018-02-05 15:51:00,0.7903,0.7900,0.7903,0.7900,2241442,7194
2018-02-05 15:52:00,0.7901,0.7900,0.7901,0.7901,2244275,2400
2018-02-05 15:53:00,0.7901,0.7900,0.7900,0.7901,2250986,5800
2018-02-05 15:54:00,0.7901,0.7900,0.7900,0.7901,2267323,15852
2018-02-05 15:55:00,0.7901,0.7900,0.7901,0.7901,2269523,2100
2018-02-05 15:56:00,0.8038,0.7900,0.7901,0.8038,2287956,16853
2018-02-05 15:57:00,0.8037,0.7900,0.8037,0.7900,2409723,121562
2018-02-05 15:58:00,0.8000,0.7901,0.7901,0.8000,2419993,9870
2018-02-05 15:59:00,0.8000,0.7950,0.8000,0.8000,2421601,1484
2018-02-05 16:00:00,0.8034,0.7900,0.8000,0.8034,2429974,6687
2018-02-06 09:31:00,0.7936,0.7600,0.7936,0.7600,10549,9782
2018-02-06 09:32:00,0.7850,0.7600,0.7700,0.7600,13031,2274
2018-02-06 09:33:00,0.7650,0.7600,0.7600,0.7600,13918,787
2018-02-06 09:34:00,0.7671,0.7595,0.7600,0.7600,20545,6524
2018-02-06 09:35:00,0.7850,0.7601,0.7601,0.7700,22157,1612
2018-02-06 09:36:00,0.7701,0.7600,0.7701,0.7600,26367,4200
2018-02-06 09:37:00,0.7700,0.7600,0.7600,0.7600,36596,10226
2018-02-06 09:38:00,0.7800,0.7600,0.7800,0.7763,38341,1745
2018-02-06 09:39:00,0.7800,0.7754,0.7761,0.7800,38752,409
2018-02-06 09:40:00,0.7850,0.7758,0.7761,0.7850,41086,2234
2018-02-06 09:41:00,0.7748,0.7631,0.7747,0.7632,52387,11301
2018-02-06 09:42:00,0.7850,0.7600,0.7632,0.7700,54802,2175
2018-02-06 09:43:00,0.7701,0.7700,0.7701,0.7700,56805,1906
2018-02-06 09:44:00,0.7609,0.7606,0.7607,0.7606,57710,900
2018-02-06 09:45:00,0.7700,0.7600,0.7606,0.7600,63510,5800
2018-02-06 09:46:00,0.7601,0.7600,0.7601,0.7600,64010,400
2018-02-06 09:47:00,0.7601,0.7600,0.7600,0.7600,64611,600
2018-02-06 09:48:00,0.7601,0.7600,0.7600,0.7601,67526,2900
2018-02-06 09:49:00,0.7601,0.7600,0.7600,0.7600,69242,1700
2018-02-06 09:50:00,0.7601,0.7600,0.7600,0.7600,73651,4400
2018-02-06 09:51:00,0.7800,0.7600,0.7600,0.7800,83302,9638
2018-02-06 09:52:00,0.7800,0.7650,0.7650,0.7650,114562,31260
2018-02-06 09:53:00,0.7800,0.7650,0.7700,0.7800,126395,11744
2018-02-06 09:54:00,0.7800,0.7700,0.7794,0.7701,128745,2300
2018-02-06 09:55:00,0.7850,0.7700,0.7700,0.7812,132745,3900
2018-02-06 09:56:00,0.7800,0.7700,0.7800,0.7700,150247,17400
2018-02-06 09:57:00,0.7789,0.7700,0.7789,0.7789,158373,8100
2018-02-06 09:58:00,0.7701,0.7700,0.7700,0.7700,170173,11800
2018-02-06 09:59:00,0.7789,0.7700,0.7701,0.7700,172773,2600
2018-02-06 10:00:00,0.7850,0.7700,0.7700,0.7850,177210,4427
2018-02-06 10:01:00,0.7850,0.7800,0.7850,0.7800,183987,6774
2018-02-06 10:02:00,0.7842,0.7800,0.7800,0.7802,190107,5900
2018-02-06 10:03:00,0.7802,0.7801,0.7801,0.7801,190577,470
2018-02-06 10:04:00,0.7843,0.7801,0.7802,0.7802,198502,6673
2018-02-06 10:05:00,0.7949,0.7802,0.7803,0.7945,210785,12191
2018-02-06 10:06:00,0.7933,0.7801,0.7930,0.7801,214062,3021
2018-02-06 10:07:00,0.7801,0.7800,0.7801,0.7800,219237,5050
2018-02-06 10:08:00,0.7839,0.7801,0.7801,0.7839,221237,2000
2018-02-06 10:09:00,0.7820,0.7800,0.7816,0.7800,226139,4900
2018-02-06 10:10:00,0.7801,0.7800,0.7800,0.7801,263235,37076
2018-02-06 10:11:00,0.7801,0.7800,0.7801,0.7801,274735,11472
2018-02-06 10:12:00,0.7801,0.7800,0.7800,0.7800,276960,2200
2018-02-06 10:13:00,0.7801,0.7800,0.7800,0.7800,284062,7100
2018-02-06 10:14:00,0.7965,0.7800,0.7800,0.7861,309340,25000
2018-02-06 10:15:00,0.7928,0.7850,0.7861,0.7850,318742,9400
2018-02-06 10:16:00,0.7845,0.7800,0.7845,0.7801,320412,1600
2018-02-06 10:17:00,0.7800,0.7800,0.7800,0.7800,320836,400
2018-02-06 10:18:00,0.7801,0.7800,0.7801,0.7800,333236,11300
2018-02-06 10:19:00,0.7801,0.7700,0.7801,0.7701,350336,17100
2018-02-06 10:20:00,0.7799,0.7701,0.7797,0.7799,376336,26000
2018-02-06 10:21:00,0.7797,0.7701,0.7701,0.7701,379036,2600
2018-02-06 10:22:00,0.7797,0.7701,0.7701,0.7701,382436,3400
2018-02-06 10:23:00,0.7797,0.7701,0.7702,0.7701,384952,2500
2018-02-06 10:24:00,0.7797,0.7701,0.7797,0.7701,393486,8534
2018-02-06 10:25:00,0.7797,0.7701,0.7702,0.7797,395736,2250
2018-02-06 10:26:00,0.7701,0.7701,0.7701,0.7701,395836,100
2018-02-06 10:27:00,0.8000,0.7701,0.7701,0.7770,427612,31562
2018-02-06 10:28:00,0.7701,0.7701,0.7701,0.7701,427932,200
2018-02-06 10:29:00,0.7704,0.7701,0.7701,0.7701,428432,400
2018-02-06 10:30:00,0.7701,0.7701,0.7701,0.7701,428955,500
2018-02-06 10:31:00,0.7704,0.7701,0.7701,0.7701,429578,600
2018-02-06 10:32:00,0.7703,0.7700,0.7703,0.7701,446708,17076
2018-02-06 10:33:00,0.7701,0.7700,0.7701,0.7700,448008,1300
2018-02-06 10:34:00,0.7700,0.7700,0.7700,0.7700,448208,200
2018-02-06 10:35:00,0.7701,0.7700,0.7700,0.7700,451025,2800
2018-02-06 10:36:00,0.7701,0.7701,0.7701,0.7701,452178,1100
2018-02-06 10:37:00,0.7702,0.7701,0.7701,0.7701,457031,4823
2018-02-06 10:38:00,0.7800,0.7701,0.7701,0.7800,459531,2500
2018-02-06 10:39:00,0.7800,0.7702,0.7799,0.7799,460931,1400
2018-02-06 10:40:00,0.7799,0.7701,0.7702,0.7702,461931,1000
2018-02-06 10:41:00,0.7702,0.7701,0.7701,0.7702,464531,1900
2018-02-06 10:42:00,0.7701,0.7701,0.7701,0.7701,464931,400
2018-02-06 10:43:00,0.7701,0.7701,0.7701,0.7701,465646,700
2018-02-06 10:44:00,0.7702,0.7701,0.7701,0.7701,467264,1400
2018-02-06 10:45:00,0.7702,0.7701,0.7702,0.7701,471228,3855
2018-02-06 10:46:00,0.7703,0.7700,0.7701,0.7701,478161,6777
2018-02-06 10:47:00,0.7800,0.7700,0.7700,0.7800,543213,65038
2018-02-06 10:48:00,0.7800,0.7750,0.7775,0.7799,545213,2000
2018-02-06 10:49:00,0.7799,0.7700,0.7750,0.7700,557715,12500
2018-02-06 10:50:00,0.7772,0.7651,0.7720,0.7771,570134,12400
2018-02-06 10:51:00,0.7700,0.7650,0.7650,0.7651,571034,600
2018-02-06 10:52:00,0.7652,0.7650,0.7650,0.7652,573034,2000
2018-02-06 10:53:00,0.7651,0.7650,0.7650,0.7650,573734,700
2018-02-06 10:54:00,0.7650,0.7650,0.7650,0.7650,574234,500
2018-02-06 10:55:00,0.7651,0.7650,0.7650,0.7651,575034,700
2018-02-06 10:56:00,0.7651,0.7650,0.7651,0.7650,576134,1100
2018-02-06 10:57:00,0.7651,0.7650,0.7651,0.7650,577134,1000
2018-02-06 10:58:00,0.7651,0.7650,0.7650,0.7650,580384,3200
2018-02-06 10:59:00,0.7652,0.7650,0.7650,0.7650,581384,1000
2018-02-06 11:00:00,0.7651,0.7650,0.7650,0.7650,582884,1500
2018-02-06 11:01:00,0.7651,0.7650,0.7651,0.7651,584003,900
2018-02-06 11:02:00,0.7768,0.7649,0.7650,0.7759,600929,16815
2018-02-06 11:03:00,0.7768,0.7750,0.7750,0.7750,602573,1500
2018-02-06 11:04:00,0.7750,0.7750,0.7750,0.7750,603373,800
2018-02-06 11:05:00,0.7751,0.7750,0.7750,0.7750,609772,6399
2018-02-06 11:06:00,0.7750,0.7750,0.7750,0.7750,610772,1000
2018-02-06 11:07:00,0.7751,0.7750,0.7751,0.7751,611872,1100
2018-02-06 11:08:00,0.7750,0.7750,0.7750,0.7750,612672,800
2018-02-06 11:09:00,0.7751,0.7750,0.7750,0.7751,613872,1200
2018-02-06 11:10:00,0.7751,0.7750,0.7750,0.7751,614772,900
2018-02-06 11:11:00,0.7750,0.7750,0.7750,0.7750,615276,300
2018-02-06 11:12:00,0.7750,0.7750,0.7750,0.7750,615976,700
2018-02-06 11:13:00,0.7751,0.7750,0.7750,0.7750,616976,1000
2018-02-06 11:14:00,0.7750,0.7750,0.7750,0.7750,617776,800
2018-02-06 11:15:00,0.7751,0.7750,0.7750,0.7750,618476,700
2018-02-06 11:16:00,0.7751,0.7750,0.7751,0.7750,619676,1200
2018-02-06 11:17:00,0.7751,0.7750,0.7750,0.7751,623209,3533
2018-02-06 11:18:00,0.7751,0.7750,0.7750,0.7750,624609,1400
2018-02-06 11:19:00,0.7751,0.7750,0.7751,0.7750,625609,1000
2018-02-06 11:20:00,0.7751,0.7750,0.7751,0.7750,626409,800
2018-02-06 11:21:00,0.7751,0.7750,0.7750,0.7750,632011,5400
2018-02-06 11:22:00,0.7751,0.7750,0.7750,0.7750,635796,3685
2018-02-06 11:23:00,0.7751,0.7678,0.7751,0.7678,636844,900
2018-02-06 11:24:00,0.7678,0.7678,0.7678,0.7678,637244,400
2018-02-06 11:25:00,0.7750,0.7677,0.7677,0.7750,638181,800
2018-02-06 11:26:00,0.7749,0.7677,0.7677,0.7749,638481,300
2018-02-06 11:27:00,0.7700,0.7570,0.7584,0.7600,639281,800
2018-02-06 11:29:00,0.7700,0.7600,0.7601,0.7700,640026,700
2018-02-06 11:30:00,0.7700,0.7600,0.7601,0.7600,651456,11400
2018-02-06 11:31:00,0.7700,0.7600,0.7600,0.7650,653356,1700
2018-02-06 11:32:00,0.7650,0.7600,0.7600,0.7650,654356,1000
2018-02-06 11:33:00,0.7650,0.7600,0.7600,0.7601,655456,1100
2018-02-06 11:34:00,0.7601,0.7600,0.7600,0.7601,661928,6400
2018-02-06 11:35:00,0.7601,0.7600,0.7600,0.7601,664156,2200
2018-02-06 11:36:00,0.7601,0.7600,0.7600,0.7601,666556,2370
2018-02-06 11:37:00,0.7601,0.7600,0.7600,0.7601,667681,1100
2018-02-06 11:38:00,0.7600,0.7600,0.7600,0.7600,667881,200
2018-02-06 11:39:00,0.7601,0.7600,0.7600,0.7601,668897,900
2018-02-06 11:40:00,0.7601,0.7600,0.7601,0.7601,669890,900
2018-02-06 11:41:00,0.7601,0.7600,0.7600,0.7601,670790,700
2018-02-06 11:42:00,0.7602,0.7600,0.7601,0.7602,671949,1100
2018-02-06 11:43:00,0.7605,0.7602,0.7602,0.7605,672349,340
2018-02-06 11:44:00,0.7606,0.7600,0.7600,0.7601,675149,2600
2018-02-06 11:45:00,0.7601,0.7600,0.7600,0.7600,675969,759
2018-02-06 11:46:00,0.7602,0.7600,0.7600,0.7602,676369,400
2018-02-06 11:47:00,0.7602,0.7602,0.7602,0.7602,676769,400
2018-02-06 11:48:00,0.7604,0.7603,0.7603,0.7604,677569,500
2018-02-06 11:49:00,0.7601,0.7600,0.7600,0.7600,678998,1300
2018-02-06 11:50:00,0.7602,0.7600,0.7600,0.7602,680598,1360
2018-02-06 11:51:00,0.7682,0.7600,0.7600,0.7682,682025,1227
2018-02-06 11:52:00,0.7682,0.7600,0.7682,0.7601,688728,6700
2018-02-06 11:53:00,0.7602,0.7601,0.7601,0.7601,689928,1100
2018-02-06 11:54:00,0.7603,0.7600,0.7601,0.7600,690728,800
2018-02-06 11:55:00,0.7603,0.7600,0.7600,0.7603,691328,600
2018-02-06 11:56:00,0.7600,0.7600,0.7600,0.7600,691628,300
2018-02-06 11:57:00,0.7601,0.7600,0.7601,0.7600,695928,4300
2018-02-06 11:58:00,0.7601,0.7600,0.7601,0.7600,698728,2800
2018-02-06 11:59:00,0.7601,0.7600,0.7600,0.7601,699528,800
2018-02-06 12:00:00,0.7601,0.7600,0.7600,0.7601,701328,1800
2018-02-06 12:01:00,0.7601,0.7600,0.7600,0.7601,702728,1300
2018-02-06 12:02:00,0.7601,0.7600,0.7600,0.7601,703528,800
2018-02-06 12:03:00,0.7601,0.7600,0.7601,0.7600,704328,800
2018-02-06 12:04:00,0.7601,0.7600,0.7600,0.7601,704948,545
2018-02-06 12:05:00,0.7601,0.7600,0.7600,0.7600,705548,600
2018-02-06 12:06:00,0.7601,0.7600,0.7600,0.7601,710748,5155
2018-02-06 12:07:00,0.7601,0.7600,0.7600,0.7601,716348,5600
2018-02-06 12:08:00,0.7721,0.7600,0.7600,0.7718,726078,9700
2018-02-06 12:09:00,0.7721,0.7606,0.7720,0.7719,726678,600
2018-02-06 12:10:00,0.7720,0.7606,0.7606,0.7720,727078,400
2018-02-06 12:11:00,0.7720,0.7605,0.7605,0.7720,727978,600
2018-02-06 12:12:00,0.7720,0.7601,0.7604,0.7720,728578,600
2018-02-06 12:13:00,0.7602,0.7601,0.7601,0.7602,729478,900
2018-02-06 12:14:00,0.7601,0.7600,0.7601,0.7601,733678,4200
2018-02-06 12:15:00,0.7601,0.7600,0.7600,0.7601,734078,400
2018-02-06 12:16:00,0.7601,0.7600,0.7600,0.7601,734378,300
2018-02-06 12:17:00,0.7601,0.7600,0.7600,0.7601,735078,700
2018-02-06 12:18:00,0.7601,0.7600,0.7600,0.7601,737278,2200
2018-02-06 12:19:00,0.7601,0.7600,0.7600,0.7601,737778,500
2018-02-06 12:20:00,0.7600,0.7600,0.7600,0.7600,738253,400
2018-02-06 12:21:00,0.7601,0.7600,0.7600,0.7601,738954,600
2018-02-06 12:22:00,0.7601,0.7600,0.7601,0.7600,739754,800
2018-02-06 12:23:00,0.7601,0.7600,0.7601,0.7600,741054,1300
2018-02-06 12:24:00,0.7600,0.7600,0.7600,0.7600,741954,900
2018-02-06 12:25:00,0.7600,0.7600,0.7600,0.7600,742254,300
2018-02-06 12:26:00,0.7601,0.7600,0.7601,0.7600,742654,400
2018-02-06 12:27:00,0.7601,0.7600,0.7601,0.7600,745554,2800
2018-02-06 12:28:00,0.7601,0.7600,0.7601,0.7600,746554,1000
2018-02-06 12:29:00,0.7601,0.7601,0.7601,0.7601,746854,300
2018-02-06 12:30:00,0.7601,0.7600,0.7600,0.7601,747379,525
2018-02-06 12:31:00,0.7601,0.7600,0.7601,0.7600,748279,600
2018-02-06 12:32:00,0.7601,0.7600,0.7600,0.7600,749579,1300
2018-02-06 12:33:00,0.7601,0.7600,0.7601,0.7601,770180,20376
2018-02-06 12:34:00,0.7601,0.7600,0.7601,0.7600,770980,800
2018-02-06 12:35:00,0.7601,0.7600,0.7600,0.7601,771380,400
2018-02-06 12:36:00,0.7601,0.7600,0.7600,0.7600,780347,8767
2018-02-06 12:37:00,0.7601,0.7600,0.7600,0.7601,780847,500
2018-02-06 12:38:00,0.7601,0.7600,0.7601,0.7601,782047,1200
2018-02-06 12:39:00,0.7601,0.7600,0.7600,0.7601,785047,3000
2018-02-06 12:40:00,0.7601,0.7600,0.7601,0.7600,785547,500
2018-02-06 12:41:00,0.7601,0.7600,0.7600,0.7601,786247,600
2018-02-06 12:42:00,0.7601,0.7600,0.7600,0.7600,787322,1075
2018-02-06 12:43:00,0.7601,0.7600,0.7600,0.7601,787922,600
2018-02-06 12:44:00,0.7600,0.7600,0.7600,0.7600,788822,800
2018-02-06 12:45:00,0.7601,0.7600,0.7601,0.7600,790382,1403
2018-02-06 12:46:00,0.7601,0.7600,0.7601,0.7600,790782,400
2018-02-06 12:47:00,0.7600,0.7600,0.7600,0.7600,791482,700
2018-02-06 12:48:00,0.7600,0.7600,0.7600,0.7600,803382,11900
2018-02-06 12:49:00,0.7600,0.7600,0.7600,0.7600,803782,400
2018-02-06 12:50:00,0.7600,0.7600,0.7600,0.7600,804382,600
2018-02-06 12:51:00,0.7601,0.7600,0.7600,0.7600,804882,400
2018-02-06 12:52:00,0.7600,0.7600,0.7600,0.7600,805682,800
2018-02-06 12:53:00,0.7601,0.7600,0.7600,0.7600,806382,700
2018-02-06 12:54:00,0.7600,0.7600,0.7600,0.7600,807082,700
2018-02-06 12:55:00,0.7601,0.7600,0.7600,0.7600,807782,500
2018-02-06 12:56:00,0.7601,0.7600,0.7600,0.7600,808388,600
2018-02-06 12:57:00,0.7601,0.7600,0.7600,0.7600,809188,700
2018-02-06 12:58:00,0.7601,0.7600,0.7600,0.7600,809788,600
2018-02-06 12:59:00,0.7601,0.7600,0.7600,0.7601,810388,500
2018-02-06 13:00:00,0.7600,0.7600,0.7600,0.7600,810688,200
2018-02-06 13:01:00,0.7601,0.7600,0.7601,0.7600,811388,700
2018-02-06 13:02:00,0.7601,0.7600,0.7601,0.7601,812588,1200
2018-02-06 13:03:00,0.7601,0.7600,0.7601,0.7600,813288,700
2018-02-06 13:04:00,0.7601,0.7600,0.7601,0.7600,814138,850
2018-02-06 13:05:00,0.7601,0.7600,0.7600,0.7601,814538,300
2018-02-06 13:06:00,0.7601,0.7600,0.7600,0.7601,815738,1200
2018-02-06 13:07:00,0.7601,0.7600,0.7600,0.7600,816438,700
2018-02-06 13:08:00,0.7601,0.7600,0.7600,0.7600,817176,700
2018-02-06 13:09:00,0.7601,0.7600,0.7600,0.7601,818136,900
2018-02-06 13:10:00,0.7601,0.7600,0.7600,0.7600,818836,700
2018-02-06 13:11:00,0.7601,0.7600,0.7601,0.7600,819836,1000
2018-02-06 13:12:00,0.7601,0.7600,0.7601,0.7600,820836,1000
2018-02-06 13:13:00,0.7600,0.7600,0.7600,0.7600,821136,300
2018-02-06 13:14:00,0.7601,0.7600,0.7600,0.7601,821846,700
2018-02-06 13:15:00,0.7601,0.7600,0.7600,0.7601,824246,2000
2018-02-06 13:16:00,0.7600,0.7600,0.7600,0.7600,824646,400
2018-02-06 13:17:00,0.7601,0.7600,0.7600,0.7600,825146,500
2018-02-06 13:18:00,0.7601,0.7600,0.7601,0.7600,825446,300
2018-02-06 13:19:00,0.7600,0.7600,0.7600,0.7600,825546,100
2018-02-06 13:20:00,0.7600,0.7600,0.7600,0.7600,825846,300
2018-02-06 13:21:00,0.7601,0.7600,0.7600,0.7600,839846,13927
2018-02-06 13:22:00,0.7601,0.7600,0.7600,0.7601,840946,1000
2018-02-06 13:23:00,0.7600,0.7600,0.7600,0.7600,841746,800
2018-02-06 13:24:00,0.7601,0.7600,0.7601,0.7600,842146,400
2018-02-06 13:25:00,0.7600,0.7600,0.7600,0.7600,842953,600
2018-02-06 13:26:00,0.7600,0.7600,0.7600,0.7600,843853,900
2018-02-06 13:27:00,0.7601,0.7600,0.7600,0.7600,845053,1200
2018-02-06 13:28:00,0.7601,0.7600,0.7600,0.7600,847353,2300
2018-02-06 13:29:00,0.7600,0.7600,0.7600,0.7600,847753,400
2018-02-06 13:30:00,0.7601,0.7600,0.7600,0.7601,849253,1500
2018-02-06 13:31:00,0.7601,0.7600,0.7600,0.7601,850253,800
2018-02-06 13:32:00,0.7600,0.7600,0.7600,0.7600,850553,300
2018-02-06 13:33:00,0.7601,0.7600,0.7601,0.7600,850879,300
2018-02-06 13:34:00,0.7600,0.7600,0.7600,0.7600,851779,800
2018-02-06 13:35:00,0.7601,0.7600,0.7600,0.7600,853979,1800
2018-02-06 13:36:00,0.7601,0.7600,0.7600,0.7601,854679,700
2018-02-06 13:37:00,0.7601,0.7601,0.7601,0.7601,854779,100
2018-02-06 13:38:00,0.7601,0.7600,0.7600,0.7601,855279,500
2018-02-06 13:39:00,0.7601,0.7600,0.7600,0.7600,855779,500
2018-02-06 13:40:00,0.7601,0.7600,0.7600,0.7601,856379,600
2018-02-06 13:41:00,0.7601,0.7600,0.7600,0.7600,857079,700
2018-02-06 13:42:00,0.7602,0.7600,0.7600,0.7602,870888,13700
2018-02-06 13:43:00,0.7602,0.7601,0.7601,0.7601,873988,3100
2018-02-06 13:44:00,0.7602,0.7601,0.7601,0.7601,875288,1300
2018-02-06 13:45:00,0.7601,0.7601,0.7601,0.7601,876388,1000
2018-02-06 13:46:00,0.7601,0.7601,0.7601,0.7601,877088,700
2018-02-06 13:47:00,0.7602,0.7601,0.7601,0.7601,877588,500
2018-02-06 13:48:00,0.7602,0.7601,0.7601,0.7601,882688,5100
2018-02-06 13:49:00,0.7601,0.7600,0.7601,0.7600,885579,2882
2018-02-06 13:50:00,0.7601,0.7600,0.7601,0.7600,886679,1100
2018-02-06 13:51:00,0.7600,0.7600,0.7600,0.7600,887079,400
2018-02-06 13:52:00,0.7600,0.7600,0.7600,0.7600,888079,1000
2018-02-06 13:53:00,0.7600,0.7600,0.7600,0.7600,888279,200
2018-02-06 13:54:00,0.7600,0.7600,0.7600,0.7600,889279,1000
2018-02-06 13:55:00,0.7601,0.7600,0.7601,0.7600,890079,500
2018-02-06 13:56:00,0.7601,0.7600,0.7600,0.7601,912093,21859
2018-02-06 13:57:00,0.7601,0.7600,0.7600,0.7600,914393,2300
2018-02-06 13:58:00,0.7601,0.7600,0.7600,0.7600,916189,1796
2018-02-06 13:59:00,0.7601,0.7600,0.7600,0.7600,917589,1400
2018-02-06 14:00:00,0.7600,0.7600,0.7600,0.7600,918189,600
2018-02-06 14:01:00,0.7601,0.7600,0.7601,0.7600,918609,395
2018-02-06 14:02:00,0.7800,0.7601,0.7601,0.7700,928892,10200
2018-02-06 14:03:00,0.7795,0.7700,0.7700,0.7700,930235,1300
2018-02-06 14:04:00,0.7750,0.7700,0.7700,0.7750,930665,400
2018-02-06 14:05:00,0.7750,0.7700,0.7700,0.7750,932105,1100
2018-02-06 14:06:00,0.7700,0.7700,0.7700,0.7700,932963,600
2018-02-06 14:07:00,0.7750,0.7655,0.7750,0.7702,965836,32839
2018-02-06 14:08:00,0.7705,0.7691,0.7702,0.7691,968236,2400
2018-02-06 14:09:00,0.7691,0.7691,0.7691,0.7691,968536,300
2018-02-06 14:10:00,0.7691,0.7691,0.7691,0.7691,968736,200
2018-02-06 14:11:00,0.7800,0.7677,0.7677,0.7800,1003971,35015
2018-02-06 14:12:00,0.7750,0.7700,0.7700,0.7750,1004441,400
2018-02-06 14:13:00,0.7750,0.7700,0.7750,0.7750,1004761,300
2018-02-06 14:14:00,0.7765,0.7730,0.7765,0.7730,1005161,400
2018-02-06 14:15:00,0.7765,0.7730,0.7730,0.7730,1014361,9000
2018-02-06 14:16:00,0.7765,0.7730,0.7765,0.7730,1015561,1200
2018-02-06 14:17:00,0.7731,0.7600,0.7731,0.7600,1048639,33078
2018-02-06 14:18:00,0.7699,0.7600,0.7602,0.7600,1051159,2440
2018-02-06 14:19:00,0.7699,0.7600,0.7600,0.7600,1067759,15980
2018-02-06 14:20:00,0.7699,0.7600,0.7600,0.7600,1068959,900
2018-02-06 14:21:00,0.7680,0.7650,0.7650,0.7680,1069559,600
2018-02-06 14:22:00,0.7700,0.7700,0.7700,0.7700,1076357,6600
2018-02-06 14:23:00,0.7705,0.7700,0.7701,0.7700,1078457,2100
2018-02-06 14:24:00,0.7801,0.7700,0.7751,0.7800,1082457,4000
2018-02-06 14:25:00,0.7801,0.7800,0.7801,0.7800,1084067,1400
2018-02-06 14:26:00,0.7801,0.7800,0.7801,0.7800,1086967,2900
2018-02-06 14:27:00,0.7801,0.7800,0.7801,0.7800,1088167,1200
2018-02-06 14:28:00,0.7801,0.7800,0.7801,0.7800,1089367,1200
2018-02-06 14:29:00,0.7801,0.7800,0.7801,0.7801,1090667,1300
2018-02-06 14:30:00,0.7801,0.7800,0.7800,0.7800,1091367,700
2018-02-06 14:31:00,0.7850,0.7800,0.7800,0.7850,1096567,5200
2018-02-06 14:32:00,0.7900,0.7850,0.7875,0.7875,1097567,900
2018-02-06 14:33:00,0.7851,0.7850,0.7850,0.7851,1098277,710
2018-02-06 14:34:00,0.7850,0.7850,0.7850,0.7850,1098777,500
2018-02-06 14:35:00,0.7851,0.7850,0.7851,0.7850,1099796,800
2018-02-06 14:36:00,0.7851,0.7850,0.7850,0.7851,1102077,2200
2018-02-06 14:37:00,0.7850,0.7850,0.7850,0.7850,1103096,1000
2018-02-06 14:38:00,0.7852,0.7850,0.7850,0.7851,1125980,22800
2018-02-06 14:39:00,0.7852,0.7851,0.7851,0.7851,1126880,900
2018-02-06 14:40:00,0.7851,0.7850,0.7851,0.7850,1128240,1200
2018-02-06 14:41:00,0.7852,0.7851,0.7851,0.7852,1170064,41485
2018-02-06 14:42:00,0.7851,0.7851,0.7851,0.7851,1170264,200
2018-02-06 14:43:00,0.7851,0.7850,0.7851,0.7850,1171164,800
2018-02-06 14:44:00,0.7850,0.7850,0.7850,0.7850,1171285,100
2018-02-06 14:45:00,0.7850,0.7850,0.7850,0.7850,1172185,700
2018-02-06 14:46:00,0.7850,0.7850,0.7850,0.7850,1172685,500
2018-02-06 14:47:00,0.7850,0.7850,0.7850,0.7850,1172897,200
2018-02-06 14:48:00,0.7850,0.7850,0.7850,0.7850,1173497,600
2018-02-06 14:49:00,0.7850,0.7850,0.7850,0.7850,1173995,400
2018-02-06 14:50:00,0.7850,0.7850,0.7850,0.7850,1174556,500
2018-02-06 14:51:00,0.7851,0.7850,0.7850,0.7850,1178556,4000
2018-02-06 14:52:00,0.7850,0.7850,0.7850,0.7850,1178956,400
2018-02-06 14:53:00,0.7851,0.7850,0.7850,0.7851,1179456,500
2018-02-06 14:54:00,0.7851,0.7850,0.7851,0.7851,1180656,1200
2018-02-06 14:55:00,0.7851,0.7850,0.7851,0.7851,1182798,1800
2018-02-06 14:56:00,0.7851,0.7850,0.7851,0.7851,1183898,1100
2018-02-06 14:57:00,0.7851,0.7850,0.7850,0.7850,1184398,500
2018-02-06 14:58:00,0.7851,0.7850,0.7851,0.7850,1185098,700
2018-02-06 14:59:00,0.7851,0.7850,0.7851,0.7850,1188898,3800
2018-02-06 15:00:00,0.7851,0.7850,0.7851,0.7850,1190108,1200
2018-02-06 15:01:00,0.7851,0.7850,0.7851,0.7850,1196808,6700
2018-02-06 15:02:00,0.7851,0.7850,0.7850,0.7851,1198808,2000
2018-02-06 15:03:00,0.7851,0.7850,0.7850,0.7851,1199808,1000
2018-02-06 15:04:00,0.7851,0.7850,0.7850,0.7850,1203208,3400
2018-02-06 15:05:00,0.7851,0.7850,0.7851,0.7850,1205108,1700
2018-02-06 15:06:00,0.7851,0.7850,0.7850,0.7850,1205618,500
2018-02-06 15:07:00,0.7851,0.7850,0.7850,0.7850,1206318,700
2018-02-06 15:08:00,0.7851,0.7850,0.7851,0.7850,1207318,1000
2018-02-06 15:09:00,0.7850,0.7850,0.7850,0.7850,1207918,600
2018-02-06 15:10:00,0.7851,0.7850,0.7851,0.7850,1208818,900
2018-02-06 15:11:00,0.7851,0.7849,0.7851,0.7850,1212198,3300
2018-02-06 15:12:00,0.7850,0.7849,0.7849,0.7850,1213398,1200
2018-02-06 15:13:00,0.7850,0.7849,0.7849,0.7850,1225498,12100
2018-02-06 15:14:00,0.7850,0.7849,0.7849,0.7849,1226298,800
2018-02-06 15:15:00,0.7850,0.7848,0.7849,0.7848,1229898,3399
2018-02-06 15:16:00,0.7850,0.7848,0.7849,0.7848,1231798,1900
2018-02-06 15:17:00,0.7850,0.7750,0.7850,0.7752,1278135,46238
2018-02-06 15:18:00,0.7752,0.7751,0.7752,0.7752,1284335,6200
2018-02-06 15:19:00,0.7752,0.7751,0.7752,0.7752,1286235,1900
2018-02-06 15:20:00,0.7752,0.7751,0.7751,0.7751,1288035,1800
2018-02-06 15:21:00,0.7752,0.7751,0.7752,0.7751,1289635,1600
2018-02-06 15:22:00,0.7752,0.7751,0.7751,0.7751,1291635,2000
2018-02-06 15:23:00,0.7752,0.7751,0.7752,0.7752,1294135,2500
2018-02-06 15:24:00,0.7752,0.7751,0.7751,0.7752,1295735,1600
2018-02-06 15:25:00,0.7752,0.7751,0.7751,0.7752,1296890,754
2018-02-06 15:26:00,0.7851,0.7752,0.7752,0.7801,1330782,33800
2018-02-06 15:27:00,0.7801,0.7800,0.7801,0.7801,1331882,1100
2018-02-06 15:28:00,0.7801,0.7800,0.7800,0.7801,1333482,1600
2018-02-06 15:29:00,0.7801,0.7800,0.7801,0.7801,1334882,1400
2018-02-06 15:30:00,0.7801,0.7800,0.7800,0.7801,1336582,1700
2018-02-06 15:31:00,0.7801,0.7800,0.7800,0.7800,1338082,1500
2018-02-06 15:32:00,0.7900,0.7800,0.7800,0.7851,1343382,5300
2018-02-06 15:33:00,0.7900,0.7899,0.7899,0.7900,1351582,8200
2018-02-06 15:34:00,0.7900,0.7850,0.7900,0.7851,1359307,7725
2018-02-06 15:35:00,0.7851,0.7850,0.7851,0.7850,1360807,1200
2018-02-06 15:36:00,0.7851,0.7850,0.7850,0.7851,1362108,1300
2018-02-06 15:37:00,0.7851,0.7850,0.7850,0.7851,1363908,1800
2018-02-06 15:38:00,0.7851,0.7850,0.7851,0.7851,1368108,3700
2018-02-06 15:39:00,0.7851,0.7850,0.7851,0.7851,1370508,2398
2018-02-06 15:40:00,0.7851,0.7850,0.7851,0.7851,1372983,2400
2018-02-06 15:41:00,0.7851,0.7850,0.7851,0.7851,1375683,2700
2018-02-06 15:42:00,0.7851,0.7850,0.7851,0.7850,1386133,10400
2018-02-06 15:43:00,0.7851,0.7850,0.7850,0.7851,1388733,2600
2018-02-06 15:44:00,0.7851,0.7850,0.7851,0.7851,1390433,1700
2018-02-06 15:45:00,0.7851,0.7850,0.7851,0.7851,1392933,2500
2018-02-06 15:46:00,0.7851,0.7850,0.7851,0.7851,1396333,3400
2018-02-06 15:47:00,0.7851,0.7850,0.7851,0.7851,1403433,7100
2018-02-06 15:48:00,0.7851,0.7850,0.7851,0.7851,1408433,5000
2018-02-06 15:49:00,0.7851,0.7850,0.7850,0.7851,1414533,6100
2018-02-06 15:50:00,0.7851,0.7850,0.7851,0.7851,1417033,2500
2018-02-06 15:51:00,0.7851,0.7850,0.7851,0.7851,1421816,4500
2018-02-06 15:52:00,0.7851,0.7850,0.7851,0.7851,1427216,5248
2018-02-06 15:53:00,0.7851,0.7850,0.7851,0.7851,1434137,6800
2018-02-06 15:54:00,0.7851,0.7850,0.7851,0.7851,1439837,5700
2018-02-06 15:55:00,0.7851,0.7850,0.7851,0.7851,1445504,5667
2018-02-06 15:56:00,0.7851,0.7850,0.7851,0.7851,1451836,6300
2018-02-06 15:57:00,0.7851,0.7850,0.7851,0.7851,1464077,12041
2018-02-06 15:58:00,0.7851,0.7850,0.7851,0.7851,1473877,9600
2018-02-06 15:59:00,0.7851,0.7800,0.7851,0.7800,1505938,31557
2018-02-06 16:00:00,0.7801,0.7800,0.7800,0.7800,1528329,21413
2018-02-07 09:31:00,0.8000,0.7882,0.7882,0.8000,20705,10746
2018-02-07 09:32:00,0.8564,0.8000,0.8000,0.8564,21505,800
2018-02-07 09:33:00,0.8738,0.8608,0.8608,0.8738,22366,707
2018-02-07 09:34:00,0.8999,0.8122,0.8999,0.8122,33528,11026
2018-02-07 09:36:00,0.8100,0.8005,0.8015,0.8005,63735,30120
2018-02-07 09:37:00,0.8384,0.8005,0.8046,0.8100,64835,1100
2018-02-07 09:38:00,0.8398,0.8357,0.8357,0.8397,69735,4900
2018-02-07 09:39:00,0.8397,0.8283,0.8390,0.8397,73751,4000
2018-02-07 09:40:00,0.8397,0.8105,0.8283,0.8391,76351,2600
2018-02-07 09:41:00,0.8200,0.8101,0.8200,0.8101,76613,260
2018-02-07 09:42:00,0.8253,0.8200,0.8253,0.8200,80863,4250
2018-02-07 09:43:00,0.8250,0.8250,0.8250,0.8250,80997,100
2018-02-07 09:44:00,0.8235,0.8200,0.8200,0.8200,84586,3550