2018-02-05 09:31:00,55.4900,55.0200,55.3400,55.1100,15121,12447
2018-02-05 09:32:00,55.3700,55.0400,55.0650,55.3427,28557,11146
2018-02-05 09:33:00,55.6100,55.2800,55.2925,55.5450,32754,3428
2018-02-05 09:34:00,55.5650,55.4000,55.4900,55.5650,34054,1200
2018-02-05 09:35:00,55.4300,55.3200,55.4100,55.3200,35455,1400
2018-02-05 09:36:00,55.5700,55.3705,55.3705,55.5700,37600,1590
2018-02-05 09:37:00,55.5600,55.4100,55.5300,55.4100,41663,3300
2018-02-05 09:38:00,55.5700,55.4300,55.4300,55.5000,52874,11000
2018-02-05 09:39:00,55.6000,55.3900,55.4350,55.5900,89475,35544
2018-02-05 09:40:00,55.5600,55.3300,55.5500,55.4900,97720,6297
2018-02-05 09:41:00,55.4845,55.3950,55.4845,55.3950,99440,1200
2018-02-05 09:42:00,55.5750,55.3660,55.4300,55.5400,118719,17461
2018-02-05 09:43:00,55.7200,55.5550,55.5550,55.7200,165162,45373
2018-02-05 09:44:00,55.7100,55.5825,55.7100,55.6400,167490,2126
2018-02-05 09:45:00,55.7600,55.6100,55.6226,55.7600,174471,6719
2018-02-05 09:46:00,55.8300,55.7200,55.7700,55.8050,191848,12836
2018-02-05 09:47:00,55.8600,55.7700,55.8400,55.7900,197543,4300
2018-02-05 09:48:00,55.8000,55.7000,55.8000,55.7200,201382,3300
2018-02-05 09:49:00,55.7300,55.6700,55.6950,55.7100,204113,2200
2018-02-05 09:50:00,55.7300,55.6750,55.6750,55.6750,206824,2175
2018-02-05 09:51:00,55.8100,55.7000,55.7000,55.8100,211268,3300
2018-02-05 09:52:00,55.7700,55.7400,55.7650,55.7700,214889,3234
2018-02-05 09:53:00,55.8200,55.7500,55.7800,55.8200,217542,2000
2018-02-05 09:54:00,55.8400,55.8100,55.8100,55.8250,220309,2166
2018-02-05 09:55:00,55.9400,55.8400,55.8400,55.9300,233197,10908
2018-02-05 09:56:00,56.0100,55.9300,55.9300,56.0000,238926,4900
2018-02-05 09:57:00,56.0800,56.0100,56.0500,56.0800,239760,400
2018-02-05 09:58:00,56.0650,56.0200,56.0500,56.0650,242013,2219
2018-02-05 09:59:00,56.0800,56.0250,56.0400,56.0800,245033,2700
2018-02-05 10:00:00,56.1100,56.0600,56.0600,56.1100,246189,848
2018-02-05 10:01:00,56.0900,56.0600,56.0900,56.0900,249094,2408
2018-02-05 10:02:00,56.1346,56.0900,56.1100,56.1346,253673,4300
2018-02-05 10:03:00,56.2700,56.1200,56.1400,56.2650,261084,6462
2018-02-05 10:04:00,56.3100,56.2000,56.2600,56.2600,275539,13432
2018-02-05 10:05:00,56.3100,56.2300,56.2300,56.3050,279991,4066
2018-02-05 10:06:00,56.4000,56.3300,56.3400,56.4000,285774,4225
2018-02-05 10:07:00,56.4600,56.3900,56.3900,56.4400,295910,8410
2018-02-05 10:08:00,56.6100,56.4500,56.4600,56.6100,303723,6450
2018-02-05 10:09:00,56.7400,56.5700,56.5800,56.7400,325291,19862
2018-02-05 10:10:00,56.7890,56.6400,56.7300,56.7100,348398,20967
2018-02-05 10:11:00,56.7500,56.5800,56.7100,56.5800,370112,19917
2018-02-05 10:12:00,56.6600,56.6000,56.6200,56.6600,383272,11794
2018-02-05 10:13:00,56.7500,56.6400,56.6500,56.7400,397337,12485
2018-02-05 10:14:00,56.7600,56.7200,56.7400,56.7600,404758,6948
2018-02-05 10:15:00,56.8400,56.7700,56.7700,56.8400,412804,7207
2018-02-05 10:16:00,56.8500,56.7800,56.8000,56.8300,429321,14838
2018-02-05 10:17:00,56.9100,56.8200,56.8300,56.8500,461648,30563
2018-02-05 10:18:00,56.9400,56.8300,56.8500,56.9100,491342,26839
2018-02-05 10:19:00,56.9900,56.8400,56.9000,56.9750,509410,16623
2018-02-05 10:20:00,56.9900,56.9000,56.9900,56.9700,581154,69349
2018-02-05 10:21:00,57.0200,56.9000,56.9800,56.9800,616972,33430
2018-02-05 10:22:00,57.0100,56.9300,56.9700,56.9450,623907,6400
2018-02-05 10:23:00,56.9700,56.8300,56.9600,56.8400,638093,12690
2018-02-05 10:24:00,56.8300,56.7000,56.8300,56.7700,651550,11690
2018-02-05 10:25:00,56.8200,56.7800,56.8000,56.7900,659649,6900
2018-02-05 10:26:00,56.8800,56.7800,56.8550,56.8000,672504,11253
2018-02-05 10:27:00,56.7950,56.6800,56.7950,56.7100,686258,11883
2018-02-05 10:28:00,56.7500,56.7002,56.7200,56.7002,692769,5434
2018-02-05 10:29:00,56.6950,56.5600,56.6948,56.5600,699687,5949
2018-02-05 10:30:00,56.6300,56.5900,56.5900,56.6000,707204,7112
2018-02-05 10:31:00,56.6000,56.5400,56.6000,56.5500,716598,7919
2018-02-05 10:32:00,56.5600,56.4700,56.5500,56.4800,775201,57828
2018-02-05 10:33:00,56.5200,56.4600,56.4700,56.4950,778663,2727
2018-02-05 10:34:00,56.4950,56.3450,56.4950,56.3450,781552,2400
2018-02-05 10:35:00,56.4000,56.3400,56.3600,56.3705,790981,7561
2018-02-05 10:36:00,56.3700,56.3169,56.3700,56.3400,795093,3754
2018-02-05 10:37:00,56.4000,56.3200,56.3200,56.3500,801047,5014
2018-02-05 10:38:00,56.3500,56.2700,56.3300,56.3100,810997,8240
2018-02-05 10:39:00,56.3400,56.2800,56.3300,56.3000,818843,7108
2018-02-05 10:40:00,56.3700,56.2850,56.2850,56.3450,824255,4928
2018-02-05 10:41:00,56.3800,56.3200,56.3700,56.3200,832802,6739
2018-02-05 10:42:00,56.3750,56.3100,56.3200,56.3750,841476,7552
2018-02-05 10:43:00,56.3750,56.2800,56.3750,56.3100,850844,7643
2018-02-05 10:44:00,56.3200,56.2900,56.3000,56.2900,860555,8921
2018-02-05 10:45:00,56.3400,56.2500,56.3000,56.3100,873782,13027
2018-02-05 10:46:00,56.3900,56.3300,56.3550,56.3900,879928,5000
2018-02-05 10:47:00,56.4600,56.3800,56.3800,56.4600,886005,5006
2018-02-05 10:48:00,56.4600,56.4150,56.4600,56.4600,893839,6787
2018-02-05 10:49:00,56.4600,56.4200,56.4600,56.4498,900493,5455
2018-02-05 10:50:00,56.4400,56.3900,56.4400,56.3900,905508,4346
2018-02-05 10:51:00,56.4100,56.3300,56.4100,56.3400,910985,4730
2018-02-05 10:52:00,56.3450,56.3000,56.3200,56.3000,919662,7552
2018-02-05 10:53:00,56.3000,56.2650,56.3000,56.2650,923005,2800
2018-02-05 10:54:00,56.2800,56.2300,56.2800,56.2800,930048,6384
2018-02-05 10:55:00,56.3100,56.2650,56.2650,56.2800,933584,3477
2018-02-05 10:56:00,56.3100,56.2500,56.2890,56.3100,940726,5677
2018-02-05 10:57:00,56.3400,56.3000,56.3100,56.3300,947279,5444
2018-02-05 10:58:00,56.3250,56.2700,56.3250,56.3100,953995,5584
2018-02-05 10:59:00,56.3200,56.2800,56.2950,56.2800,958824,3459
2018-02-05 11:00:00,56.2900,56.2100,56.2900,56.2700,962399,3150
2018-02-05 11:01:00,56.3100,56.2600,56.2700,56.3100,967686,3738
2018-02-05 11:02:00,56.3050,56.2400,56.3000,56.2400,971679,3006
2018-02-05 11:03:00,56.2400,56.1700,56.2210,56.2300,980770,7032
2018-02-05 11:04:00,56.2500,56.2000,56.2100,56.2100,986096,4252
2018-02-05 11:05:00,56.2200,56.1295,56.2200,56.1550,988117,1254
2018-02-05 11:06:00,56.1300,56.1050,56.1300,56.1100,990095,1056
2018-02-05 11:07:00,56.1600,56.1100,56.1100,56.1600,996897,6072
2018-02-05 11:08:00,56.1300,56.0700,56.1300,56.0700,1001079,2840
2018-02-05 11:09:00,56.1000,56.0500,56.0500,56.1000,1004825,2380
2018-02-05 11:10:00,56.1100,56.0800,56.1000,56.0900,1010710,4653
2018-02-05 11:11:00,56.0900,56.0400,56.0900,56.0500,1013474,1924
2018-02-05 11:12:00,56.0500,56.0100,56.0300,56.0500,1019303,4973
2018-02-05 11:13:00,56.1100,56.0500,56.0500,56.1000,1022135,1997
2018-02-05 11:14:00,56.1000,56.0300,56.1000,56.0300,1027208,3800
2018-02-05 11:15:00,56.0300,55.9800,56.0300,56.0000,1037143,7411
2018-02-05 11:16:00,56.0600,56.0000,56.0000,56.0400,1041613,3265
2018-02-05 11:17:00,56.0400,56.0400,56.0400,56.0400,1041993,200
2018-02-05 11:18:00,56.0400,55.9999,56.0200,56.0400,1049583,6015
2018-02-05 11:19:00,56.0500,55.9800,56.0350,56.0150,1055955,5379
2018-02-05 11:20:00,56.0600,55.9900,56.0100,56.0600,1062376,5432
2018-02-05 11:21:00,56.0600,56.0100,56.0400,56.0100,1066595,3300
2018-02-05 11:22:00,56.0150,55.9600,56.0150,55.9600,1068315,1208
2018-02-05 11:23:00,55.9900,55.9600,55.9600,55.9900,1072091,2294
2018-02-05 11:24:00,56.0050,55.9750,55.9750,56.0000,1073255,800
2018-02-05 11:25:00,56.0500,56.0100,56.0300,56.0400,1078237,3947
2018-02-05 11:26:00,56.1200,56.0350,56.0400,56.1200,1081901,2800
2018-02-05 11:27:00,56.1400,56.0900,56.1300,56.1300,1087436,4429
2018-02-05 11:28:00,56.1900,56.1150,56.1300,56.1800,1090880,2104
2018-02-05 11:29:00,56.2600,56.1810,56.2000,56.2400,1100402,8296
2018-02-05 11:30:00,56.2400,56.1300,56.2400,56.1700,1106360,4791
2018-02-05 11:31:00,56.1500,56.1100,56.1500,56.1250,1110105,2908
2018-02-05 11:32:00,56.1250,56.0100,56.1250,56.0400,1116222,5650
2018-02-05 11:33:00,56.0400,56.0200,56.0400,56.0400,1119931,3200
2018-02-05 11:34:00,56.0500,56.0100,56.0400,56.0400,1123869,3600
2018-02-05 11:35:00,56.0900,56.0250,56.0400,56.0900,1128291,3500
2018-02-05 11:36:00,56.1400,56.0700,56.0800,56.0700,1133537,4707
2018-02-05 11:37:00,56.1300,56.0500,56.0800,56.1000,1138658,3900
2018-02-05 11:38:00,56.1500,56.0900,56.1200,56.1500,1143406,3900
2018-02-05 11:39:00,56.1700,56.1200,56.1400,56.1700,1146231,2200
2018-02-05 11:40:00,56.2300,56.1675,56.1700,56.2300,1148751,2300
2018-02-05 11:41:00,56.2300,56.1700,56.2300,56.2300,1152920,2900
2018-02-05 11:42:00,56.2300,56.1700,56.2300,56.2000,1156625,3415
2018-02-05 11:43:00,56.2300,56.1700,56.1900,56.2300,1159770,1900
2018-02-05 11:44:00,56.2300,56.1300,56.2300,56.1500,1164163,3708
2018-02-05 11:45:00,56.1800,56.1400,56.1400,56.1700,1166734,1800
2018-02-05 11:46:00,56.1900,56.1400,56.1400,56.1800,1169000,2000
2018-02-05 11:47:00,56.1900,56.1400,56.1900,56.1400,1171256,1900
2018-02-05 11:48:00,56.1600,56.1200,56.1400,56.1300,1174834,2717
2018-02-05 11:49:00,56.1400,56.1100,56.1200,56.1200,1176995,1800
2018-02-05 11:50:00,56.1500,56.1100,56.1200,56.1200,1181691,4285
2018-02-05 11:51:00,56.2000,56.1200,56.1300,56.1800,1222628,39795
2018-02-05 11:52:00,56.2400,56.1700,56.2000,56.2400,1231900,6878
2018-02-05 11:53:00,56.2500,56.2100,56.2250,56.2400,1234658,1700
2018-02-05 11:54:00,56.2500,56.2100,56.2400,56.2300,1236719,1300
2018-02-05 11:55:00,56.2600,56.2200,56.2400,56.2600,1238093,1000
2018-02-05 11:56:00,56.2800,56.2300,56.2600,56.2700,1243541,3900
2018-02-05 11:57:00,56.3100,56.2300,56.2700,56.2300,1250228,5050
2018-02-05 11:58:00,56.2700,56.2400,56.2400,56.2500,1255686,4200
2018-02-05 11:59:00,56.2600,56.2100,56.2500,56.2500,1259413,3200
2018-02-05 12:00:00,56.3300,56.2400,56.2400,56.3200,1267230,7500
2018-02-05 12:01:00,56.3300,56.2600,56.3150,56.3000,1272315,4300
2018-02-05 12:02:00,56.3100,56.2200,56.2800,56.2400,1282727,9661
2018-02-05 12:03:00,56.2344,56.1600,56.2344,56.1600,1287207,3800
2018-02-05 12:04:00,56.1600,56.1500,56.1600,56.1500,1288506,1000
2018-02-05 12:05:00,56.2099,56.1300,56.1500,56.1900,1297521,8016
2018-02-05 12:06:00,56.2500,56.1500,56.1900,56.2500,1308309,10111
2018-02-05 12:07:00,56.2700,56.2100,56.2600,56.2600,1314030,5518
2018-02-05 12:08:00,56.2500,56.2100,56.2400,56.2100,1317263,2100
2018-02-05 12:09:00,56.2300,56.1800,56.2100,56.1800,1324239,6108
2018-02-05 12:10:00,56.1900,56.1300,56.1800,56.1400,1329263,4429
2018-02-05 12:11:00,56.1600,56.1100,56.1300,56.1600,1337514,7457
2018-02-05 12:12:00,56.1900,56.1550,56.1550,56.1900,1340885,2937
2018-02-05 12:13:00,56.2500,56.1800,56.1900,56.2500,1343437,2000
2018-02-05 12:14:00,56.2700,56.2350,56.2500,56.2700,1345569,1983
2018-02-05 12:15:00,56.2400,56.1800,56.2300,56.1800,1351908,5921
2018-02-05 12:16:00,56.2100,56.1500,56.2000,56.1900,1359351,6646
2018-02-05 12:17:00,56.1700,56.1100,56.1700,56.1100,1374175,14302
2018-02-05 12:18:00,56.0900,55.9900,56.0900,55.9900,1378784,3706
2018-02-05 12:19:00,56.0500,56.0100,56.0200,56.0400,1382686,3050
2018-02-05 12:20:00,56.0000,55.9400,56.0000,55.9400,1384940,2134
2018-02-05 12:21:00,55.9700,55.9200,55.9200,55.9700,1388350,2200
2018-02-05 12:22:00,55.9700,55.9400,55.9700,55.9550,1389235,800
2018-02-05 12:23:00,55.9400,55.8400,55.9400,55.8400,1394320,3843
2018-02-05 12:24:00,55.8800,55.8100,55.8600,55.8800,1397403,2600
2018-02-05 12:25:00,55.9100,55.8200,55.8500,55.8200,1401723,3679
2018-02-05 12:26:00,55.8800,55.8200,55.8200,55.8600,1403583,1500
2018-02-05 12:27:00,55.9300,55.8700,55.8700,55.9300,1406013,1700
2018-02-05 12:28:00,55.9150,55.8800,55.9150,55.8800,1408716,2560
2018-02-05 12:29:00,55.8700,55.8000,55.8400,55.8600,1412303,2527
2018-02-05 12:30:00,55.8700,55.8400,55.8700,55.8700,1414061,1300
2018-02-05 12:31:00,55.9200,55.8500,55.8700,55.8901,1417126,2200
2018-02-05 12:32:00,55.9100,55.8900,55.9050,55.9100,1419365,1600
2018-02-05 12:33:00,55.9500,55.9000,55.9000,55.9100,1422924,2836
2018-02-05 12:34:00,55.9500,55.9100,55.9100,55.9400,1426333,2267
2018-02-05 12:35:00,55.9900,55.9300,55.9400,55.9900,1431962,4500
2018-02-05 12:36:00,55.9500,55.8798,55.9500,55.8798,1434949,2278
2018-02-05 12:37:00,55.9600,55.8507,55.8507,55.9600,1439307,3477
2018-02-05 12:38:00,55.9400,55.9000,55.9300,55.9400,1442012,2353
2018-02-05 12:39:00,56.0100,55.9500,55.9500,56.0100,1444723,1588
2018-02-05 12:40:00,55.9800,55.9150,55.9800,55.9150,1448115,2869
2018-02-05 12:41:00,56.0600,55.9300,55.9300,56.0600,1452639,3829
2018-02-05 12:42:00,56.0400,56.0100,56.0400,56.0200,1455534,2000
2018-02-05 12:43:00,56.0300,56.0150,56.0150,56.0300,1457068,1400
2018-02-05 12:44:00,56.0900,56.0100,56.0400,56.0900,1470411,12287
2018-02-05 12:45:00,56.1200,56.1000,56.1000,56.1100,1471856,1150
2018-02-05 12:46:00,56.1100,56.0900,56.1100,56.0900,1472481,200
2018-02-05 12:47:00,56.1300,56.0900,56.1050,56.1100,1484706,11416
2018-02-05 12:48:00,56.1300,56.0900,56.1100,56.1100,1499766,13701
2018-02-05 12:49:00,56.1200,56.1000,56.1000,56.1200,1500266,500
2018-02-05 12:50:00,56.1500,56.1000,56.1000,56.1200,1524925,23450
2018-02-05 12:51:00,56.1400,56.1000,56.1100,56.1100,1529805,4800
2018-02-05 12:52:00,56.1326,56.1100,56.1250,56.1300,1537583,7492
2018-02-05 12:53:00,56.1400,56.0800,56.1300,56.1000,1545545,7550
2018-02-05 12:54:00,56.1300,56.0800,56.1000,56.1000,1553023,6738
2018-02-05 12:55:00,56.1200,56.0900,56.1000,56.0950,1558921,5389
2018-02-05 12:56:00,56.1600,56.0800,56.0800,56.1300,1567294,7388
2018-02-05 12:57:00,56.1500,56.1100,56.1500,56.1150,1569736,1832
2018-02-05 12:58:00,56.1000,56.0700,56.1000,56.1000,1582481,12045
2018-02-05 12:59:00,56.0900,56.0400,56.0750,56.0800,1589473,5824
2018-02-05 13:00:00,56.1000,56.0500,56.0800,56.0800,1596683,6635
2018-02-05 13:01:00,56.0800,55.9300,56.0800,55.9800,1606881,9060
2018-02-05 13:02:00,55.9800,55.8800,55.9800,55.8800,1610239,2308
2018-02-05 13:03:00,55.8800,55.7600,55.8800,55.7600,1613022,1781
2018-02-05 13:04:00,55.8000,55.7600,55.7900,55.7899,1618956,4854
2018-02-05 13:05:00,55.7700,55.7100,55.7650,55.7100,1621774,2159
2018-02-05 13:06:00,55.7500,55.6800,55.6900,55.7500,1626020,3345
2018-02-05 13:07:00,55.7400,55.6600,55.7400,55.6850,1632917,5100
2018-02-05 13:08:00,55.6900,55.6400,55.6800,55.6400,1636197,2850
2018-02-05 13:09:00,55.7000,55.6400,55.6400,55.6700,1641880,5110
2018-02-05 13:10:00,55.7300,55.6400,55.6900,55.6900,1646814,4151
2018-02-05 13:11:00,55.6900,55.6400,55.6400,55.6500,1649214,2200
2018-02-05 13:12:00,55.6600,55.5800,55.6400,55.6000,1652308,2444
2018-02-05 13:13:00,55.6500,55.5700,55.5800,55.6500,1655272,2400
2018-02-05 13:14:00,55.7200,55.6700,55.6700,55.7200,1659340,3751
2018-02-05 13:15:00,55.7900,55.6800,55.6800,55.7410,1663543,2906
2018-02-05 13:16:00,55.7650,55.6800,55.7650,55.7500,1671853,7127
2018-02-05 13:17:00,55.7800,55.6500,55.7800,55.6900,1676672,4025
2018-02-05 13:18:00,55.7100,55.6256,55.6900,55.6256,1680987,2122
2018-02-05 13:19:00,55.6600,55.6400,55.6600,55.6400,1682796,1400
2018-02-05 13:20:00,55.6200,55.5500,55.6200,55.5500,1684649,1308
2018-02-05 13:21:00,55.6100,55.5000,55.5100,55.5800,1689784,4000
2018-02-05 13:22:00,55.6300,55.5600,55.6100,55.6100,1693753,3211
2018-02-05 13:23:00,55.6200,55.5400,55.5400,55.5900,1695730,1300
2018-02-05 13:24:00,55.6300,55.6000,55.6000,55.6300,1697219,1100
2018-02-05 13:25:00,55.6600,55.6100,55.6100,55.6500,1699192,1600
2018-02-05 13:26:00,55.6600,55.6100,55.6600,55.6300,1701923,2650
2018-02-05 13:27:00,55.6600,55.5200,55.6000,55.5200,1706606,3919
2018-02-05 13:28:00,55.6100,55.5200,55.5200,55.5900,1711669,4000
2018-02-05 13:29:00,55.5700,55.5000,55.5700,55.5000,1713472,1500
2018-02-05 13:30:00,55.6400,55.5200,55.5200,55.6000,1717318,3100
2018-02-05 13:31:00,55.7000,55.6000,55.6200,55.6750,1719740,1726
2018-02-05 13:32:00,55.7300,55.6500,55.6500,55.7300,1723078,2817
2018-02-05 13:33:00,55.7900,55.7000,55.7000,55.7525,1731616,7250
2018-02-05 13:34:00,55.8100,55.7400,55.7800,55.7400,1738423,5265
2018-02-05 13:35:00,55.7399,55.6000,55.7200,55.6400,1746530,6800
2018-02-05 13:36:00,55.7300,55.6400,55.6400,55.7200,1751847,4726
2018-02-05 13:37:00,55.6950,55.6400,55.6900,55.6400,1758464,5345
2018-02-05 13:38:00,55.6500,55.5800,55.6300,55.5900,1767386,6998
2018-02-05 13:39:00,55.6200,55.5400,55.5700,55.5400,1774752,6087
2018-02-05 13:40:00,55.5500,55.4800,55.5500,55.5200,1779527,3800
2018-02-05 13:41:00,55.6213,55.5300,55.5300,55.6213,1782283,1832
2018-02-05 13:42:00,55.6700,55.6000,55.6050,55.6300,1787712,4492
2018-02-05 13:43:00,55.6400,55.5000,55.6300,55.5100,1823081,34027
2018-02-05 13:44:00,55.5700,55.5000,55.5200,55.5500,1832668,8044
2018-02-05 13:45:00,55.5350,55.5000,55.5350,55.5000,1835768,2600
2018-02-05 13:46:00,55.5300,55.5000,55.5200,55.5200,1838820,2200
2018-02-05 13:47:00,55.6100,55.5200,55.5200,55.5800,1846283,6508
2018-02-05 13:48:00,55.6700,55.5550,55.5800,55.6700,1851756,4414
2018-02-05 13:49:00,55.6800,55.6200,55.6300,55.6300,1859268,6922
2018-02-05 13:50:00,55.7000,55.6100,55.6100,55.7000,1862893,1700
2018-02-05 13:51:00,55.7100,55.6700,55.6850,55.6900,1866131,2699
2018-02-05 13:52:00,55.7500,55.7100,55.7200,55.7500,1871436,3719
2018-02-05 13:53:00,55.7448,55.6500,55.7400,55.7000,1881583,9532
2018-02-05 13:54:00,55.7200,55.6800,55.6800,55.7000,1883706,1500
2018-02-05 13:55:00,55.7600,55.7000,55.7100,55.7300,1886973,2900
2018-02-05 13:56:00,55.8600,55.7200,55.7600,55.8600,1896211,7338
2018-02-05 13:57:00,55.8500,55.7800,55.8200,55.8500,1904014,6828
2018-02-05 13:58:00,55.8800,55.8500,55.8500,55.8700,1914711,9321
2018-02-05 13:59:00,55.9000,55.8300,55.8600,55.8500,1920091,4386
2018-02-05 14:00:00,55.9350,55.8500,55.8700,55.9350,1931932,10900
2018-02-05 14:01:00,55.9250,55.8300,55.9250,55.8800,1938677,5928
2018-02-05 14:02:00,55.8550,55.7700,55.8550,55.7700,1942168,3055
2018-02-05 14:03:00,55.7700,55.7100,55.7700,55.7600,1947258,4681
2018-02-05 14:04:00,55.7550,55.7100,55.7500,55.7300,1973995,26000
2018-02-05 14:05:00,55.7800,55.7100,55.7450,55.7100,1982045,7248
2018-02-05 14:06:00,55.7500,55.7000,55.7000,55.7000,1986117,3214
2018-02-05 14:07:00,55.7100,55.6700,55.6900,55.6700,1988756,1900
2018-02-05 14:08:00,55.6600,55.6200,55.6600,55.6300,1994484,5021
2018-02-05 14:09:00,55.6900,55.6100,55.6300,55.6600,2006637,11159
2018-02-05 14:10:00,55.6500,55.5700,55.6500,55.5800,2019740,11811
2018-02-05 14:11:00,55.6000,55.5600,55.5600,55.5800,2023058,2917
2018-02-05 14:12:00,55.6500,55.5700,55.6100,55.5700,2029254,5700
2018-02-05 14:13:00,55.6400,55.5600,55.5700,55.6400,2036447,6301
2018-02-05 14:14:00,55.6600,55.6200,55.6300,55.6300,2038590,1700
2018-02-05 14:15:00,55.6600,55.6300,55.6600,55.6450,2041355,1800
2018-02-05 14:16:00,55.6600,55.5800,55.6400,55.6500,2062279,19352
2018-02-05 14:17:00,55.6500,55.6300,55.6400,55.6300,2069676,6878
2018-02-05 14:18:00,55.6600,55.6200,55.6300,55.6400,2093471,22197
2018-02-05 14:19:00,55.6600,55.6300,55.6375,55.6500,2108785,14254
2018-02-05 14:20:00,55.6600,55.6400,55.6400,55.6400,2115839,6280
2018-02-05 14:21:00,55.6800,55.6300,55.6300,55.6600,2126864,10314
2018-02-05 14:22:00,55.6600,55.6100,55.6600,55.6200,2137876,9957
2018-02-05 14:23:00,55.6300,55.5150,55.6100,55.5645,2151415,12306
2018-02-05 14:24:00,55.5900,55.5600,55.5800,55.5700,2155187,3342
2018-02-05 14:25:00,55.5900,55.4500,55.5700,55.4500,2166672,9260
2018-02-05 14:26:00,55.4800,55.4300,55.4600,55.4400,2172173,4859
2018-02-05 14:27:00,55.4500,55.3800,55.3900,55.4050,2184884,11264
2018-02-05 14:28:00,55.4085,55.2900,55.4085,55.3090,2191484,6000
2018-02-05 14:29:00,55.3830,55.2900,55.3000,55.3675,2201662,9113
2018-02-05 14:30:00,55.3900,55.3400,55.3800,55.3900,2205857,4000
2018-02-05 14:31:00,55.3700,55.2900,55.3700,55.2900,2211215,3200
2018-02-05 14:32:00,55.3400,55.2600,55.3000,55.3400,2215140,3550
2018-02-05 14:33:00,55.3700,55.3100,55.3387,55.3100,2243289,26264
2018-02-05 14:34:00,55.3200,55.2250,55.3200,55.2300,2245324,1841
2018-02-05 14:35:00,55.2702,55.2300,55.2400,55.2400,2252522,6754
2018-02-05 14:36:00,55.2800,55.2200,55.2500,55.2397,2256331,3340
2018-02-05 14:37:00,55.3100,55.2500,55.2500,55.2800,2264601,7001
2018-02-05 14:38:00,55.2968,55.2700,55.2950,55.2930,2267602,3000
2018-02-05 14:39:00,55.2950,55.2350,55.2950,55.2400,2276577,7580
2018-02-05 14:40:00,55.2500,55.1900,55.2300,55.2300,2282853,5465
2018-02-05 14:41:00,55.2900,55.2200,55.2200,55.2631,2291759,7781
2018-02-05 14:42:00,55.2600,55.2300,55.2500,55.2400,2297550,5341
2018-02-05 14:43:00,55.2700,55.2400,55.2400,55.2600,2300880,3118
2018-02-05 14:44:00,55.2500,55.1900,55.2500,55.2100,2306885,3600
2018-02-05 14:45:00,55.2010,55.1400,55.2000,55.1800,2313846,5505
2018-02-05 14:46:00,55.2800,55.1800,55.1800,55.2300,2322743,7591
2018-02-05 14:47:00,55.2400,55.1800,55.2150,55.1800,2329246,5597
2018-02-05 14:48:00,55.2200,55.1500,55.1850,55.1500,2332963,2769
2018-02-05 14:49:00,55.1700,55.1300,55.1700,55.1300,2336700,3200
2018-02-05 14:50:00,55.1900,55.1200,55.1300,55.1600,2350798,13071
2018-02-05 14:51:00,55.1600,55.0900,55.1600,55.1100,2372180,19713
2018-02-05 14:52:00,55.0900,55.0400,55.0900,55.0500,2391503,18055
2018-02-05 14:53:00,55.0800,55.0300,55.0500,55.0450,2403536,11217
2018-02-05 14:54:00,55.1200,55.0500,55.0500,55.1100,2410718,6369
2018-02-05 14:55:00,55.1500,55.0800,55.1000,55.1050,2417498,6185
2018-02-05 14:56:00,55.1002,55.0500,55.0800,55.0800,2421482,2990
2018-02-05 14:57:00,55.0550,54.9700,55.0500,54.9700,2425337,3288
2018-02-05 14:58:00,54.9900,54.8700,54.9700,54.8800,2440059,13349
2018-02-05 14:59:00,54.9300,54.8400,54.8800,54.9000,2448633,7375
2018-02-05 15:00:00,54.9200,54.8400,54.8700,54.8600,2457188,7655
2018-02-05 15:01:00,54.8500,54.6400,54.8300,54.6700,2469172,10290
2018-02-05 15:02:00,54.7400,54.6500,54.6600,54.7100,2479713,9295
2018-02-05 15:03:00,54.7800,54.6700,54.6700,54.7700,2483402,3206
2018-02-05 15:04:00,54.8000,54.7600,54.7650,54.7700,2492740,8088
2018-02-05 15:05:00,54.7600,54.5400,54.7600,54.5500,2505436,10852
2018-02-05 15:06:00,54.5500,54.3800,54.5500,54.4300,2513336,6150
2018-02-05 15:07:00,54.4400,54.0400,54.4200,54.0900,2564449,47084
2018-02-05 15:08:00,54.1600,53.8800,54.0700,54.1400,2589723,23057
2018-02-05 15:09:00,54.1000,53.9200,54.1000,54.0210,2600107,8848
2018-02-05 15:10:00,54.0000,53.7200,54.0000,53.7400,2622843,18933
2018-02-05 15:11:00,53.7500,53.3500,53.7200,53.6550,2675973,49938
2018-02-05 15:12:00,53.9500,53.5600,53.6300,53.8400,2735105,55921
2018-02-05 15:13:00,54.4000,53.8300,53.8600,54.4000,2760977,22970
2018-02-05 15:14:00,54.5700,54.3400,54.3900,54.3550,2790769,28103
2018-02-05 15:15:00,54.5400,54.2600,54.3400,54.4750,2812986,19888
2018-02-05 15:16:00,54.7500,54.4750,54.4750,54.7500,2840316,24285
2018-02-05 15:17:00,55.1400,54.7200,54.7200,55.0850,2885832,42901
2018-02-05 15:18:00,55.4600,55.0700,55.1100,55.4600,2898844,11378
2018-02-05 15:19:00,55.5400,55.0700,55.3950,55.0700,3020135,109368
2018-02-05 15:20:00,55.1200,54.8300,54.9800,54.8500,3048554,27055
2018-02-05 15:21:00,54.9400,54.7200,54.8500,54.7700,3093262,40018
2018-02-05 15:22:00,54.9600,54.7500,54.7900,54.9500,3113975,19785
2018-02-05 15:23:00,55.0100,54.8700,54.9900,54.9300,3134679,16911
2018-02-05 15:24:00,55.0668,54.9700,54.9900,55.0050,3149755,12629
2018-02-05 15:25:00,55.0800,54.9600,55.0000,55.0600,3173744,20610
2018-02-05 15:26:00,55.1600,55.0500,55.0850,55.1200,3191141,15890
2018-02-05 15:27:00,55.1499,55.0400,55.1499,55.0900,3211275,17749
2018-02-05 15:28:00,55.2200,55.0500,55.1100,55.1600,3229847,16679
2018-02-05 15:29:00,55.3000,55.1200,55.1400,55.2700,3275248,43020
2018-02-05 15:30:00,55.3000,55.1600,55.2100,55.2600,3289474,12849
2018-02-05 15:31:00,55.2900,55.0100,55.2900,55.0200,3321336,28575
2018-02-05 15:32:00,55.0500,54.8800,55.0500,54.8900,3349600,26665
2018-02-05 15:33:00,55.1400,54.9150,54.9150,55.1229,3368130,16927
2018-02-05 15:34:00,55.1700,55.0500,55.1200,55.1700,3384710,13499
2018-02-05 15:35:00,55.1800,54.9900,55.1700,55.0500,3395654,9412
2018-02-05 15:36:00,55.1300,54.9500,54.9900,55.0100,3411647,14175
2018-02-05 15:37:00,55.0250,54.7000,54.9850,54.7500,3432219,19153
2018-02-05 15:38:00,54.7800,54.6800,54.7100,54.7200,3462385,26023
2018-02-05 15:39:00,54.8000,54.6500,54.7500,54.6800,3482745,17599
2018-02-05 15:40:00,54.7200,54.5700,54.6600,54.6300,3497379,13930
2018-02-05 15:41:00,54.6150,54.3600,54.5800,54.3800,3517565,17791
2018-02-05 15:42:00,54.6100,54.3550,54.3550,54.5300,3550736,30380
2018-02-05 15:43:00,54.6300,54.5350,54.5400,54.6200,3568599,14924
2018-02-05 15:44:00,54.7400,54.5600,54.6300,54.6650,3589879,19801
2018-02-05 15:45:00,54.7300,54.6000,54.6650,54.7000,3610878,19485
2018-02-05 15:46:00,54.7200,54.4900,54.7200,54.5700,3642637,28244
2018-02-05 15:47:00,54.6900,54.4900,54.5700,54.5600,3672548,25889
2018-02-05 15:48:00,54.5900,54.4900,54.5750,54.5100,3705217,29613
2018-02-05 15:49:00,54.6300,54.4900,54.5200,54.6250,3732341,23189
2018-02-05 15:50:00,54.6400,54.4100,54.6400,54.4100,3785715,50324
2018-02-05 15:51:00,54.5000,54.3600,54.4100,54.3900,3827134,37437
2018-02-05 15:52:00,54.4200,54.2500,54.3900,54.2500,3861591,31658
2018-02-05 15:53:00,54.2800,54.1700,54.2700,54.2000,3886929,22192
2018-02-05 15:54:00,54.2750,54.2100,54.2100,54.2300,3924525,32500
2018-02-05 15:55:00,54.2500,54.1500,54.2500,54.2300,3962571,33547
2018-02-05 15:56:00,54.3300,54.2100,54.2100,54.2400,4010838,43449
2018-02-05 15:57:00,54.3550,54.2300,54.2500,54.3100,4060967,44423
2018-02-05 15:58:00,54.4000,54.3100,54.3100,54.3900,4104149,39096
2018-02-05 15:59:00,54.4200,54.3700,54.3900,54.4000,4168596,58872
2018-02-05 16:00:00,54.4000,54.0500,54.4000,54.0700,4268610,87215
2018-02-06 09:31:00,52.9900,51.6200,52.9000,51.6240,47438,37767
2018-02-06 09:32:00,52.5800,51.6200,51.6200,52.5750,71608,21920
2018-02-06 09:33:00,52.8600,52.5200,52.5650,52.5200,96018,22975
2018-02-06 09:34:00,53.0500,52.5200,52.6300,53.0500,185253,87991
2018-02-06 09:35:00,53.0400,52.8500,52.9850,52.8900,223944,36073
2018-02-06 09:36:00,53.2100,52.8800,52.9200,53.0400,247430,21037
2018-02-06 09:37:00,53.2100,53.0000,53.0200,53.2100,274973,26584
2018-02-06 09:38:00,53.5300,53.3500,53.3500,53.3600,277871,2800
2018-02-06 09:39:00,53.5500,53.2600,53.4497,53.4500,296556,17976
2018-02-06 09:40:00,53.6200,53.4500,53.4500,53.6199,305174,7776
2018-02-06 09:41:00,53.6000,53.3300,53.6000,53.3400,311769,5900
2018-02-06 09:42:00,53.6290,53.3100,53.3100,53.5800,330211,16602
2018-02-06 09:43:00,54.0150,53.5900,53.6000,54.0150,346057,14411
2018-02-06 09:44:00,54.1100,53.9600,54.0250,54.0100,363198,14523
2018-02-06 09:45:00,54.1300,53.9300,54.0000,53.9338,397830,32224
2018-02-06 09:46:00,54.0100,53.8900,53.9200,53.9000,415660,15430
2018-02-06 09:47:00,54.2500,53.8100,53.8900,54.2500,430702,11351
2018-02-06 09:48:00,54.2900,53.9100,54.2200,53.9100,453080,20056
2018-02-06 09:49:00,54.4100,53.9200,53.9500,54.2200,506241,49696
2018-02-06 09:50:00,54.2800,54.0500,54.2500,54.0800,514874,7800
2018-02-06 09:51:00,54.3600,54.1150,54.1300,54.3100,522699,7241
2018-02-06 09:52:00,54.4100,54.2700,54.3145,54.3500,529491,6423
2018-02-06 09:53:00,54.4700,54.3300,54.3800,54.4400,538681,8331
2018-02-06 09:54:00,54.7350,54.4240,54.4240,54.7350,544307,4501
2018-02-06 09:55:00,54.8200,54.7300,54.7358,54.7750,548774,4300
2018-02-06 09:56:00,54.9900,54.7100,54.7800,54.9150,572239,21233
2018-02-06 09:57:00,54.9250,54.6800,54.9250,54.7000,582230,9015
2018-02-06 09:58:00,54.6950,54.4200,54.6950,54.4500,591106,7982
2018-02-06 09:59:00,54.4800,54.1900,54.4200,54.3500,615485,22847
2018-02-06 10:00:00,54.5000,54.3900,54.3900,54.4800,621404,5100
2018-02-06 10:01:00,54.6500,54.4900,54.4900,54.5900,631711,9300
2018-02-06 10:02:00,54.7600,54.5900,54.6150,54.6200,642717,10342
2018-02-06 10:03:00,54.6550,54.4500,54.6550,54.4750,651283,7589
2018-02-06 10:04:00,54.7000,54.5000,54.5000,54.6400,660741,8534
2018-02-06 10:05:00,54.8500,54.6800,54.6800,54.7800,669702,8215
2018-02-06 10:06:00,55.1100,54.7800,54.7800,55.0600,680757,9823
2018-02-06 10:07:00,55.1000,54.9000,55.1000,54.9300,697540,15333
2018-02-06 10:08:00,55.0300,54.8500,54.9300,54.9900,714167,14452
2018-02-06 10:09:00,55.0100,54.7450,54.9800,54.8400,735907,20583
2018-02-06 10:10:00,54.8600,54.5400,54.8600,54.6050,745812,9000
2018-02-06 10:11:00,54.8700,54.6000,54.6300,54.7400,759892,12194
2018-02-06 10:12:00,54.8300,54.6100,54.7550,54.7400,771864,10949
2018-02-06 10:13:00,54.7050,54.6200,54.6950,54.6550,778315,5272
2018-02-06 10:14:00,54.7000,54.6300,54.6500,54.7000,789086,9545
2018-02-06 10:15:00,54.7900,54.6700,54.7000,54.7700,798128,8152
2018-02-06 10:16:00,54.7900,54.7100,54.7400,54.7300,811790,11758
2018-02-06 10:17:00,54.7300,54.3400,54.7300,54.3400,824536,11246
2018-02-06 10:18:00,54.4200,54.3000,54.3300,54.3500,844010,18115
2018-02-06 10:19:00,54.4200,54.0900,54.3700,54.3050,859940,14061
2018-02-06 10:20:00,54.4500,54.2500,54.3200,54.3300,875909,14763
2018-02-06 10:21:00,54.7000,54.3200,54.3200,54.4900,888104,10875
2018-02-06 10:22:00,54.5600,54.3800,54.4950,54.4700,906988,17125
2018-02-06 10:23:00,54.4800,54.3000,54.4800,54.3100,923680,15642
2018-02-06 10:24:00,54.3300,54.0800,54.3100,54.1150,930037,5402
2018-02-06 10:25:00,54.1100,53.8250,54.1100,54.0700,944423,13037
2018-02-06 10:26:00,54.1500,53.9000,54.1100,54.1400,969489,24377
2018-02-06 10:27:00,54.2500,54.1200,54.1600,54.2400,974651,4566
2018-02-06 10:28:00,54.1950,53.9700,54.1950,54.1300,989128,13062
2018-02-06 10:29:00,54.3000,54.1050,54.1050,54.2400,1001411,10735
2018-02-06 10:30:00,54.2800,54.1600,54.2150,54.2400,1020611,18470
2018-02-06 10:31:00,54.3200,54.2000,54.2300,54.2100,1029714,7150
2018-02-06 10:32:00,54.3700,54.1600,54.2200,54.2300,1044620,13495
2018-02-06 10:33:00,54.3599,54.1800,54.2700,54.3100,1060959,13779
2018-02-06 10:34:00,54.4000,54.2700,54.3050,54.3200,1071743,9557
2018-02-06 10:35:00,54.4500,54.2900,54.3050,54.3200,1084143,10286
2018-02-06 10:36:00,54.3400,54.2200,54.3400,54.2200,1092950,6691
2018-02-06 10:37:00,54.2400,54.1100,54.2350,54.1100,1108265,13231
2018-02-06 10:38:00,54.3000,54.0800,54.1050,54.2750,1121145,11232
2018-02-06 10:39:00,54.3000,54.0700,54.3000,54.1800,1132037,9781
2018-02-06 10:40:00,54.3800,54.2100,54.2100,54.3550,1137007,3879
2018-02-06 10:41:00,54.4400,54.3500,54.3800,54.4200,1153085,14204
2018-02-06 10:42:00,54.4150,54.1400,54.4150,54.2500,1162491,7617
2018-02-06 10:43:00,54.4700,54.2000,54.2800,54.4250,1180140,15350
2018-02-06 10:44:00,54.4100,54.2600,54.3900,54.3400,1189255,8319
2018-02-06 10:45:00,54.5150,54.2400,54.2900,54.4887,1200512,9745
2018-02-06 10:46:00,54.6700,54.4700,54.4850,54.6700,1218291,15921
2018-02-06 10:47:00,54.6400,54.4500,54.6100,54.6150,1229031,9950
2018-02-06 10:48:00,54.6230,54.4600,54.6150,54.5600,1240641,11400
2018-02-06 10:49:00,54.7000,54.5100,54.5100,54.6600,1250525,8760
2018-02-06 10:50:00,54.6600,54.4900,54.6300,54.5195,1259701,8300
2018-02-06 10:51:00,54.6400,54.4500,54.5200,54.4600,1269892,8614
2018-02-06 10:52:00,54.5650,54.4000,54.4450,54.4800,1281668,10407
2018-02-06 10:53:00,54.6900,54.4500,54.4900,54.6300,1292190,9750
2018-02-06 10:54:00,54.7100,54.4800,54.6550,54.6050,1307523,13393
2018-02-06 10:55:00,54.6900,54.5200,54.5600,54.6000,1336359,27209
2018-02-06 10:56:00,54.6650,54.5500,54.6100,54.5500,1338284,1460
2018-02-06 10:57:00,54.6300,54.4900,54.5800,54.5000,1351012,10222
2018-02-06 10:58:00,54.6000,54.4300,54.4700,54.5700,1361347,9623
2018-02-06 10:59:00,54.5200,54.4000,54.5200,54.4300,1366634,5030
2018-02-06 11:00:00,54.4300,54.3500,54.3900,54.3700,1376438,9000
2018-02-06 11:01:00,54.3800,54.1800,54.3800,54.2000,1381540,3898
2018-02-06 11:02:00,54.3200,54.1500,54.1650,54.2600,1396124,12108
2018-02-06 11:03:00,54.2600,54.1400,54.2600,54.1950,1401149,4070
2018-02-06 11:04:00,54.3600,54.2000,54.2300,54.3600,1414177,10819
2018-02-06 11:05:00,54.3800,54.1800,54.3800,54.3450,1424054,7809
2018-02-06 11:06:00,54.4600,54.2900,54.3300,54.4250,1430609,5414
2018-02-06 11:07:00,54.4400,54.3100,54.4200,54.3100,1437358,5637
2018-02-06 11:08:00,54.4600,54.3300,54.3300,54.4350,1440263,2700
2018-02-06 11:09:00,54.4400,54.2900,54.4200,54.2900,1446838,5345
2018-02-06 11:10:00,54.3700,54.1500,54.2500,54.3400,1460461,11921
2018-02-06 11:11:00,54.3250,54.2300,54.3250,54.2750,1463092,2220
2018-02-06 11:12:00,54.4300,54.2400,54.2750,54.3000,1474704,9888
2018-02-06 11:13:00,54.3300,54.1600,54.2950,54.1600,1482316,6047
2018-02-06 11:14:00,54.2100,54.1500,54.1800,54.1650,1487163,4099
2018-02-06 11:15:00,54.3100,54.1200,54.1400,54.2600,1500357,10315
2018-02-06 11:16:00,54.3700,54.2100,54.2800,54.3050,1507499,5591
2018-02-06 11:17:00,54.4700,54.2600,54.2600,54.4000,1514455,5400
2018-02-06 11:18:00,54.3700,54.2100,54.3400,54.2700,1528375,12963
2018-02-06 11:19:00,54.3900,54.2000,54.2500,54.3720,1542487,11465
2018-02-06 11:20:00,54.3600,54.2300,54.3500,54.3400,1550766,6807
2018-02-06 11:21:00,54.5450,54.3650,54.3650,54.5450,1571597,16654
2018-02-06 11:22:00,54.5400,54.4500,54.5400,54.5001,1586156,12563
2018-02-06 11:23:00,54.5900,54.4300,54.5300,54.5100,1600993,12161
2018-02-06 11:24:00,54.5650,54.4400,54.5500,54.5000,1615238,12370
2018-02-06 11:25:00,54.5400,54.4200,54.5150,54.5100,1645394,28962
2018-02-06 11:26:00,54.4900,54.2600,54.4800,54.2950,1659695,11822
2018-02-06 11:27:00,54.5300,54.3200,54.3200,54.4500,1676835,15754
2018-02-06 11:28:00,54.6500,54.4200,54.4900,54.6500,1697400,18207
2018-02-06 11:29:00,54.6900,54.5700,54.5800,54.6900,1716717,17276
2018-02-06 11:30:00,54.6600,54.5300,54.6600,54.6300,1748797,28195
2018-02-06 11:31:00,54.6700,54.4900,54.6450,54.5500,1763629,12646
2018-02-06 11:32:00,54.6400,54.3300,54.5450,54.3300,1812056,46701
2018-02-06 11:33:00,54.5100,54.3400,54.3600,54.3900,1823137,10101
2018-02-06 11:34:00,54.4000,54.2000,54.3600,54.2000,1827091,3597
2018-02-06 11:35:00,54.2300,54.1200,54.1800,54.2000,1835543,6821
2018-02-06 11:36:00,54.3300,54.1700,54.2500,54.3200,1845190,8066
2018-02-06 11:37:00,54.3900,54.2400,54.3200,54.3500,1872209,25316
2018-02-06 11:38:00,54.4700,54.1900,54.4000,54.1900,1880735,7536
2018-02-06 11:39:00,54.4500,54.1500,54.2150,54.4500,1890994,8510
2018-02-06 11:40:00,54.5100,54.3700,54.4250,54.5000,1915078,22317
2018-02-06 11:41:00,54.5800,54.4850,54.5050,54.5800,1933304,16772
2018-02-06 11:42:00,54.6300,54.5200,54.5800,54.5500,1949046,14655
2018-02-06 11:43:00,54.5500,54.4600,54.5300,54.4600,1957752,8200
2018-02-06 11:44:00,54.6050,54.4600,54.4700,54.6050,1969616,10969
2018-02-06 11:45:00,54.6450,54.5250,54.5700,54.5250,1975992,4860
2018-02-06 11:46:00,54.5250,54.4600,54.5250,54.4700,1982269,5929
2018-02-06 11:47:00,54.4750,54.4000,54.4750,54.4100,2050292,67124
2018-02-06 11:48:00,54.4350,54.3500,54.4300,54.3500,2069931,19219
2018-02-06 11:49:00,54.4300,54.3200,54.3500,54.3700,2077687,6850
2018-02-06 11:50:00,54.5000,54.3300,54.3750,54.4700,2090711,11797
2018-02-06 11:51:00,54.4700,54.3900,54.4700,54.3900,2120328,26917
2018-02-06 11:52:00,54.7400,54.4200,54.4200,54.7300,2168496,46540
2018-02-06 11:53:00,55.7500,54.7900,54.7900,55.6900,2265516,88596
2018-02-06 11:54:00,55.7800,55.4000,55.7300,55.6200,2339867,69826
2018-02-06 11:55:00,55.7600,55.3500,55.6150,55.6500,2388093,45041
2018-02-06 11:56:00,56.0400,55.5450,55.5500,56.0252,2423696,32556
2018-02-06 11:57:00,56.3100,55.5200,55.9900,55.5200,2482329,54898
2018-02-06 11:58:00,55.8000,55.4600,55.5700,55.7700,2507616,23994
2018-02-06 11:59:00,55.9050,55.7400,55.7500,55.8450,2569410,56758
2018-02-06 12:00:00,56.0200,55.8200,55.8450,55.8850,2612340,40346
2018-02-06 12:01:00,56.1200,55.8850,55.8850,56.0600,2695595,78818
2018-02-06 12:02:00,56.1000,55.6900,56.0700,55.6900,2762926,63050
2018-02-06 12:03:00,55.7500,55.6300,55.6500,55.6500,2790304,24203
2018-02-06 12:04:00,55.7900,55.6500,55.6550,55.6900,2807096,15287
2018-02-06 12:05:00,55.6700,55.6500,55.6700,55.6500,2884647,73886
2018-02-06 12:06:00,55.6600,55.4500,55.6550,55.5100,2941004,51524
2018-02-06 12:07:00,55.6000,55.5100,55.5100,55.5500,2979034,33393
2018-02-06 12:08:00,55.5700,55.4900,55.5500,55.5100,3038890,58084
2018-02-06 12:09:00,55.6000,55.5100,55.5200,55.5500,3065020,24297
2018-02-06 12:10:00,55.6900,55.5600,55.5700,55.5600,3081143,14372
2018-02-06 12:11:00,55.5600,55.4500,55.5600,55.4900,3089677,7718
2018-02-06 12:12:00,55.5800,55.4800,55.5200,55.4900,3101874,10567
2018-02-06 12:13:00,55.6000,55.4900,55.4900,55.5950,3113226,9009
2018-02-06 12:14:00,56.2100,55.5800,55.5950,56.2100,3159759,42480
2018-02-06 12:15:00,56.2200,55.8600,56.2200,56.0200,3229794,68194
2018-02-06 12:16:00,56.0900,55.9500,56.0200,56.0300,3253534,21907
2018-02-06 12:17:00,56.0400,55.9600,56.0300,55.9600,3289001,31043
2018-02-06 12:18:00,56.0200,55.8800,55.9300,55.9700,3328988,37921
2018-02-06 12:19:00,56.0000,55.7400,55.9700,55.7400,3355756,25540
2018-02-06 12:20:00,55.7600,55.6300,55.7000,55.7200,3368383,11501
2018-02-06 12:21:00,55.8200,55.7500,55.7600,55.7500,3382457,11436
2018-02-06 12:22:00,55.8500,55.6900,55.7300,55.8000,3408689,22827
2018-02-06 12:23:00,55.8600,55.7350,55.8300,55.7350,3448315,35383
2018-02-06 12:24:00,55.8300,55.7000,55.7400,55.7300,3484082,34531
2018-02-06 12:25:00,55.8600,55.7350,55.7600,55.8600,3494445,8386
2018-02-06 12:26:00,55.8400,55.7400,55.7900,55.8250,3500620,5358
2018-02-06 12:27:00,55.9900,55.8400,55.8400,55.9700,3520170,18403
2018-02-06 12:28:00,56.0400,55.8900,55.9500,56.0400,3527741,6796
2018-02-06 12:29:00,56.0500,55.9200,56.0250,55.9800,3535146,6569
2018-02-06 12:30:00,56.1600,55.9400,55.9645,56.0900,3545917,8700
2018-02-06 12:31:00,56.3700,56.0300,56.0350,56.1700,3567690,19985
2018-02-06 12:32:00,56.1900,56.0800,56.1500,56.1100,3573562,5203
2018-02-06 12:33:00,56.1900,55.9900,56.0800,55.9900,3583176,9068
2018-02-06 12:34:00,56.0300,55.8800,56.0050,55.9300,3589124,5800
2018-02-06 12:35:00,55.9000,55.8200,55.8900,55.8400,3594449,5185
2018-02-06 12:36:00,55.8700,55.7200,55.8700,55.7400,3608234,12264
2018-02-06 12:37:00,55.9000,55.7100,55.7200,55.8300,3619696,9216
2018-02-06 12:38:00,55.9800,55.7700,55.8000,55.9600,3628189,8004
2018-02-06 12:39:00,56.2450,55.9300,55.9300,56.2150,3637291,7663
2018-02-06 12:40:00,56.3800,56.0800,56.1900,56.3400,3689674,51301
2018-02-06 12:41:00,56.4500,56.2100,56.3700,56.2800,3740137,48372
2018-02-06 12:42:00,56.4100,56.2000,56.2400,56.3799,3769251,28622
2018-02-06 12:43:00,56.3400,56.0900,56.3200,56.0950,3789191,18684
2018-02-06 12:44:00,56.2900,56.0600,56.0600,56.2900,3820303,29024
2018-02-06 12:45:00,56.3600,56.2000,56.2500,56.2513,3875572,52598
2018-02-06 12:46:00,56.4000,56.1700,56.2900,56.1800,3897485,20353
2018-02-06 12:47:00,56.3300,56.1400,56.1900,56.2500,3922292,20976
2018-02-06 12:48:00,56.2900,56.2000,56.2700,56.2900,3955697,29994
2018-02-06 12:49:00,56.3400,56.2200,56.3100,56.3250,3993826,35623
2018-02-06 12:50:00,56.3300,56.1500,56.3100,56.2700,4115140,120100
2018-02-06 12:51:00,56.3100,56.2400,56.2450,56.2900,4134624,18604
2018-02-06 12:52:00,56.3100,56.1300,56.2800,56.2300,4176106,38069
2018-02-06 12:53:00,56.2300,56.1400,56.2200,56.1500,4192996,14644
2018-02-06 12:54:00,56.2200,56.1500,56.1600,56.2000,4208338,14088
2018-02-06 12:55:00,56.2200,56.1000,56.2000,56.1625,4219229,8168
2018-02-06 12:56:00,56.1650,56.0500,56.1600,56.1350,4260449,39112
2018-02-06 12:57:00,56.1100,56.0400,56.1050,56.1000,4284393,22841
2018-02-06 12:58:00,56.0700,56.0200,56.0700,56.0400,4300349,14281
2018-02-06 12:59:00,56.0800,55.9650,56.0300,56.0800,4314564,12202
2018-02-06 13:00:00,56.1200,56.0600,56.0800,56.0900,4324623,8941
2018-02-06 13:01:00,56.0800,55.9700,56.0700,56.0300,4335130,7547
2018-02-06 13:02:00,56.0500,55.9700,56.0200,56.0350,4366152,29721
2018-02-06 13:03:00,56.0950,55.9600,56.0350,55.9600,4387855,19223
2018-02-06 13:04:00,55.9600,55.7600,55.9400,55.8100,4413658,23865
2018-02-06 13:05:00,56.0200,55.8000,55.8100,55.9850,4446241,31162
2018-02-06 13:06:00,56.0400,55.9300,56.0000,55.9800,4468320,19724
2018-02-06 13:07:00,55.9850,55.8800,55.9800,55.9600,4477480,7847
2018-02-06 13:08:00,55.9700,55.9000,55.9400,55.9700,4482869,5197
2018-02-06 13:09:00,55.9600,55.8400,55.9550,55.8600,4494342,9420
2018-02-06 13:10:00,55.8600,55.8000,55.8300,55.8200,4503803,8069
2018-02-06 13:11:00,55.8500,55.7600,55.8100,55.7800,4519665,14166
2018-02-06 13:12:00,55.8500,55.7200,55.8200,55.7700,4525134,4551
2018-02-06 13:13:00,55.8400,55.7550,55.7550,55.8250,4532291,6383
2018-02-06 13:14:00,56.0250,55.8100,55.8100,56.0000,4546715,11729
2018-02-06 13:15:00,56.0100,55.9500,55.9700,55.9500,4551183,3900
2018-02-06 13:16:00,56.0500,55.9200,55.9400,56.0300,4559888,7551
2018-02-06 13:17:00,56.1300,55.9600,55.9900,56.1200,4574116,12385
2018-02-06 13:18:00,56.1400,56.0200,56.1200,56.0300,4585818,9448
2018-02-06 13:19:00,56.1400,56.0300,56.0800,56.0800,4594826,7707
2018-02-06 13:20:00,56.2100,56.0600,56.0900,56.2100,4606614,9263
2018-02-06 13:21:00,56.1850,55.9800,56.1700,55.9900,4612116,4927
2018-02-06 13:22:00,56.1100,55.9700,55.9750,56.0500,4623250,10426
2018-02-06 13:23:00,56.1300,56.0400,56.0400,56.0700,4632353,7137
2018-02-06 13:24:00,56.1100,55.9800,56.1000,56.0700,4644279,9963
2018-02-06 13:25:00,56.1500,56.0200,56.0900,56.0200,4661137,14257
2018-02-06 13:26:00,56.1800,56.0000,56.0400,56.1800,4669007,6970
2018-02-06 13:27:00,56.1700,56.1000,56.1100,56.1250,4671026,1814
2018-02-06 13:28:00,56.1250,55.9900,56.1250,56.0600,4685699,12664
2018-02-06 13:29:00,56.1300,55.9800,56.0300,56.1100,4695500,8743
2018-02-06 13:30:00,56.1100,56.0190,56.0600,56.0950,4701947,5366
2018-02-06 13:31:00,56.1000,55.9300,56.0850,55.9550,4723047,18563
2018-02-06 13:32:00,56.0300,55.8900,55.9700,55.9300,4741068,16917
2018-02-06 13:33:00,55.9500,55.9100,55.9400,55.9300,4754571,11455
2018-02-06 13:34:00,55.9300,55.7800,55.9100,55.7800,4758813,3393
2018-02-06 13:35:00,55.7900,55.7200,55.7700,55.7500,4762949,3598
2018-02-06 13:36:00,55.8900,55.7200,55.7700,55.8900,4776953,11650
2018-02-06 13:37:00,55.9600,55.8300,55.8700,55.9500,4784217,6473
2018-02-06 13:38:00,55.9900,55.8800,55.9700,55.9300,4797275,10301
2018-02-06 13:39:00,56.0100,55.8700,55.9350,55.9200,4807676,9088
2018-02-06 13:40:00,55.9600,55.8500,55.9245,55.9100,4812706,4965
2018-02-06 13:41:00,55.9300,55.8000,55.8900,55.8000,4817232,3853
2018-02-06 13:42:00,55.8200,55.7300,55.7700,55.7800,4820893,3100
2018-02-06 13:43:00,55.9200,55.7300,55.7517,55.8600,4842784,18178
2018-02-06 13:44:00,55.8400,55.7800,55.7950,55.8200,4851640,7375
2018-02-06 13:45:00,55.8600,55.8100,55.8500,55.8100,4857250,4500
2018-02-06 13:46:00,55.8600,55.7700,55.8250,55.7850,4880136,20771
2018-02-06 13:47:00,55.9000,55.7800,55.8000,55.9000,4897286,14752
2018-02-06 13:48:00,55.9000,55.7550,55.9000,55.7550,4900183,2312
2018-02-06 13:49:00,55.7600,55.7200,55.7550,55.7400,4915993,13148
2018-02-06 13:50:00,55.7700,55.6500,55.7300,55.6500,4970803,53406
2018-02-06 13:51:00,55.6700,55.5000,55.6700,55.5100,4995197,23397
2018-02-06 13:52:00,55.5000,55.4600,55.4700,55.4850,4998602,3160
2018-02-06 13:53:00,55.5000,55.4000,55.4990,55.4200,5011032,11467
2018-02-06 13:54:00,55.4800,55.4000,55.4200,55.4300,5031489,18930
2018-02-06 13:55:00,55.4600,55.3245,55.4400,55.3245,5037891,5503
2018-02-06 13:56:00,55.4700,55.2800,55.3467,55.4500,5072393,33446
2018-02-06 13:57:00,55.7100,55.4400,55.4700,55.5300,5100021,27017
2018-02-06 13:58:00,55.5300,55.2600,55.5000,55.3200,5117138,15851
2018-02-06 13:59:00,55.5400,55.2800,55.3400,55.4150,5131566,13336
2018-02-06 14:00:00,55.4800,55.3700,55.4150,55.4500,5142004,10212
2018-02-06 14:01:00,55.4350,55.3500,55.4100,55.3700,5170602,27824
2018-02-06 14:02:00,55.3700,55.3300,55.3600,55.3700,5184051,12338
2018-02-06 14:03:00,55.5300,55.3450,55.3600,55.5000,5237603,50934
2018-02-06 14:04:00,55.5200,55.4300,55.4900,55.4625,5279926,41326
2018-02-06 14:05:00,55.4800,55.4300,55.4350,55.4450,5285445,5300
2018-02-06 14:06:00,55.5400,55.3710,55.4600,55.4100,5304932,17341
2018-02-06 14:07:00,55.5100,55.4000,55.4100,55.5100,5317697,11981
2018-02-06 14:08:00,55.6400,55.4700,55.4950,55.6000,5328695,9270
2018-02-06 14:09:00,55.6100,55.5200,55.5750,55.5300,5339658,9250
2018-02-06 14:10:00,55.6100,55.4700,55.5200,55.6100,5359070,16017
2018-02-06 14:11:00,55.7100,55.5200,55.5850,55.6750,5386035,25278
2018-02-06 14:12:00,55.8400,55.7000,55.7000,55.8400,5396975,9530
2018-02-06 14:13:00,55.8400,55.6700,55.8400,55.7800,5415563,17969
2018-02-06 14:14:00,55.8300,55.7100,55.7600,55.8300,5427396,10793
2018-02-06 14:15:00,55.9300,55.7400,55.8100,55.7400,5443856,15129
2018-02-06 14:16:00,55.7850,55.5400,55.7850,55.7200,5453972,9680
2018-02-06 14:17:00,55.7900,55.6500,55.7500,55.6800,5461501,6610
2018-02-06 14:18:00,55.7000,55.5300,55.6800,55.6200,5475502,13361
2018-02-06 14:19:00,55.7300,55.6000,55.6400,55.6750,5490373,13749
2018-02-06 14:20:00,55.8100,55.6650,55.7000,55.6700,5503558,9689
2018-02-06 14:21:00,55.8300,55.6000,55.6800,55.8300,5519810,15005
2018-02-06 14:22:00,55.9000,55.7900,55.8300,55.8200,5524235,3800
2018-02-06 14:23:00,55.8900,55.7300,55.8050,55.7300,5538740,13164
2018-02-06 14:24:00,55.7600,55.6700,55.7000,55.7300,5552216,12551
2018-02-06 14:25:00,55.8000,55.6600,55.7500,55.7300,5560817,6130
2018-02-06 14:26:00,55.7300,55.6850,55.6950,55.6950,5569551,7995
2018-02-06 14:27:00,55.8600,55.7000,55.7100,55.7400,5583339,12724
2018-02-06 14:28:00,55.7800,55.7100,55.7300,55.7800,5591296,7312
2018-02-06 14:29:00,55.8400,55.7600,55.7750,55.7900,5596595,4354
2018-02-06 14:30:00,55.8100,55.7450,55.7700,55.8000,5603923,5502
2018-02-06 14:31:00,55.7900,55.6900,55.7600,55.7400,5613759,8662
2018-02-06 14:32:00,55.9300,55.7600,55.7600,55.9300,5631925,17297
2018-02-06 14:33:00,56.6050,55.9100,55.9300,56.5100,5769136,129758
2018-02-06 14:34:00,56.5100,56.1550,56.4700,56.2400,5803229,32039
2018-02-06 14:35:00,56.3700,56.2100,56.2100,56.3200,5839576,33824
2018-02-06 14:36:00,56.4700,56.2800,56.3400,56.3350,5898492,54930
2018-02-06 14:37:00,56.3300,56.0500,56.3000,56.1600,5993199,91084
2018-02-06 14:38:00,56.3100,56.0900,56.2200,56.0900,6007821,12568
2018-02-06 14:39:00,56.2700,56.0800,56.1050,56.2000,6038551,28076
2018-02-06 14:40:00,56.2250,56.1100,56.1800,56.1100,6053057,13424
2018-02-06 14:41:00,56.1300,56.0000,56.1100,56.1000,6073366,18200
2018-02-06 14:42:00,56.0700,55.8700,56.0700,55.9200,6085611,10358
2018-02-06 14:43:00,55.9900,55.8600,55.9400,55.9200,6103195,15838
2018-02-06 14:44:00,55.8800,55.7700,55.8600,55.8500,6121925,17286
2018-02-06 14:45:00,55.9500,55.8300,55.8700,55.9400,6136036,11783
2018-02-06 14:46:00,55.9700,55.8800,55.9000,55.9500,6152345,14865
2018-02-06 14:47:00,56.1300,55.9200,55.9200,56.1300,6170698,16547
2018-02-06 14:48:00,56.3400,56.1400,56.1600,56.1400,6223837,49909
2018-02-06 14:49:00,56.3400,56.1400,56.1450,56.2000,6233300,8299
2018-02-06 14:50:00,56.3150,56.1600,56.1700,56.2700,6245163,10284
2018-02-06 14:51:00,56.4150,56.2750,56.2900,56.3900,6260531,12871
2018-02-06 14:52:00,56.4900,56.2300,56.3900,56.2300,6289907,25827
2018-02-06 14:53:00,56.2800,56.1000,56.2700,56.1300,6297949,6895
2018-02-06 14:54:00,56.2400,56.1450,56.1500,56.2400,6315206,14304
2018-02-06 14:55:00,56.3800,56.2184,56.2300,56.3600,6330837,13607
2018-02-06 14:56:00,56.5400,56.3600,56.3600,56.5400,6338914,6023
2018-02-06 14:57:00,56.6050,56.4300,56.6050,56.4700,6364377,20114
2018-02-06 14:58:00,56.6700,56.4850,56.4850,56.6700,6369160,3400
2018-02-06 14:59:00,56.6500,56.4900,56.6400,56.5800,6393878,21661
2018-02-06 15:00:00,56.7500,56.6000,56.6000,56.7250,6403437,7969
2018-02-06 15:01:00,56.7900,56.6900,56.7400,56.7500,6440768,32090
2018-02-06 15:02:00,57.0400,56.7600,56.7800,56.9700,6471263,27222
2018-02-06 15:03:00,57.0400,56.8700,57.0200,56.9200,6495812,20663
2018-02-06 15:04:00,57.0800,56.8800,56.9000,57.0800,6526216,27075
2018-02-06 15:05:00,57.0900,57.0100,57.0800,57.0700,6540699,12011
2018-02-06 15:06:00,57.3500,57.0800,57.0900,57.3200,6570967,26057
2018-02-06 15:07:00,57.4100,57.2300,57.3200,57.3600,6593412,19518
2018-02-06 15:08:00,57.5500,57.3700,57.3700,57.5200,6619398,21904
2018-02-06 15:09:00,57.5200,57.4000,57.5000,57.4700,6640679,17460
2018-02-06 15:10:00,57.6300,57.4700,57.4800,57.6100,6668951,22678
2018-02-06 15:11:00,57.7100,57.4850,57.6500,57.5800,6698841,24012
2018-02-06 15:12:00,57.6700,57.4500,57.5850,57.6100,6738519,34728
2018-02-06 15:13:00,57.7000,57.4800,57.6100,57.4800,6781481,39982
2018-02-06 15:14:00,57.5300,57.3900,57.4950,57.4300,6797875,15359
2018-02-06 15:15:00,57.4300,57.2800,57.4200,57.3000,6826452,25900
2018-02-06 15:16:00,57.4650,57.3000,57.3200,57.3800,6865569,35761
2018-02-06 15:17:00,57.4550,57.3400,57.3750,57.3650,6930822,61425
2018-02-06 15:18:00,57.4200,57.2950,57.3500,57.3950,6949719,17236
2018-02-06 15:19:00,57.4300,57.1900,57.3950,57.2250,6980085,28570
2018-02-06 15:20:00,57.2400,57.1650,57.2100,57.2000,7003048,21515
2018-02-06 15:21:00,57.3200,57.1800,57.2200,57.2950,7039469,34734
2018-02-06 15:22:00,57.3400,57.2300,57.2900,57.2300,7064494,23803
2018-02-06 15:23:00,57.2500,57.0700,57.2400,57.0900,7102581,36264
2018-02-06 15:24:00,57.1800,57.0900,57.0900,57.1400,7131808,26293
2018-02-06 15:25:00,57.2500,57.1200,57.1400,57.1700,7175199,36547
2018-02-06 15:26:00,57.2600,57.1600,57.1900,57.2000,7202679,22844
2018-02-06 15:27:00,57.2900,57.1500,57.2000,57.2600,7234604,28249
2018-02-06 15:28:00,57.2800,57.1800,57.2300,57.1900,7269226,30160
2018-02-06 15:29:00,57.2500,57.1700,57.1850,57.2300,7293011,21913
2018-02-06 15:30:00,57.2700,57.2100,57.2300,57.2500,7337321,38184
2018-02-06 15:31:00,57.2600,57.2000,57.2500,57.2250,7377747,35420
2018-02-06 15:32:00,57.2900,57.2000,57.2300,57.2700,7409409,25678
2018-02-06 15:33:00,57.2850,57.2300,57.2800,57.2400,7435222,21568
2018-02-06 15:34:00,57.4500,57.2300,57.2600,57.4000,7464141,25244
2018-02-06 15:35:00,57.4200,57.3400,57.4150,57.3900,7483902,17877
2018-02-06 15:36:00,57.4300,57.3100,57.3900,57.3800,7513207,27828
2018-02-06 15:37:00,57.5400,57.3800,57.4000,57.5000,7536108,20360
2018-02-06 15:38:00,57.5750,57.4500,57.5100,57.4500,7565755,26973
2018-02-06 15:39:00,57.5400,57.4200,57.4650,57.5300,7596062,26989
2018-02-06 15:40:00,57.7200,57.4900,57.5200,57.7000,7635788,37061
2018-02-06 15:41:00,57.7600,57.6600,57.7000,57.6800,7729801,90845
2018-02-06 15:42:00,57.8200,57.6600,57.6900,57.7600,7779559,47244
2018-02-06 15:43:00,57.8300,57.7100,57.7750,57.8000,7824666,42103
2018-02-06 15:44:00,57.9000,57.7800,57.8100,57.7800,7875989,47032
2018-02-06 15:45:00,57.8100,57.7100,57.7800,57.7400,7907166,29054
2018-02-06 15:46:00,57.8100,57.6500,57.7300,57.6800,7973699,60909
2018-02-06 15:47:00,57.7800,57.6500,57.6700,57.6700,8037258,59835
2018-02-06 15:48:00,57.7500,57.5800,57.6700,57.6401,8078890,38104
2018-02-06 15:49:00,57.7300,57.5800,57.6500,57.7200,8156735,70955
2018-02-06 15:50:00,57.7700,57.5800,57.7000,57.6200,8235744,71904
2018-02-06 15:51:00,57.6250,57.4850,57.6000,57.5401,8339503,97437
2018-02-06 15:52:00,57.5500,57.4100,57.5400,57.4200,8397724,51766
2018-02-06 15:53:00,57.5600,57.4150,57.4150,57.5600,8442011,39786
2018-02-06 15:54:00,57.6900,57.5600,57.5600,57.6900,8510433,62457
2018-02-06 15:55:00,57.7300,57.6500,57.6800,57.6900,8596631,78830
2018-02-06 15:56:00,57.6850,57.5000,57.6850,57.5750,8668084,64368
2018-02-06 15:57:00,57.7250,57.5550,57.5700,57.7250,8762692,84572
2018-02-06 15:58:00,57.8700,57.7200,57.7200,57.8700,8854270,83980
2018-02-06 15:59:00,57.9300,57.7500,57.8550,57.7700,9079217,213343
2018-02-06 16:00:00,57.8400,57.6350,57.7600,57.7300,9351533,258525
2018-02-07 09:31:00,57.3200,57.0200,57.3200,57.1000,41209,34859
2018-02-07 09:32:00,57.0800,56.9600,57.0600,57.0000,47317,5450
2018-02-07 09:33:00,57.4900,57.0100,57.0100,57.1400,60118,11930
2018-02-07 09:34:00,57.1400,57.0600,57.1300,57.0700,67089,6086
2018-02-07 09:35:00,57.2900,57.0050,57.0700,57.0050,77319,8800
2018-02-07 09:36:00,57.2790,57.0200,57.0500,57.2790,82476,3800
2018-02-07 09:37:00,57.2500,57.0500,57.2500,57.0750,97906,12950
2018-02-07 09:38:00,57.1100,56.9300,57.0800,57.0300,109252,9617
2018-02-07 09:39:00,57.1000,56.9800,56.9800,57.0250,124543,12917
2018-02-07 09:40:00,57.0700,56.9600,57.0500,57.0500,140857,14546
2018-02-07 09:41:00,57.2550,57.0100,57.0100,57.2500,174524,29919
2018-02-07 09:42:00,57.3900,57.1600,57.2200,57.2800,205930,29100
2018-02-07 09:43:00,57.5000,57.3200,57.3700,57.4200,225173,16762
2018-02-07 09:44:00,57.3800,57.2101,57.3700,57.2650,230943,4552