2018-02-05 09:31:00,265.5100,262.5500,265.5100,263.4455,42356,32038
2018-02-05 09:32:00,264.3800,262.5100,264.1800,263.5260,48236,3403
2018-02-05 09:33:00,264.4600,263.0100,264.3850,264.3303,52544,2978
2018-02-05 09:34:00,266.6900,264.9100,265.1500,266.6900,57725,3191
2018-02-05 09:35:00,268.6300,266.2700,266.9778,268.6200,61335,3268
2018-02-05 09:36:00,269.0000,267.4700,268.6300,268.4900,64865,2709
2018-02-05 09:37:00,270.4700,268.2900,269.2163,270.4561,77852,12282
2018-02-05 09:38:00,271.2400,269.5344,269.6853,271.2400,81478,3150
2018-02-05 09:39:00,270.1600,269.8200,269.8200,269.8765,86357,4225
2018-02-05 09:40:00,270.1350,269.4193,269.5200,270.1350,87695,1025
2018-02-05 09:41:00,270.7700,269.5100,269.8700,270.7700,89471,1299
2018-02-05 09:42:00,270.7200,270.7200,270.7200,270.7200,89876,150
2018-02-05 09:43:00,272.8700,271.6500,271.7300,272.1700,94316,3470
2018-02-05 09:44:00,272.4518,271.1100,272.1038,271.4303,100413,5138
2018-02-05 09:45:00,273.1900,271.2200,271.5579,272.9900,112246,10372
2018-02-05 09:46:00,273.0200,271.5000,273.0200,271.5947,114194,1000
2018-02-05 09:47:00,271.2750,271.2750,271.2750,271.2750,114459,100
2018-02-05 09:48:00,272.3400,271.8500,272.0000,271.9500,117588,2100
2018-02-05 09:49:00,271.3650,270.9200,271.3650,271.2900,118948,1000
2018-02-05 09:50:00,272.5000,271.1439,271.1439,272.5000,123899,3670
2018-02-05 09:51:00,273.0200,272.3803,272.3803,272.9900,125956,1600
2018-02-05 09:52:00,273.3500,272.9800,272.9800,273.0305,126484,300
2018-02-05 09:53:00,273.0700,272.5800,273.0300,272.8878,133000,3990
2018-02-05 09:54:00,272.9583,272.5800,272.9583,272.5800,135210,1819
2018-02-05 09:55:00,273.5300,272.6850,272.6850,273.4600,140869,4740
2018-02-05 09:56:00,273.9800,273.4097,273.4097,273.4500,147986,6620
2018-02-05 09:57:00,274.0000,273.6500,273.7800,273.6500,152958,4200
2018-02-05 09:58:00,274.1600,273.9838,274.0900,274.1000,154078,1000
2018-02-05 09:59:00,274.3599,273.6900,274.0300,274.2100,155971,1480
2018-02-05 10:00:00,274.9900,273.9800,273.9800,274.9800,160625,3800
2018-02-05 10:01:00,275.3550,274.5000,274.9200,275.3550,162983,1749
2018-02-05 10:02:00,275.2600,274.4010,275.0200,275.2600,167092,3288
2018-02-05 10:04:00,275.2700,274.7500,274.8193,275.0000,170507,3012
2018-02-05 10:05:00,275.0300,274.7600,274.7600,275.0253,173863,3300
2018-02-05 10:06:00,274.9597,274.6800,274.9450,274.6800,175132,930
2018-02-05 10:07:00,274.6100,274.1300,274.3350,274.5300,181389,5065
2018-02-05 10:08:00,274.5100,274.3100,274.4450,274.3100,182540,864
2018-02-05 10:09:00,275.0000,274.3000,274.3000,274.7150,186417,2791
2018-02-05 10:10:00,275.2500,274.8200,274.8200,275.2500,187678,800
2018-02-05 10:11:00,276.3200,275.3400,275.3400,276.0400,190947,2356
2018-02-05 10:12:00,276.3000,275.6500,276.0096,275.8192,193074,1646
2018-02-05 10:13:00,276.8445,275.8172,275.8800,276.6250,196665,3200
2018-02-05 10:14:00,277.9800,276.4738,276.4738,277.7250,202254,4350
2018-02-05 10:15:00,277.8400,277.4900,277.4900,277.8400,204486,1175
2018-02-05 10:16:00,278.1500,277.2500,277.5900,277.7201,212958,6914
2018-02-05 10:17:00,277.9550,277.4400,277.9400,277.7600,216326,2826
2018-02-05 10:18:00,278.0000,277.5322,277.5322,278.0000,216959,410
2018-02-05 10:19:00,278.7200,278.3300,278.5900,278.3950,219915,2100
2018-02-05 10:20:00,278.9900,278.1700,278.7500,278.4750,221552,1000
2018-02-05 10:21:00,278.3949,277.3831,278.3949,277.6050,225494,3270
2018-02-05 10:22:00,278.2600,278.0000,278.0000,278.1600,226768,1000
2018-02-05 10:23:00,278.7600,278.4540,278.7000,278.4540,228102,1250
2018-02-05 10:24:00,278.2231,278.2231,278.2231,278.2231,228260,100
2018-02-05 10:25:00,278.8800,278.8800,278.8800,278.8800,228767,100
2018-02-05 10:26:00,279.2600,278.8797,279.0000,278.8797,230532,1430
2018-02-05 10:27:00,279.2700,278.7913,278.7913,279.2700,231605,450
2018-02-05 10:28:00,279.5500,279.0000,279.2600,279.5200,235097,2575
2018-02-05 10:29:00,279.4700,279.2446,279.2562,279.2446,235753,500
2018-02-05 10:30:00,279.8900,279.2800,279.4800,279.2800,236874,553
2018-02-05 10:31:00,279.8500,278.9910,279.3400,279.3251,241727,3470
2018-02-05 10:32:00,279.1239,278.1051,279.1239,278.2259,245769,3425
2018-02-05 10:33:00,278.8999,277.2800,278.2600,277.2800,249209,2663
2018-02-05 10:34:00,278.0250,277.7000,277.8956,277.7000,250104,553
2018-02-05 10:35:00,277.6500,277.3450,277.6500,277.3450,251022,700
2018-02-05 10:36:00,278.4000,277.4090,277.5800,277.5000,254640,2750
2018-02-05 10:37:00,277.8600,277.4900,277.8600,277.4900,254860,200
2018-02-05 10:38:00,277.4803,277.3800,277.3800,277.4300,255496,500
2018-02-05 10:39:00,277.7899,277.4950,277.4950,277.7899,255976,354
2018-02-05 10:40:00,277.6199,277.2804,277.2804,277.6199,257153,969
2018-02-05 10:41:00,278.2100,277.5000,277.6300,278.1000,261146,3100
2018-02-05 10:42:00,278.6400,278.2100,278.2100,278.6400,262467,800
2018-02-05 10:43:00,278.9600,278.4500,278.4500,278.9600,262737,200
2018-02-05 10:44:00,278.8325,278.7300,278.8325,278.7300,263401,600
2018-02-05 10:45:00,279.2400,279.0300,279.0300,279.2400,264302,400
2018-02-05 10:47:00,279.6800,279.4200,279.4200,279.6800,265615,500
2018-02-05 10:48:00,279.8100,279.4900,279.6611,279.6350,268365,1465
2018-02-05 10:49:00,279.7700,278.5800,279.7700,279.1000,270751,1503
2018-02-05 10:50:00,278.5300,278.3658,278.5300,278.3658,271294,200
2018-02-05 10:51:00,278.3900,277.9600,278.1700,278.0700,274042,2265
2018-02-05 10:52:00,278.5000,278.0600,278.1452,278.4900,276612,1778
2018-02-05 10:53:00,278.2300,278.0350,278.0350,278.2300,277278,300
2018-02-05 10:54:00,278.3000,278.0000,278.2900,278.2297,278394,400
2018-02-05 10:55:00,278.4900,278.2250,278.2910,278.4900,278702,300
2018-02-05 10:56:00,278.9200,278.0300,278.2700,278.5980,283224,2850
2018-02-05 10:57:00,278.9200,278.5000,278.5000,278.9200,283842,500
2018-02-05 10:58:00,278.6000,278.0600,278.4826,278.6000,286173,1500
2018-02-05 10:59:00,279.3407,278.5021,278.6900,278.8300,290991,3200
2018-02-05 11:00:00,278.7000,278.2500,278.7000,278.5000,295659,3760
2018-02-05 11:01:00,278.6154,278.6154,278.6154,278.6154,297292,1500
2018-02-05 11:02:00,278.7900,278.0500,278.6000,278.0500,298211,500
2018-02-05 11:03:00,277.9100,277.6900,277.6900,277.8750,298982,500
2018-02-05 11:04:00,277.9100,277.1000,277.9100,277.1000,300522,1300
2018-02-05 11:05:00,277.1000,276.7000,277.0900,277.1000,306031,3139
2018-02-05 11:06:00,276.9150,276.4200,276.9150,276.7400,311664,4499
2018-02-05 11:07:00,278.3100,276.7800,276.7800,278.3100,313241,1236
2018-02-05 11:08:00,278.4899,278.1300,278.2000,278.1300,317757,3929
2018-02-05 11:09:00,278.4400,277.9000,278.2800,278.3800,322355,2626
2018-02-05 11:10:00,278.3500,278.0112,278.2800,278.0112,323403,600
2018-02-05 11:11:00,278.0600,277.3200,278.0600,277.7000,334774,10400
2018-02-05 11:12:00,277.6550,277.2345,277.3200,277.2345,335319,475
2018-02-05 11:13:00,278.0500,277.4700,277.4700,277.7600,338181,1606
2018-02-05 11:14:00,277.9900,277.4500,277.7600,277.4500,341150,1550
2018-02-05 11:15:00,277.9035,277.6296,277.9035,277.6296,341372,200
2018-02-05 11:16:00,277.9100,277.9100,277.9100,277.9100,341745,100
2018-02-05 11:17:00,278.3400,277.2200,277.5600,278.3400,343062,640
2018-02-05 11:18:00,278.0300,277.6500,277.9800,277.6800,345111,1300
2018-02-05 11:19:00,277.5150,277.5150,277.5150,277.5150,345413,100
2018-02-05 11:20:00,277.8600,277.4300,277.8600,277.8415,346488,757
2018-02-05 11:21:00,277.4250,277.4200,277.4200,277.4250,346697,200
2018-02-05 11:22:00,277.3800,276.9500,277.3800,276.9500,350063,2358
2018-02-05 11:23:00,277.0050,276.4300,277.0050,276.7200,351525,1106
2018-02-05 11:24:00,277.5750,276.4950,277.0500,277.5750,356838,4290
2018-02-05 11:25:00,277.5900,277.1400,277.5900,277.3600,357867,600
2018-02-05 11:26:00,277.6600,277.1900,277.1900,277.6400,359278,600
2018-02-05 11:27:00,277.9600,277.3700,277.9600,277.9300,359646,300
2018-02-05 11:28:00,277.6495,277.6495,277.6495,277.6495,359809,100
2018-02-05 11:29:00,277.9100,277.5950,277.7700,277.5950,360499,300
2018-02-05 11:30:00,277.7600,277.2700,277.3100,277.7600,362136,900
2018-02-05 11:31:00,277.4200,276.6900,277.1400,276.9905,365701,2530
2018-02-05 11:32:00,277.2000,276.9500,277.0950,277.0100,366367,600
2018-02-05 11:33:00,276.6831,276.6831,276.6831,276.6831,366916,330
2018-02-05 11:34:00,277.0600,276.3850,276.3850,276.7000,368098,750
2018-02-05 11:35:00,276.9650,276.5563,276.5563,276.9650,369656,1500
2018-02-05 11:36:00,276.9600,276.6350,276.6350,276.8116,370297,400
2018-02-05 11:37:00,276.7700,276.3600,276.3900,276.7700,371875,1000
2018-02-05 11:38:00,276.6200,276.1800,276.1800,276.6150,372676,500
2018-02-05 11:39:00,276.7300,276.1700,276.1700,276.7300,375378,1820
2018-02-05 11:40:00,276.9300,276.4500,276.4500,276.9300,378073,2200
2018-02-05 11:41:00,277.5800,276.4900,276.8900,277.2600,383342,3600
2018-02-05 11:42:00,277.2450,276.7400,277.1890,276.9550,385284,1400
2018-02-05 11:43:00,277.2700,277.1100,277.1100,277.1500,387293,1100
2018-02-05 11:44:00,276.6300,276.6100,276.6100,276.6200,388679,900
2018-02-05 11:45:00,276.5100,276.5100,276.5100,276.5100,388939,100
2018-02-05 11:47:00,276.7000,276.4750,276.5254,276.5261,391677,1750
2018-02-05 11:48:00,276.7600,276.7600,276.7600,276.7600,391835,100
2018-02-05 11:49:00,276.7100,276.3400,276.4300,276.4000,395407,3100
2018-02-05 11:50:00,276.5900,276.0100,276.2600,276.2700,396530,600
2018-02-05 11:51:00,276.3800,276.2000,276.2000,276.3800,396731,200
2018-02-05 11:52:00,276.8200,276.1400,276.2200,276.5700,400272,1951
2018-02-05 11:53:00,277.0000,276.7000,276.7000,276.8300,403067,2501
2018-02-05 11:54:00,276.7787,276.7787,276.7787,276.7787,403679,575
2018-02-05 11:55:00,276.7228,276.4044,276.5600,276.7228,404757,800
2018-02-05 11:58:00,277.0400,276.0700,276.4500,277.0400,409485,3054
2018-02-05 11:59:00,276.9600,276.2300,276.7050,276.9600,410865,1110
2018-02-05 12:00:00,276.9215,276.3910,276.7950,276.9215,412166,1200
2018-02-05 12:01:00,277.0750,276.9850,276.9850,277.0750,412403,200
2018-02-05 12:02:00,277.2800,276.8200,277.2350,277.2800,414740,1300
2018-02-05 12:03:00,277.1550,276.8200,277.0100,277.1100,415821,500
2018-02-05 12:04:00,276.7500,276.7500,276.7500,276.7500,415975,100
2018-02-05 12:05:00,277.0600,276.4300,277.0600,276.8850,416556,400
2018-02-05 12:06:00,276.6450,276.3800,276.6450,276.3800,418356,1750
2018-02-05 12:08:00,276.4500,276.4500,276.4500,276.4500,418944,100
2018-02-05 12:10:00,276.2750,276.2750,276.2750,276.2750,419572,215
2018-02-05 12:11:00,276.0100,275.8000,276.0100,275.9800,423816,3700
2018-02-05 12:12:00,275.4700,275.3821,275.3821,275.4700,424338,300
2018-02-05 12:13:00,276.0576,275.4900,275.4900,275.9000,427263,1846
2018-02-05 12:14:00,276.0550,276.0150,276.0150,276.0550,427676,350
2018-02-05 12:16:00,276.0397,276.0397,276.0397,276.0397,428137,150
2018-02-05 12:17:00,276.1000,276.0400,276.0400,276.1000,428771,200
2018-02-05 12:18:00,275.7450,275.2900,275.6600,275.2900,431648,2100
2018-02-05 12:20:00,275.5950,275.2900,275.5950,275.4400,433569,1349
2018-02-05 12:21:00,275.6400,275.0800,275.2700,275.6400,434631,800
2018-02-05 12:22:00,275.3160,275.3160,275.3160,275.3160,434732,100
2018-02-05 12:23:00,275.3700,274.8900,275.3700,274.8900,436646,1142
2018-02-05 12:24:00,275.3300,274.8100,274.8200,275.0800,438941,1868
2018-02-05 12:25:00,275.6400,274.6500,274.6500,275.5400,440507,952
2018-02-05 12:26:00,275.3514,275.3514,275.3514,275.3514,441550,1000
2018-02-05 12:27:00,276.1300,275.9000,275.9800,275.9000,442672,500
2018-02-05 12:28:00,276.3400,275.4600,276.2400,275.4600,444013,754
2018-02-05 12:29:00,275.4100,275.4100,275.4100,275.4100,444360,200
2018-02-05 12:30:00,275.4549,275.4549,275.4549,275.4549,444812,300
2018-02-05 12:31:00,275.7899,275.7899,275.7899,275.7899,444932,100
2018-02-05 12:32:00,275.7900,275.4171,275.4171,275.7900,447061,1511
2018-02-05 12:33:00,276.1100,275.5811,275.5811,275.7050,447957,635
2018-02-05 12:34:00,276.1000,275.6075,275.8300,276.1000,449616,1268
2018-02-05 12:35:00,275.7850,275.7700,275.7700,275.7850,450646,784
2018-02-05 12:36:00,276.1100,275.5000,276.1000,275.5100,451906,910
2018-02-05 12:37:00,275.7004,275.3700,275.7004,275.3700,452541,350
2018-02-05 12:38:00,275.6300,274.9400,275.5200,274.9400,453465,500
2018-02-05 12:39:00,275.0576,274.8200,275.0576,274.8200,455488,1849
2018-02-05 12:40:00,275.5000,275.2000,275.2000,275.2800,457227,1100
2018-02-05 12:41:00,275.5000,275.4000,275.4000,275.5000,457968,401
2018-02-05 12:43:00,276.1600,275.6100,275.6100,276.1599,459423,1300
2018-02-05 12:44:00,275.7300,275.3600,275.7100,275.3600,462046,1765
2018-02-05 12:47:00,275.6100,275.3150,275.3150,275.6100,463100,465
2018-02-05 12:48:00,275.5600,275.0200,275.5600,275.5600,464218,1000
2018-02-05 12:49:00,276.5000,275.0400,275.6200,275.8300,471132,5387
2018-02-05 12:50:00,276.4800,276.2400,276.4700,276.2500,471670,400
2018-02-05 12:51:00,276.4650,276.0490,276.0490,276.4650,471928,200
2018-02-05 12:52:00,276.4900,276.2450,276.4900,276.2450,472534,500
2018-02-05 12:53:00,276.5300,276.3200,276.3200,276.5250,473810,1058
2018-02-05 12:54:00,276.7800,276.5600,276.5600,276.7800,474428,300
2018-02-05 12:55:00,276.6500,276.6000,276.6500,276.6000,475284,400
2018-02-05 12:56:00,276.8400,276.6000,276.8400,276.6000,476484,300
2018-02-05 12:58:00,276.2300,276.2300,276.2300,276.2300,477078,100
2018-02-05 12:59:00,276.3800,276.0100,276.0100,276.3800,477888,417
2018-02-05 13:00:00,275.8000,275.8000,275.8000,275.8000,478117,100
2018-02-05 13:01:00,275.5100,275.5100,275.5100,275.5100,478643,100
2018-02-05 13:02:00,275.6200,275.6200,275.6200,275.6200,478894,100
2018-02-05 13:03:00,275.1200,274.9250,275.1200,274.9250,479460,200
2018-02-05 13:04:00,275.4400,274.8000,275.0532,275.4400,482485,2505
2018-02-05 13:05:00,275.3711,275.2800,275.2800,275.3711,483421,700
2018-02-05 13:06:00,275.1900,274.7600,274.7700,274.9600,484539,700
2018-02-05 13:07:00,275.8000,275.6000,275.6200,275.6147,486576,1506
2018-02-05 13:09:00,275.9799,275.5584,275.6500,275.9799,487364,575
2018-02-05 13:10:00,275.8200,275.1800,275.8200,275.1800,487951,300
2018-02-05 13:11:00,275.7200,275.7200,275.7200,275.7200,488177,100
2018-02-05 13:12:00,275.5000,275.1500,275.5000,275.3000,488645,300
2018-02-05 13:13:00,275.3700,275.1370,275.3700,275.1370,489178,200
2018-02-05 13:14:00,275.8200,275.4700,275.5800,275.4700,490304,520
2018-02-05 13:16:00,275.4800,275.2700,275.4800,275.4800,491100,600
2018-02-05 13:17:00,275.8099,275.0100,275.6500,275.0100,493022,1250
2018-02-05 13:18:00,275.0100,274.9700,274.9700,275.0100,493652,200
2018-02-05 13:20:00,274.5200,273.6400,274.5200,273.6400,496872,1900
2018-02-05 13:21:00,274.4400,273.1965,273.2700,274.2650,499527,2342
2018-02-05 13:22:00,274.7700,273.8888,274.2750,273.8888,501056,1030
2018-02-05 13:23:00,274.3800,274.0150,274.3800,274.0150,501490,250
2018-02-05 13:24:00,274.0350,273.6100,273.6100,274.0250,502192,395
2018-02-05 13:25:00,274.4000,273.9102,274.4000,274.3600,503261,800
2018-02-05 13:26:00,274.2600,273.9800,274.0300,274.0503,504388,800
2018-02-05 13:27:00,274.3299,273.9771,274.0450,273.9771,504835,300
2018-02-05 13:29:00,274.2400,273.4400,274.0768,274.0700,507003,1687
2018-02-05 13:30:00,274.6500,273.8200,274.0900,274.6500,509280,1600
2018-02-05 13:31:00,274.2750,274.2750,274.2750,274.2750,509390,100
2018-02-05 13:32:00,274.8500,274.4600,274.8500,274.4600,510774,1020
2018-02-05 13:33:00,275.3500,274.9100,275.2690,275.2550,513098,1700
2018-02-05 13:34:00,275.8000,274.8645,275.8000,274.8645,516325,2520
2018-02-05 13:35:00,274.9500,274.4527,274.9500,274.4527,517281,588
2018-02-05 13:37:00,274.6600,274.4600,274.5028,274.4600,517860,400
2018-02-05 13:38:00,274.3720,274.0100,274.3720,274.0100,522570,4106
2018-02-05 13:39:00,274.0100,274.0000,274.0100,274.0000,522965,228
2018-02-05 13:40:00,274.2400,273.6417,274.2400,273.6417,524243,620
2018-02-05 13:42:00,273.9500,273.3400,273.8000,273.3400,525265,700
2018-02-05 13:43:00,274.2899,273.4100,274.0550,273.7200,526465,1000
2018-02-05 13:44:00,273.4200,273.4200,273.4200,273.4200,526628,100
2018-02-05 13:46:00,273.6700,273.2162,273.2162,273.2800,528997,1600
2018-02-05 13:47:00,273.9000,273.1200,273.6700,273.1200,530938,1000
2018-02-05 13:48:00,273.7900,273.4100,273.4100,273.7900,531351,300
2018-02-05 13:49:00,273.9411,273.6109,273.6109,273.9411,531574,211
2018-02-05 13:50:00,273.8899,273.4900,273.6100,273.8899,532822,800
2018-02-05 13:51:00,274.1100,273.7000,273.8400,274.1100,533869,516
2018-02-05 13:52:00,274.2600,274.1000,274.1800,274.1000,535073,1020
2018-02-05 13:53:00,274.1100,274.1100,274.1100,274.1100,535276,100
2018-02-05 13:54:00,274.3000,273.9900,274.2000,273.9900,536258,600
2018-02-05 13:55:00,274.5800,274.0000,274.0000,274.5800,537820,1193
2018-02-05 13:56:00,274.9900,274.9900,274.9900,274.9900,538070,100
2018-02-05 13:57:00,275.3150,274.9200,274.9900,275.2850,539507,1100
2018-02-05 13:58:00,275.4400,275.1200,275.4400,275.4000,540170,500
2018-02-05 13:59:00,275.0400,274.7900,275.0400,275.0100,541475,850
2018-02-05 14:00:00,275.4300,275.2375,275.3300,275.2375,542364,600
2018-02-05 14:01:00,275.5300,275.2200,275.2400,275.2200,543966,1200
2018-02-05 14:02:00,275.3200,274.8000,274.9700,275.3200,544711,600
2018-02-05 14:03:00,275.4000,274.9950,275.1000,274.9950,548959,4000
2018-02-05 14:04:00,275.0100,274.8400,275.0100,274.8400,549649,400
2018-02-05 14:05:00,275.2600,275.0450,275.0450,275.2600,551742,2000
2018-02-05 14:06:00,275.1500,274.7945,275.0655,274.7945,553043,713
2018-02-05 14:07:00,274.9099,274.7394,274.8200,274.7394,553385,300
2018-02-05 14:08:00,274.6700,273.3300,274.4600,273.3300,555994,2100
2018-02-05 14:09:00,273.6800,273.4300,273.6800,273.4300,556329,300
2018-02-05 14:10:00,273.3950,273.3950,273.3950,273.3950,556528,100
2018-02-05 14:11:00,273.6900,273.3600,273.3600,273.6900,557992,1098
2018-02-05 14:12:00,273.8567,273.5000,273.5000,273.7300,560000,1100
2018-02-05 14:14:00,273.7500,273.4300,273.6900,273.4300,560909,300
2018-02-05 14:15:00,273.3900,273.3900,273.3900,273.3900,561131,200
2018-02-05 14:16:00,273.4000,273.0000,273.3400,273.0000,563373,1842
2018-02-05 14:17:00,273.0600,272.9000,273.0000,273.0600,564843,945
2018-02-05 14:18:00,273.0250,273.0200,273.0250,273.0200,565539,500
2018-02-05 14:19:00,273.1426,272.7650,273.1426,272.7868,568236,1900
2018-02-05 14:20:00,273.0400,272.5300,272.5300,272.6300,570319,1536
2018-02-05 14:21:00,272.8650,272.5850,272.8650,272.5850,570885,300
2018-02-05 14:22:00,272.9725,272.9725,272.9725,272.9725,571384,100
2018-02-05 14:23:00,273.0900,272.8200,273.0500,273.0300,573060,964
2018-02-05 14:24:00,273.4000,273.0000,273.0300,273.0100,575240,1600
2018-02-05 14:25:00,273.0377,272.7510,273.0377,272.7510,576248,791
2018-02-05 14:26:00,272.7700,272.5300,272.6100,272.5300,576826,400
2018-02-05 14:27:00,272.7650,272.3700,272.5300,272.7650,578879,1478
2018-02-05 14:28:00,273.1500,272.7375,272.8700,272.8000,581326,1300
2018-02-05 14:29:00,272.9950,272.4300,272.8000,272.7050,584732,2750
2018-02-05 14:30:00,272.6600,272.4500,272.5500,272.5500,587627,2379
2018-02-05 14:31:00,272.6805,272.3000,272.6200,272.3000,588369,526
2018-02-05 14:32:00,272.2900,272.0100,272.2900,272.0100,589179,700
2018-02-05 14:33:00,272.4450,272.3767,272.4450,272.3767,590174,600
2018-02-05 14:34:00,272.6500,272.1100,272.1100,272.3400,590906,630
2018-02-05 14:35:00,272.1650,271.5100,272.1650,271.8096,593521,1975
2018-02-05 14:36:00,271.6900,271.6900,271.6900,271.6900,593971,100
2018-02-05 14:37:00,272.0900,271.6450,271.8089,272.0900,596059,1800
2018-02-05 14:38:00,272.0900,272.0200,272.0900,272.0200,596837,540
2018-02-05 14:39:00,272.2700,271.7500,271.9000,272.2700,599055,1200
2018-02-05 14:40:00,272.0500,271.6000,271.9740,271.9350,600164,740
2018-02-05 14:41:00,272.3600,271.6850,272.3600,271.7550,601779,1300
2018-02-05 14:42:00,272.0340,271.7500,271.7500,272.0340,604695,2840
2018-02-05 14:43:00,272.1500,271.7700,271.7700,272.1500,606134,700
2018-02-05 14:44:00,272.3200,271.9200,272.1550,272.0750,607560,900
2018-02-05 14:45:00,271.9094,271.6600,271.8500,271.7000,612925,4530
2018-02-05 14:46:00,272.4200,272.0200,272.1100,272.4200,614539,800
2018-02-05 14:47:00,272.5699,272.1189,272.1189,272.5600,615186,400
2018-02-05 14:48:00,272.4300,272.4200,272.4300,272.4200,615711,200
2018-02-05 14:49:00,272.1200,271.9700,272.1200,271.9700,616505,600
2018-02-05 14:50:00,272.4500,272.1945,272.3799,272.1945,618906,1700
2018-02-05 14:51:00,272.0450,271.4600,271.9700,271.6400,622700,3552
2018-02-05 14:52:00,271.9790,271.5000,271.5000,271.9790,623118,200
2018-02-05 14:53:00,271.7700,271.4500,271.6423,271.4500,626718,2700
2018-02-05 14:54:00,271.5500,271.2900,271.3300,271.2900,628424,1350
2018-02-05 14:55:00,271.6800,271.3600,271.4800,271.4100,632280,2641
2018-02-05 14:56:00,271.3300,270.7232,271.1000,271.1424,636093,3120
2018-02-05 14:57:00,270.9000,270.1100,270.6811,270.4416,641765,4904
2018-02-05 14:58:00,270.4450,270.3804,270.4450,270.3900,642947,817
2018-02-05 14:59:00,270.4300,269.6697,270.4100,269.7433,649264,4745
2018-02-05 15:00:00,270.1500,269.6700,270.1300,269.6700,651018,1379
2018-02-05 15:01:00,269.5000,269.0600,269.5000,269.2800,653581,1640
2018-02-05 15:02:00,271.3050,269.4900,269.5900,270.7500,658986,4775
2018-02-05 15:03:00,271.2600,270.2100,270.5800,271.1650,659865,720
2018-02-05 15:04:00,271.1700,270.3200,271.1700,270.4300,661852,1624
2018-02-05 15:05:00,270.4950,269.9000,270.4950,269.9100,666510,3421
2018-02-05 15:06:00,269.6700,269.0600,269.1000,269.1400,668717,1600
2018-02-05 15:07:00,269.7650,268.4200,269.1050,268.4200,671188,1719
2018-02-05 15:08:00,268.8678,268.0010,268.8150,268.7050,674668,2584
2018-02-05 15:09:00,269.1484,267.0010,268.7050,267.5451,677718,2410
2018-02-05 15:10:00,267.8500,265.0100,267.8500,265.6703,684738,5373
2018-02-05 15:11:00,265.2700,264.0010,265.2700,264.3400,690262,4369
2018-02-05 15:12:00,264.7100,264.2475,264.7100,264.2475,695793,3452
2018-02-05 15:13:00,266.9600,264.2675,264.3801,266.9600,705996,8039
2018-02-05 15:14:00,268.0569,266.5400,268.0569,266.5500,711196,4425
2018-02-05 15:15:00,267.5550,266.3450,266.5300,267.3300,714843,2530
2018-02-05 15:16:00,268.0000,267.5520,267.9900,267.5520,716562,1025
2018-02-05 15:17:00,269.4734,269.1000,269.2050,269.4734,717198,500
2018-02-05 15:18:00,269.3836,268.7500,269.2585,268.7750,719051,1200
2018-02-05 15:19:00,269.4650,267.5700,269.3450,267.5700,722164,2213
2018-02-05 15:20:00,268.5000,267.9100,268.3000,267.9297,724865,2041
2018-02-05 15:21:00,267.8300,266.5300,267.3950,267.0000,732661,6200
2018-02-05 15:22:00,266.8400,265.9525,266.0800,266.8350,734286,1190
2018-02-05 15:23:00,267.9400,266.7310,267.3500,267.4348,739454,4065
2018-02-05 15:24:00,268.3800,267.3100,267.8000,268.0050,742119,2100
2018-02-05 15:25:00,269.9700,268.0100,268.0100,269.9700,746767,3100
2018-02-05 15:26:00,269.8800,269.2400,269.5341,269.8800,747635,300
2018-02-05 15:27:00,270.2000,268.7850,269.3400,270.0850,750045,1621
2018-02-05 15:28:00,271.0000,269.5000,269.5400,271.0000,754326,3000
2018-02-05 15:29:00,271.6300,270.7700,271.1800,271.1800,756407,2000
2018-02-05 15:30:00,271.6390,270.2300,271.6390,270.3750,762462,5113
2018-02-05 15:31:00,270.9100,270.1100,270.3500,270.6600,764505,1614
2018-02-05 15:32:00,270.8499,270.0900,270.8499,270.1900,769250,3724
2018-02-05 15:33:00,271.4900,270.1200,270.6200,271.1800,774147,4153
2018-02-05 15:34:00,271.4699,270.9950,271.4500,271.0000,775742,1125
2018-02-05 15:35:00,271.4300,270.5700,270.6700,271.1200,779475,3171
2018-02-05 15:36:00,271.6000,270.8600,271.4600,271.4900,782790,2000
2018-02-05 15:37:00,271.4999,270.4800,271.4200,270.6850,788027,3775
2018-02-05 15:38:00,270.4800,269.7210,270.2928,270.0350,793425,3728
2018-02-05 15:39:00,270.0100,269.4400,270.0100,269.4400,797530,2780
2018-02-05 15:40:00,269.6200,268.9100,269.2000,268.9900,801283,2890
2018-02-05 15:41:00,268.8900,268.1944,268.8700,268.1944,805434,2950
2018-02-05 15:42:00,269.3714,267.8800,267.8800,269.1600,810593,3947
2018-02-05 15:43:00,269.2200,268.2800,269.1600,268.6000,815021,3300
2018-02-05 15:44:00,268.8187,267.7200,268.0550,268.1000,819745,3290
2018-02-05 15:45:00,268.1300,267.6600,268.1300,267.8800,821564,1522
2018-02-05 15:46:00,267.8100,267.2400,267.6600,267.5300,830793,6677
2018-02-05 15:47:00,267.9200,267.3000,267.3000,267.5748,835996,3414
2018-02-05 15:48:00,267.9200,266.6050,267.9100,267.1900,842375,5068
2018-02-05 15:49:00,267.7600,266.8800,266.8800,267.2800,848685,4837
2018-02-05 15:50:00,267.7300,266.7000,267.6300,267.0050,852580,3100
2018-02-05 15:51:00,267.0100,266.4850,266.7353,266.8250,855457,1791
2018-02-05 15:52:00,266.7100,265.8433,266.6900,265.8433,866135,8405
2018-02-05 15:53:00,265.9000,265.2550,265.7100,265.2550,870897,2974
2018-02-05 15:54:00,265.7299,265.0100,265.4400,265.2350,880787,6923
2018-02-05 15:55:00,265.2499,264.2800,265.1786,264.2800,887554,5225
2018-02-05 15:56:00,265.9100,264.2900,264.5600,265.5550,902409,12177
2018-02-05 15:57:00,266.0950,265.2100,265.8500,266.0700,911835,7465
2018-02-05 15:58:00,266.6700,265.6200,265.8571,266.1800,920241,6978
2018-02-05 15:59:00,266.4700,265.9850,266.1900,266.1600,933046,9976
2018-02-05 16:00:00,266.7900,265.2600,266.1400,265.2700,970129,31175
2018-02-06 09:31:00,255.7100,250.4100,253.3300,251.0950,67963,49718
2018-02-06 09:32:00,254.5400,250.5400,250.5400,254.3100,78845,8824
2018-02-06 09:33:00,259.5000,254.3097,254.3097,258.3450,97189,15052
2018-02-06 09:34:00,258.3253,255.1900,258.1453,256.0000,100904,2609
2018-02-06 09:35:00,258.4000,255.0200,256.0000,257.6568,106264,4378
2018-02-06 09:36:00,258.9895,257.5001,258.0000,258.1300,111238,4195
2018-02-06 09:37:00,259.9100,258.5500,258.5500,259.9100,114816,2203
2018-02-06 09:38:00,261.0200,259.4860,259.4860,260.6632,118972,2911
2018-02-06 09:39:00,261.2850,260.5205,260.5205,261.2850,120898,1700
2018-02-06 09:40:00,261.9900,260.7560,261.2801,261.4867,126005,4631
2018-02-06 09:41:00,263.7900,261.9596,261.9596,263.1481,130203,2924
2018-02-06 09:42:00,263.7200,263.3310,263.3310,263.7200,131115,300
2018-02-06 09:43:00,263.8500,261.5301,263.0000,263.8500,136634,4450
2018-02-06 09:44:00,265.9900,263.3600,264.3900,265.4415,144630,6697
2018-02-06 09:45:00,265.9050,263.3300,265.6100,263.3300,147412,2290
2018-02-06 09:46:00,264.3200,264.1150,264.1153,264.3200,148459,700
2018-02-06 09:47:00,264.9900,263.3000,263.7900,263.8377,161189,11409
2018-02-06 09:48:00,265.4300,263.9800,264.0000,265.4300,161974,500
2018-02-06 09:49:00,266.0300,265.0100,266.0000,265.4800,163792,1046
2018-02-06 09:50:00,265.2300,264.4900,265.2300,264.6700,167704,3500
2018-02-06 09:51:00,265.3200,264.4850,264.4850,265.0000,170885,1700
2018-02-06 09:52:00,266.2100,264.6900,265.0500,265.8000,173234,1750
2018-02-06 09:53:00,266.3600,264.7600,265.4691,266.2950,180294,5879
2018-02-06 09:54:00,267.3100,266.2852,266.2852,267.0000,182723,1715
2018-02-06 09:55:00,269.7900,267.9150,268.2000,269.7900,185413,2140
2018-02-06 09:56:00,271.6800,269.5000,269.5000,271.2700,191421,4649
2018-02-06 09:57:00,270.8000,268.5600,270.8000,269.3400,195982,3262
2018-02-06 09:58:00,268.6400,266.4250,267.6525,266.4350,199559,2728
2018-02-06 09:59:00,266.8500,266.0000,266.8400,266.0800,201546,950
2018-02-06 10:00:00,267.7300,265.9900,266.2145,267.7300,210819,8173
2018-02-06 10:01:00,268.4400,266.4400,267.7300,268.2300,216390,4350
2018-02-06 10:02:00,269.4700,268.4971,268.4971,269.1450,219494,2900
2018-02-06 10:03:00,270.7800,269.4700,269.4700,270.2300,227398,6437
2018-02-06 10:04:00,271.0000,270.6457,271.0000,270.9990,227848,300
2018-02-06 10:05:00,271.1300,270.2700,270.3900,270.4883,233133,3484
2018-02-06 10:06:00,271.1600,270.5350,270.5350,270.8450,235301,1340
2018-02-06 10:07:00,270.9996,269.3500,270.9996,269.3500,242898,6346
2018-02-06 10:08:00,269.9400,269.1150,269.5000,269.3500,248779,5050
2018-02-06 10:09:00,269.7500,268.8950,269.3620,268.8950,250466,1370
2018-02-06 10:10:00,268.7326,267.0100,268.4200,268.7326,251726,900
2018-02-06 10:11:00,269.7900,268.5000,269.1000,269.1400,256013,3400
2018-02-06 10:12:00,270.0000,268.3400,268.3400,270.0000,257673,1600
2018-02-06 10:13:00,269.8000,268.6700,269.8000,268.6700,259470,1380
2018-02-06 10:14:00,268.8800,268.0000,268.2200,268.8800,260860,898
2018-02-06 10:15:00,268.7950,268.3762,268.3762,268.7150,261383,400
2018-02-06 10:16:00,268.0700,267.0300,268.0400,267.8000,264798,2899
2018-02-06 10:17:00,267.8800,265.4100,267.6900,265.4100,269959,4250
2018-02-06 10:18:00,266.2200,264.8200,266.2200,264.8200,271991,1520
2018-02-06 10:19:00,264.8678,264.0000,264.6100,264.0000,274858,2440
2018-02-06 10:20:00,266.5700,264.0110,264.0110,265.9700,282336,6756
2018-02-06 10:21:00,267.1350,265.9700,265.9800,266.3750,288869,5700
2018-02-06 10:22:00,266.5000,265.8770,265.8770,266.5000,289788,750
2018-02-06 10:23:00,267.5900,266.7300,267.0200,267.5900,292166,1772
2018-02-06 10:25:00,266.2150,264.4400,265.9100,266.2150,298640,5900
2018-02-06 10:26:00,265.9488,264.2710,265.9488,264.8414,300944,1636
2018-02-06 10:27:00,266.8600,265.3500,265.3500,265.5200,304105,2300
2018-02-06 10:28:00,265.9100,264.8300,265.9100,264.8300,304958,400
2018-02-06 10:29:00,266.0500,264.8400,266.0500,265.5500,305700,500
2018-02-06 10:30:00,266.0000,265.4900,265.4900,266.0000,307741,1000
2018-02-06 10:31:00,266.9200,265.8850,266.6000,266.8900,310347,2100
2018-02-06 10:32:00,266.9900,265.9460,265.9460,266.8300,311055,620
2018-02-06 10:33:00,265.9500,265.4900,265.9500,265.4900,314036,2167
2018-02-06 10:34:00,266.0500,264.8800,265.9800,265.1000,326444,11147
2018-02-06 10:35:00,265.0800,264.4472,264.8100,264.7700,328172,1650
2018-02-06 10:36:00,265.1700,264.0600,265.1350,264.0600,332673,3672
2018-02-06 10:37:00,264.4400,263.0100,264.4400,263.0955,336897,3549
2018-02-06 10:38:00,264.2500,262.2500,262.9900,263.5950,343062,4342
2018-02-06 10:39:00,263.5950,261.2801,263.5950,262.2600,348490,3939
2018-02-06 10:40:00,262.9800,261.2100,261.7034,261.9500,351239,2378
2018-02-06 10:41:00,263.8500,261.7000,262.6400,263.3703,355110,2197
2018-02-06 10:42:00,263.7800,262.4674,263.3400,262.4674,358159,2480
2018-02-06 10:43:00,263.9800,262.1800,263.4000,263.9800,363911,5140
2018-02-06 10:44:00,263.7000,263.5050,263.7000,263.5050,364369,200
2018-02-06 10:45:00,263.5350,262.8700,263.1200,263.0950,365721,905
2018-02-06 10:46:00,265.9600,263.4450,263.7300,265.6300,368858,2236
2018-02-06 10:47:00,265.4600,264.6800,264.8500,265.4600,371014,1582
2018-02-06 10:48:00,266.0100,264.5120,265.4600,265.5220,371972,800
2018-02-06 10:49:00,266.5000,265.3950,265.4350,265.7150,379264,6500
2018-02-06 10:50:00,266.5000,265.5300,265.7500,266.0200,381410,2000
2018-02-06 10:51:00,266.1425,264.3900,266.1425,264.3900,384937,2217
2018-02-06 10:52:00,265.3700,264.0100,264.8400,265.2300,387955,2178
2018-02-06 10:53:00,266.5650,265.3500,265.6500,266.0000,397531,8956
2018-02-06 10:54:00,266.5000,264.6900,266.5000,264.8000,398362,600
2018-02-06 10:55:00,266.4600,265.5000,265.9600,266.1000,400422,1660
2018-02-06 10:56:00,266.5300,265.6553,265.9900,265.6553,401956,1200
2018-02-06 10:57:00,266.1200,265.2000,265.3610,265.2000,404637,1720
2018-02-06 10:58:00,265.4900,263.6465,265.2727,264.1825,409936,4710
2018-02-06 10:59:00,264.1000,264.0860,264.1000,264.0860,410379,200
2018-02-06 11:00:00,264.5500,263.6508,264.3500,263.6508,411908,1124
2018-02-06 11:01:00,263.8440,263.0400,263.7111,263.8440,417661,5600
2018-02-06 11:02:00,263.5924,262.5400,263.5924,262.9600,420877,2564
2018-02-06 11:03:00,263.2200,262.6800,263.2200,262.8650,424340,2359
2018-02-06 11:04:00,263.8200,263.4708,263.6600,263.4708,425441,800
2018-02-06 11:05:00,263.7700,263.4600,263.4600,263.5000,426363,700
2018-02-06 11:06:00,263.9700,263.1600,263.2100,263.9000,433013,5008
2018-02-06 11:07:00,264.5600,264.5600,264.5600,264.5600,433409,100
2018-02-06 11:08:00,264.8900,264.4250,264.7900,264.8900,434087,400
2018-02-06 11:09:00,265.2500,263.9100,265.0000,264.8300,443427,8392
2018-02-06 11:10:00,264.3900,263.1701,263.8000,264.1300,447228,2726
2018-02-06 11:11:00,264.4300,264.1400,264.1400,264.4300,447604,200
2018-02-06 11:12:00,265.1600,263.6061,263.6061,265.1500,454966,6280
2018-02-06 11:13:00,265.5000,264.5011,264.5011,265.1000,461493,5728
2018-02-06 11:14:00,265.5000,265.5000,265.5000,265.5000,461828,100
2018-02-06 11:15:00,265.7100,264.0100,264.9500,264.0100,468358,6160
2018-02-06 11:16:00,264.5394,264.5394,264.5394,264.5394,468499,100
2018-02-06 11:17:00,265.3300,265.0000,265.0000,265.1750,472741,3084
2018-02-06 11:18:00,265.7400,264.8900,265.2300,265.0600,475490,1657
2018-02-06 11:19:00,265.6370,265.6370,265.6370,265.6370,475631,100
2018-02-06 11:20:00,265.5850,265.5850,265.5850,265.5850,476012,100
2018-02-06 11:21:00,265.5312,265.2600,265.5312,265.2600,477142,598
2018-02-06 11:23:00,265.2400,265.2400,265.2400,265.2400,477711,100
2018-02-06 11:24:00,265.5900,264.2500,265.5800,264.6000,483642,3863
2018-02-06 11:25:00,264.3506,264.3506,264.3506,264.3506,483764,105
2018-02-06 11:26:00,264.3100,262.8900,264.0200,262.8900,485676,1500
2018-02-06 11:27:00,263.8600,262.9900,263.3200,263.8600,488197,1802
2018-02-06 11:28:00,263.9300,263.2200,263.9300,263.5600,490789,1800
2018-02-06 11:29:00,264.7028,264.1100,264.1100,264.7028,491436,400
2018-02-06 11:31:00,265.2200,264.0400,265.2200,264.0400,493024,850
2018-02-06 11:32:00,264.1200,263.6800,264.1200,263.6800,494261,550
2018-02-06 11:33:00,264.1400,263.8900,263.8900,264.1100,494903,300
2018-02-06 11:34:00,263.8225,263.8225,263.8225,263.8225,495265,100
2018-02-06 11:35:00,263.7200,262.4155,263.7200,263.0200,499301,2642
2018-02-06 11:36:00,262.9650,262.9650,262.9650,262.9650,499668,100
2018-02-06 11:37:00,263.6300,262.9900,263.4300,263.1195,500661,747
2018-02-06 11:38:00,262.8600,262.6900,262.8150,262.6900,502757,1299
2018-02-06 11:39:00,263.5900,263.0850,263.0905,263.5500,503743,968
2018-02-06 11:40:00,264.0150,263.1000,263.1000,264.0150,505711,1600
2018-02-06 11:41:00,264.2000,263.9300,264.0200,264.2000,506991,780
2018-02-06 11:42:00,264.4000,263.8200,264.4000,263.8500,512191,4067
2018-02-06 11:43:00,264.3900,264.3900,264.3900,264.3900,515073,2800
2018-02-06 11:44:00,265.2000,264.3900,264.3900,265.0000,519232,3476
2018-02-06 11:45:00,265.4300,265.4195,265.4300,265.4195,519617,300
2018-02-06 11:46:00,265.3025,264.8100,265.2025,264.8100,521643,1800
2018-02-06 11:47:00,265.1111,264.5900,265.1081,264.5900,523684,1214
2018-02-06 11:48:00,265.0000,265.0000,265.0000,265.0000,523828,100
2018-02-06 11:49:00,265.2600,265.2600,265.2600,265.2600,523995,100
2018-02-06 11:50:00,265.6700,265.1200,265.3800,265.1200,527813,3118
2018-02-06 11:51:00,265.5500,265.4500,265.5500,265.4500,528043,200
2018-02-06 11:52:00,266.0400,265.7700,266.0400,266.0000,529610,1000
2018-02-06 11:53:00,266.6400,266.5000,266.5000,266.6400,530116,300
2018-02-06 11:54:00,267.4100,266.1613,266.1613,266.6950,533707,2789
2018-02-06 11:55:00,266.5128,266.0000,266.4600,266.0000,538628,3020
2018-02-06 11:56:00,266.9990,266.2200,266.2700,266.9990,540461,1336
2018-02-06 11:57:00,267.2200,266.6600,267.0100,266.6600,542547,1600
2018-02-06 11:58:00,267.3600,266.8700,266.8700,267.3600,543904,1343
2018-02-06 11:59:00,266.5700,266.0100,266.5700,266.4900,546619,2226
2018-02-06 12:00:00,265.7650,265.7650,265.7650,265.7650,547019,200
2018-02-06 12:01:00,266.4200,265.6850,265.6850,265.8049,549530,1069
2018-02-06 12:02:00,266.0000,265.0000,266.0000,265.4700,551532,1533
2018-02-06 12:03:00,265.2700,265.2700,265.2700,265.2700,551802,200
2018-02-06 12:04:00,266.2450,265.5100,265.6400,265.8450,555240,2352
2018-02-06 12:05:00,265.3600,265.2500,265.3600,265.2500,555773,300
2018-02-06 12:06:00,265.7500,265.3800,265.3800,265.6900,557167,1300
2018-02-06 12:07:00,265.9868,265.8200,265.9868,265.9700,557634,300
2018-02-06 12:09:00,266.6585,266.0150,266.0350,266.6585,560033,1811
2018-02-06 12:10:00,266.4147,266.0100,266.4100,266.0100,560534,500
2018-02-06 12:11:00,266.2500,266.2500,266.2500,266.2500,560774,100
2018-02-06 12:12:00,266.2900,265.6600,266.0300,266.2700,563430,1355
2018-02-06 12:13:00,266.4200,266.3700,266.3700,266.4200,564246,400
2018-02-06 12:14:00,266.8600,266.3890,266.3890,266.7885,565504,760
2018-02-06 12:15:00,267.2000,266.6300,266.6500,267.2000,568600,1727
2018-02-06 12:16:00,267.3400,267.2700,267.2700,267.3000,570005,900
2018-02-06 12:17:00,267.8400,267.1100,267.4400,267.1100,573937,2720
2018-02-06 12:18:00,267.0100,266.7050,267.0100,266.7050,576995,2446
2018-02-06 12:19:00,266.5800,266.1200,266.5800,266.1600,580640,2700
2018-02-06 12:20:00,266.4350,265.8000,265.9000,266.4350,582322,700
2018-02-06 12:21:00,266.1000,265.9950,265.9950,266.0900,583915,1500
2018-02-06 12:22:00,266.5200,265.9545,266.3800,265.9545,585739,1268
2018-02-06 12:23:00,266.6250,266.6250,266.6250,266.6250,586022,100
2018-02-06 12:25:00,266.5500,266.4850,266.5000,266.4850,589057,2300
2018-02-06 12:26:00,266.5500,266.1000,266.5300,266.3606,590425,1120
2018-02-06 12:27:00,266.9800,266.8800,266.8800,266.9800,590862,300
2018-02-06 12:28:00,266.9500,266.9500,266.9500,266.9500,591123,175
2018-02-06 12:30:00,267.8900,267.5750,267.6900,267.5750,592270,700
2018-02-06 12:31:00,268.0000,267.9300,267.9300,268.0000,592889,529
2018-02-06 12:33:00,268.8399,268.4397,268.8399,268.4397,593750,631
2018-02-06 12:34:00,268.8099,268.4400,268.5700,268.4400,595246,1315
2018-02-06 12:35:00,268.4000,268.3200,268.3800,268.3400,597065,1300
2018-02-06 12:36:00,268.3300,267.5200,268.3254,267.8290,599985,1899
2018-02-06 12:37:00,267.9900,267.5200,267.7300,267.7344,602675,2140
2018-02-06 12:38:00,267.4800,267.1500,267.3600,267.1500,603921,800
2018-02-06 12:39:00,269.1900,267.9500,268.0000,268.7600,606564,1324
2018-02-06 12:40:00,269.4500,269.4400,269.4400,269.4500,606973,200
2018-02-06 12:42:00,268.9800,268.9800,268.9800,268.9800,607813,400
2018-02-06 12:43:00,268.9050,268.5800,268.9050,268.6947,609395,1377
2018-02-06 12:45:00,268.9600,268.4009,268.9600,268.4009,610433,200
2018-02-06 12:46:00,268.8850,268.0200,268.8850,268.0666,612732,1700
2018-02-06 12:47:00,268.5000,268.1100,268.2100,268.5000,614537,1000
2018-02-06 12:48:00,268.9780,268.9780,268.9780,268.9780,614878,180
2018-02-06 12:49:00,268.5892,268.5843,268.5843,268.5892,615705,735
2018-02-06 12:50:00,268.7450,268.0500,268.2900,268.4100,618168,1420
2018-02-06 12:51:00,268.3412,268.3412,268.3412,268.3412,618720,100
2018-02-06 12:52:00,268.1000,267.5700,267.8900,267.9700,621034,1500
2018-02-06 12:53:00,268.0834,267.2050,267.3400,267.2050,622601,1340
2018-02-06 12:54:00,267.8400,267.6400,267.6400,267.8400,623107,200
2018-02-06 12:55:00,268.0500,268.0500,268.0500,268.0500,623310,100
2018-02-06 12:56:00,268.9600,268.3900,268.5600,268.9600,625669,1703
2018-02-06 12:57:00,268.7500,268.7500,268.7500,268.7500,625845,100
2018-02-06 12:58:00,268.7800,268.7800,268.7800,268.7800,626069,100
2018-02-06 12:59:00,268.9800,268.7751,268.7751,268.9800,627043,475
2018-02-06 13:00:00,269.2550,269.0000,269.0000,269.0367,629637,2200
2018-02-06 13:01:00,269.2565,268.7500,268.8600,269.2100,634490,3101
2018-02-06 13:02:00,268.7300,268.4467,268.5900,268.5647,635266,735
2018-02-06 13:03:00,268.9900,267.8800,268.7200,268.0300,638435,2300
2018-02-06 13:04:00,268.2900,267.3000,267.8800,268.1800,641931,2105
2018-02-06 13:05:00,268.2300,267.3800,267.5100,267.9700,643686,1200
2018-02-06 13:06:00,268.2900,268.1600,268.2900,268.1600,644062,200
2018-02-06 13:07:00,269.1950,268.7100,268.7100,269.1950,644861,400
2018-02-06 13:09:00,268.4500,267.4300,268.4500,267.4300,646856,1475
2018-02-06 13:10:00,267.6150,267.1100,267.1100,267.6150,648221,486
2018-02-06 13:11:00,268.1800,267.6300,267.6300,268.1800,649501,700
2018-02-06 13:12:00,268.2500,267.9300,268.2500,267.9300,650815,900
2018-02-06 13:14:00,269.0650,268.5000,268.5200,268.5000,653090,1300
2018-02-06 13:15:00,269.0000,268.0310,268.5000,268.6200,654432,1169
2018-02-06 13:17:00,268.2400,268.2200,268.2400,268.2200,654726,200
2018-02-06 13:19:00,269.4999,268.8865,269.0200,268.8865,656062,826
2018-02-06 13:20:00,269.5000,269.1304,269.3760,269.5000,657413,812
2018-02-06 13:21:00,269.2753,269.2753,269.2753,269.2753,657519,100
2018-02-06 13:22:00,269.6000,269.3250,269.3250,269.6000,658247,400
2018-02-06 13:23:00,269.6900,269.6650,269.6900,269.6899,658829,300
2018-02-06 13:24:00,269.5050,268.9500,269.2200,269.3300,662403,2545
2018-02-06 13:25:00,269.6000,269.2700,269.3500,269.2700,663612,809
2018-02-06 13:26:00,269.8000,269.6000,269.6000,269.8000,664322,300
2018-02-06 13:27:00,269.6700,269.1910,269.1910,269.5536,665042,599
2018-02-06 13:28:00,269.8600,269.3600,269.6850,269.3600,666584,810
2018-02-06 13:29:00,269.2400,269.2400,269.2400,269.2400,667131,220
2018-02-06 13:30:00,270.0700,269.0900,269.0900,270.0700,669589,1294
2018-02-06 13:31:00,269.5900,268.7600,269.4800,269.0800,672215,1900
2018-02-06 13:32:00,269.9215,269.9215,269.9215,269.9215,672481,100
2018-02-06 13:33:00,270.1200,269.4000,269.4000,270.1200,672708,200
2018-02-06 13:34:00,269.1200,268.4000,269.1200,268.4000,674808,1200
2018-02-06 13:35:00,268.3750,268.2600,268.2600,268.3750,675233,250
2018-02-06 13:36:00,268.9706,268.3800,268.3800,268.9706,676944,1095
2018-02-06 13:37:00,269.2650,269.2650,269.2650,269.2650,677081,100
2018-02-06 13:38:00,269.3700,268.7300,268.9500,269.3700,678278,800
2018-02-06 13:39:00,269.0900,268.3400,268.9037,268.5700,680718,1406
2018-02-06 13:40:00,269.0200,268.7800,268.8300,269.0200,681308,300
2018-02-06 13:41:00,268.7850,268.7850,268.7850,268.7850,682462,100
2018-02-06 13:43:00,269.4500,268.7200,268.8200,269.4500,683326,400
2018-02-06 13:44:00,269.5650,269.1400,269.1400,269.5650,684454,900
2018-02-06 13:46:00,269.3400,268.7500,269.3400,269.0100,686927,1460
2018-02-06 13:47:00,269.1563,268.7200,268.7700,269.0300,694512,6624
2018-02-06 13:48:00,269.2600,268.5500,269.0300,268.5500,695557,900
2018-02-06 13:49:00,268.6080,267.5900,268.5088,267.5900,697234,820
2018-02-06 13:51:00,267.5000,267.0800,267.5000,267.0800,698557,800
2018-02-06 13:52:00,267.5500,266.9000,266.9450,267.5400,699900,800
2018-02-06 13:53:00,268.0600,268.0600,268.0600,268.0600,700171,100
2018-02-06 13:54:00,267.6200,267.6200,267.6200,267.6200,700326,100
2018-02-06 13:55:00,268.1200,267.5100,267.8380,267.7150,702174,825
2018-02-06 13:56:00,268.1100,267.9200,267.9200,268.1100,702774,400
2018-02-06 13:57:00,267.9210,267.9210,267.9210,267.9210,703177,200
2018-02-06 13:58:00,267.5200,267.5200,267.5200,267.5200,703313,100
2018-02-06 13:59:00,267.6500,267.5900,267.6500,267.5900,703745,300
2018-02-06 14:01:00,267.8100,267.1500,267.5500,267.5800,707189,2800
2018-02-06 14:02:00,267.7200,267.5000,267.6888,267.5000,709344,1647
2018-02-06 14:03:00,268.2725,267.7900,267.7900,268.1600,711273,1300
2018-02-06 14:05:00,268.0100,268.0100,268.0100,268.0100,711477,100
2018-02-06 14:06:00,267.9429,267.5500,267.9429,267.5500,713479,1200
2018-02-06 14:07:00,267.6600,267.6000,267.6000,267.6600,714242,600
2018-02-06 14:08:00,267.9500,267.7500,267.7500,267.8300,714977,600
2018-02-06 14:09:00,267.9000,266.5300,267.9000,266.7100,727722,12482
2018-02-06 14:10:00,267.2800,266.7000,266.9800,267.0017,730048,1540
2018-02-06 14:11:00,267.7200,267.3500,267.3500,267.7200,731892,1599
2018-02-06 14:12:00,268.4400,268.4400,268.4400,268.4400,732092,200
2018-02-06 14:14:00,268.6630,268.1100,268.6630,268.6100,732737,400
2018-02-06 14:15:00,269.2500,268.8675,268.9700,269.0100,734062,900
2018-02-06 14:16:00,269.0000,267.6700,269.0000,267.6700,736989,2400
2018-02-06 14:17:00,268.6200,267.9250,267.9250,268.6200,737375,200
2018-02-06 14:18:00,267.9300,267.1500,267.9300,267.1500,738757,1200
2018-02-06 14:19:00,267.5100,267.5100,267.5100,267.5100,738948,100
2018-02-06 14:20:00,267.8100,267.1701,267.7840,267.5050,740861,1746
2018-02-06 14:21:00,267.9000,267.1600,267.1600,267.9000,742836,1500
2018-02-06 14:22:00,268.3900,268.3900,268.3900,268.3900,743093,200
2018-02-06 14:23:00,268.7000,268.0751,268.0751,268.7000,743425,200
2018-02-06 14:24:00,268.5400,268.0058,268.5400,268.0058,743775,300
2018-02-06 14:25:00,267.8050,266.6500,267.7900,266.7500,751407,5946
2018-02-06 14:27:00,267.0500,266.3600,266.3912,266.3700,755991,3201
2018-02-06 14:28:00,267.0900,266.7300,266.7300,267.0900,757474,1100
2018-02-06 14:29:00,266.9500,266.8150,266.8150,266.9500,758205,530
2018-02-06 14:30:00,267.5000,267.5000,267.5000,267.5000,758451,114
2018-02-06 14:31:00,267.1700,266.7000,267.1700,266.9700,759979,1100
2018-02-06 14:32:00,267.0300,266.4500,267.0300,266.4500,760704,500
2018-02-06 14:33:00,267.3750,266.7300,266.7700,267.3750,762287,800
2018-02-06 14:34:00,267.4760,267.3550,267.3600,267.4760,762853,400
2018-02-06 14:35:00,267.9600,267.4000,267.4000,267.9200,763928,681
2018-02-06 14:36:00,268.6500,268.6000,268.6000,268.6500,764208,200
2018-02-06 14:37:00,268.9800,268.6700,268.9500,268.7600,768026,3390
2018-02-06 14:38:00,268.9800,268.5041,268.7700,268.9800,768857,700
2018-02-06 14:39:00,268.7300,268.5743,268.6950,268.7300,769354,398
2018-02-06 14:40:00,269.0400,268.7700,268.7700,268.9799,771386,1914
2018-02-06 14:41:00,268.7625,268.7625,268.7625,268.7625,771690,200
2018-02-06 14:42:00,268.9800,267.6400,268.9800,267.6400,776066,3575
2018-02-06 14:43:00,268.2174,268.2174,268.2174,268.2174,776466,330
2018-02-06 14:44:00,268.3200,268.1050,268.1050,268.3200,777212,595
2018-02-06 14:45:00,268.5300,268.2900,268.3600,268.5300,778515,1100
2018-02-06 14:46:00,268.8210,268.6000,268.6000,268.8210,779152,374
2018-02-06 14:47:00,269.3100,268.7200,269.1082,269.3100,780260,962
2018-02-06 14:48:00,269.8300,269.5900,269.5900,269.8300,781031,600
2018-02-06 14:49:00,270.5100,269.7850,269.7850,270.0900,782027,800
2018-02-06 14:50:00,270.5000,269.5600,270.4900,270.5000,782751,700
2018-02-06 14:51:00,270.6200,270.2250,270.2250,270.6200,783194,300
2018-02-06 14:52:00,270.6600,270.2100,270.6100,270.2100,786814,2298
2018-02-06 14:53:00,270.3300,269.5800,270.0000,270.3300,787891,800
2018-02-06 14:54:00,270.1150,270.0702,270.0702,270.1150,788222,200
2018-02-06 14:55:00,270.7800,270.0000,270.4300,270.6800,789442,898
2018-02-06 14:56:00,271.0400,270.8602,270.9900,270.9300,790977,868
2018-02-06 14:57:00,271.3200,270.7750,270.7750,271.1500,792689,1199
2018-02-06 14:58:00,271.4300,271.1300,271.4300,271.1300,793267,200
2018-02-06 14:59:00,271.4500,271.0700,271.2526,271.1300,794955,1525
2018-02-06 15:00:00,272.2500,271.4600,271.4600,272.0000,802003,2004
2018-02-06 15:01:00,272.3100,271.3300,272.3100,271.9254,805942,2500
2018-02-06 15:02:00,272.4553,272.1600,272.1600,272.4553,806621,581
2018-02-06 15:03:00,272.8190,271.8200,272.7839,271.8200,809874,2400
2018-02-06 15:04:00,272.5200,271.5700,271.9600,272.1679,814796,3803
2018-02-06 15:05:00,272.8400,272.5400,272.5400,272.8400,816290,1000
2018-02-06 15:06:00,273.3700,272.5000,272.7767,273.0650,818195,1385
2018-02-06 15:07:00,273.4550,272.7600,272.8500,273.4550,820202,1670
2018-02-06 15:08:00,273.5750,273.3900,273.5100,273.5750,822631,2151
2018-02-06 15:09:00,273.5550,273.2318,273.5550,273.3900,823703,927
2018-02-06 15:10:00,273.5100,272.9700,273.1380,273.3550,827871,2160
2018-02-06 15:11:00,273.3000,272.5000,273.3000,272.7000,831968,3400
2018-02-06 15:12:00,272.8250,272.8250,272.8250,272.8250,832296,100
2018-02-06 15:13:00,273.2600,272.4500,272.5700,272.6000,837294,4362
2018-02-06 15:14:00,272.9550,272.3300,272.9550,272.5900,839237,1612
2018-02-06 15:15:00,272.4700,272.1500,272.4700,272.1500,840087,600
2018-02-06 15:16:00,272.4900,272.2900,272.3000,272.4900,841332,600
2018-02-06 15:17:00,272.4900,271.8810,272.4900,272.1750,843062,1300
2018-02-06 15:18:00,272.3500,271.9500,272.0300,272.1650,845985,2100
2018-02-06 15:19:00,271.9500,271.5000,271.9500,271.5000,848044,1200
2018-02-06 15:20:00,271.5600,271.2400,271.5577,271.3950,849690,1150
2018-02-06 15:21:00,272.0300,271.2300,271.2400,271.7208,851286,1300
2018-02-06 15:22:00,272.9200,271.6450,271.6450,272.7874,854034,1568
2018-02-06 15:23:00,272.8200,272.3522,272.5400,272.3522,858305,3243
2018-02-06 15:24:00,272.1700,271.7700,272.1700,271.7700,859286,600
2018-02-06 15:25:00,272.0136,272.0136,272.0136,272.0136,859807,200
2018-02-06 15:26:00,272.4400,271.9100,271.9100,272.4400,862112,1600
2018-02-06 15:27:00,273.0000,272.7200,272.7200,273.0000,863914,918
2018-02-06 15:28:00,273.2000,272.9350,273.0500,273.0300,865129,800
2018-02-06 15:29:00,273.6300,273.2200,273.2200,273.3248,867260,2050
2018-02-06 15:30:00,273.7100,273.4100,273.4100,273.7100,868579,1140
2018-02-06 15:31:00,273.9800,272.8300,273.9800,272.8300,874001,4350
2018-02-06 15:32:00,272.8986,272.2700,272.8828,272.6600,877571,2527
2018-02-06 15:33:00,272.9700,272.5600,272.9700,272.9600,879521,1500
2018-02-06 15:34:00,273.6150,272.9050,272.9075,273.6150,883468,2790
2018-02-06 15:35:00,274.0000,273.6400,273.8900,273.8300,885528,1500
2018-02-06 15:36:00,273.8200,273.2000,273.4600,273.5800,889007,2100
2018-02-06 15:37:00,274.0800,273.3900,273.3900,274.0500,892175,2621
2018-02-06 15:38:00,274.0700,273.8500,274.0700,273.8700,895508,2890
2018-02-06 15:40:00,274.0300,273.7700,273.7700,274.0300,897727,1340
2018-02-06 15:41:00,274.3100,274.0600,274.0600,274.2200,899327,1000
2018-02-06 15:42:00,274.3000,273.4700,274.1700,274.0500,905477,4067
2018-02-06 15:43:00,274.1100,273.7800,274.1100,273.7800,906853,1000
2018-02-06 15:44:00,273.9517,273.9500,273.9517,273.9500,907248,200
2018-02-06 15:45:00,273.6600,273.0500,273.6600,273.1900,909654,1200
2018-02-06 15:46:00,273.2100,272.8360,273.0000,272.9100,913115,2559
2018-02-06 15:47:00,273.3400,273.1150,273.2324,273.1150,913985,623
2018-02-06 15:48:00,273.1200,272.1900,273.1128,272.4941,921593,6394
2018-02-06 15:49:00,272.7500,272.2808,272.2808,272.7500,923671,1150
2018-02-06 15:50:00,272.6700,272.3700,272.6100,272.4100,924873,900
2018-02-06 15:51:00,272.2700,271.5350,272.1200,271.9500,931030,4870
2018-02-06 15:52:00,271.9500,271.1200,271.5550,271.1200,933025,1700
2018-02-06 15:53:00,271.4600,270.9800,270.9800,271.4600,935340,1550
2018-02-06 15:54:00,272.1800,271.4600,271.7000,272.1800,938314,2024
2018-02-06 15:55:00,272.1790,271.4000,272.1790,271.5100,942963,3300
2018-02-06 15:56:00,271.9500,270.8350,271.6100,271.9500,949731,4905
2018-02-06 15:57:00,272.5200,271.7000,271.7000,272.4300,953527,2553
2018-02-06 15:58:00,272.5200,272.2400,272.3000,272.5000,958599,3841
2018-02-06 15:59:00,272.7458,272.1000,272.5000,272.2800,966068,5142
2018-02-06 16:00:00,272.6200,272.0400,272.5899,272.5000,978940,10138
2018-02-07 09:31:00,279.0000,277.4000,277.9900,278.0443,25494,22353
2018-02-07 09:32:00,278.3800,276.0700,278.2000,276.0700,29242,2981
2018-02-07 09:33:00,277.2500,276.0600,276.2100,277.2500,34182,3800
2018-02-07 09:34:00,278.0299,277.0000,277.0000,277.3850,35719,817
2018-02-07 09:35:00,277.1169,276.0200,276.7500,277.1169,37844,1923
2018-02-07 09:36:00,277.0900,275.7300,276.0501,275.8053,49418,11401
2018-02-07 09:37:00,276.5500,276.0000,276.2600,276.4300,51314,1379
2018-02-07 09:38:00,276.5950,276.1900,276.5950,276.1900,52368,690
2018-02-07 09:39:00,276.9190,275.5800,276.4947,276.9190,56905,3120
2018-02-07 09:40:00,276.6000,276.0000,276.6000,276.1947,58519,1058
2018-02-07 09:41:00,276.8600,276.0000,276.4742,276.7100,67613,7262
2018-02-07 09:42:00,278.3748,276.9300,276.9300,278.1800,77501,8728
2018-02-07 09:43:00,278.8383,276.0300,278.8383,277.0690,80400,2814
2018-02-07 09:44:00,276.6200,275.1000,276.6200,275.9999,86379,5086