2018-02-05 09:31:00,229.8500,225.0600,229.4200,225.4050,184922,128779
2018-02-05 09:32:00,227.2100,224.5800,225.3600,226.9800,274117,71669
2018-02-05 09:33:00,228.0000,225.9277,227.4100,227.6022,301191,22250
2018-02-05 09:34:00,227.7500,227.0800,227.7500,227.3700,335866,27033
2018-02-05 09:35:00,228.7367,227.4700,227.6100,228.4650,358402,17959
2018-02-05 09:36:00,229.0000,227.9550,228.4650,228.6100,391650,27887
2018-02-05 09:37:00,229.6500,228.0000,228.7400,228.6758,431827,33907
2018-02-05 09:38:00,229.7200,228.6050,228.8400,229.0800,464552,27387
2018-02-05 09:39:00,230.2441,229.1800,229.3000,229.9700,497277,28902
2018-02-05 09:40:00,230.4400,229.2700,229.7000,230.4100,534556,31572
2018-02-05 09:41:00,230.5700,229.3735,230.1000,230.2400,563523,24151
2018-02-05 09:42:00,230.1900,228.9000,230.0500,229.8800,585003,16992
2018-02-05 09:43:00,230.1047,229.2550,230.0000,229.4160,602847,15126
2018-02-05 09:44:00,230.1000,229.2700,229.4025,229.3700,639450,32612
2018-02-05 09:45:00,229.7400,229.2700,229.4900,229.5500,652014,10254
2018-02-05 09:46:00,230.7700,229.2600,229.7500,230.6900,676338,20278
2018-02-05 09:47:00,230.8000,230.2312,230.7500,230.5700,703574,23505
2018-02-05 09:48:00,230.7200,230.2900,230.6900,230.5000,719769,13549
2018-02-05 09:49:00,230.8000,230.3000,230.5000,230.7100,733753,11842
2018-02-05 09:50:00,230.6700,230.2500,230.6700,230.4200,752856,15219
2018-02-05 09:51:00,230.6000,229.8400,230.3700,230.5400,774153,17182
2018-02-05 09:52:00,230.5000,230.0700,230.5000,230.1850,785604,9187
2018-02-05 09:53:00,230.3300,229.8200,230.2600,230.1000,794886,7751
2018-02-05 09:54:00,230.1000,229.6100,230.0800,229.8100,815806,16981
2018-02-05 09:55:00,229.8250,229.3200,229.7928,229.4100,826339,8110
2018-02-05 09:56:00,230.1000,229.2600,229.4300,229.8300,852145,22538
2018-02-05 09:57:00,230.6000,230.0000,230.0000,230.4679,896172,39270
2018-02-05 09:58:00,231.0000,230.4100,230.5900,230.9454,930785,29383
2018-02-05 09:59:00,231.5000,230.8300,230.8900,231.2900,953651,19901
2018-02-05 10:00:00,231.5000,230.9101,231.2900,231.3800,974765,16638
2018-02-05 10:01:00,231.2600,229.7500,231.2600,229.8000,996786,17631
2018-02-05 10:02:00,229.7600,229.4200,229.7500,229.5800,1006072,8500
2018-02-05 10:03:00,230.1400,229.4500,229.4900,230.1100,1013999,6729
2018-02-05 10:04:00,230.1900,229.8700,230.1150,230.0900,1026685,9679
2018-02-05 10:05:00,230.7500,230.0100,230.1400,230.6400,1048939,19317
2018-02-05 10:06:00,230.8500,230.1100,230.7400,230.4600,1070688,16547
2018-02-05 10:07:00,230.8400,230.3900,230.5200,230.6800,1087069,12598
2018-02-05 10:08:00,231.0000,230.7400,230.7500,231.0000,1105301,13978
2018-02-05 10:09:00,231.7600,230.9800,230.9800,231.7600,1115185,7805
2018-02-05 10:10:00,232.2600,231.6900,231.6900,232.0700,1133632,13696
2018-02-05 10:11:00,232.9900,231.9800,232.0200,232.7800,1155953,17888
2018-02-05 10:12:00,232.9200,232.1800,232.7801,232.3500,1163105,6029
2018-02-05 10:13:00,233.0000,232.2100,232.2300,232.9250,1174820,8581
2018-02-05 10:14:00,233.5100,232.6000,232.8500,233.3100,1193056,14657
2018-02-05 10:15:00,233.5500,233.0959,233.2400,233.1794,1206308,11995
2018-02-05 10:16:00,233.5400,233.1282,233.1800,233.4238,1221509,12401
2018-02-05 10:17:00,233.3700,232.5600,233.3700,233.0000,1233352,8671
2018-02-05 10:18:00,233.3799,232.8000,233.0100,233.2000,1241029,6750
2018-02-05 10:19:00,233.5400,233.1100,233.2800,233.5400,1249157,6039
2018-02-05 10:20:00,233.6400,233.1800,233.6400,233.1800,1259882,9557
2018-02-05 10:21:00,233.7900,233.1724,233.3800,233.7900,1271156,8382
2018-02-05 10:22:00,233.7400,233.3600,233.6700,233.5524,1275826,3256
2018-02-05 10:23:00,233.9750,233.5000,233.5800,233.7303,1291104,12421
2018-02-05 10:24:00,234.0000,233.4600,233.8339,233.9060,1301195,8064
2018-02-05 10:25:00,234.4900,233.9750,233.9750,234.4500,1325411,20820
2018-02-05 10:26:00,235.4700,234.5000,234.5000,235.3600,1345922,17000
2018-02-05 10:27:00,235.6900,235.4400,235.4700,235.6050,1370338,20150
2018-02-05 10:28:00,235.6200,234.5900,235.5600,234.8228,1392032,19057
2018-02-05 10:29:00,234.9000,234.5700,234.7500,234.8150,1399767,6145
2018-02-05 10:30:00,234.7005,234.0100,234.6800,234.0100,1406671,5800
2018-02-05 10:31:00,234.2000,233.2700,234.2000,233.6100,1414684,6430
2018-02-05 10:32:00,233.7850,233.3000,233.7850,233.4406,1428583,10900
2018-02-05 10:33:00,233.7100,233.2400,233.2700,233.6600,1434208,4694
2018-02-05 10:34:00,233.7000,233.0776,233.3200,233.0776,1445529,9200
2018-02-05 10:35:00,233.3950,232.7283,233.0300,232.8100,1451978,5203
2018-02-05 10:36:00,232.9000,232.2400,232.9000,232.4900,1460519,7250
2018-02-05 10:37:00,233.4200,232.7100,232.8400,233.0600,1467368,5962
2018-02-05 10:38:00,233.1012,232.6000,233.0700,232.8400,1474274,5239
2018-02-05 10:39:00,232.6800,232.2700,232.6800,232.2700,1476731,1568
2018-02-05 10:40:00,232.5300,232.0000,232.2700,232.3000,1487422,8148
2018-02-05 10:41:00,232.3500,231.7500,232.3337,232.2850,1500499,10127
2018-02-05 10:42:00,232.7100,232.1900,232.3300,232.4400,1503758,2620
2018-02-05 10:43:00,232.8000,232.2100,232.7000,232.7100,1510717,4011
2018-02-05 10:44:00,232.4800,232.1500,232.4600,232.1900,1512663,1300
2018-02-05 10:45:00,232.5000,231.8100,232.0050,232.5000,1520155,5505
2018-02-05 10:46:00,232.7900,232.5000,232.5900,232.5607,1526024,3480
2018-02-05 10:47:00,233.0100,232.6669,232.7100,233.0100,1528767,1300
2018-02-05 10:48:00,233.0299,232.6933,233.0250,233.0299,1530902,1545
2018-02-05 10:49:00,232.7600,232.3600,232.7600,232.4690,1533275,2010
2018-02-05 10:50:00,232.6600,232.2500,232.4700,232.6600,1541666,6315
2018-02-05 10:51:00,232.6288,231.7900,232.6288,232.0900,1548463,5053
2018-02-05 10:52:00,232.3700,231.8000,231.8944,232.1000,1555088,4521
2018-02-05 10:53:00,232.4800,232.1500,232.1500,232.4800,1558352,2323
2018-02-05 10:54:00,232.4500,232.1750,232.4500,232.3300,1560824,1600
2018-02-05 10:55:00,232.5300,232.0800,232.3300,232.0800,1564492,2278
2018-02-05 10:56:00,232.2000,231.9000,232.2000,232.0800,1567511,2300
2018-02-05 10:57:00,232.3550,232.1169,232.1169,232.3550,1570414,2090
2018-02-05 10:58:00,232.1300,231.6700,232.1100,231.7800,1583843,10955
2018-02-05 10:59:00,232.2105,231.7600,231.7700,231.9600,1588926,4229
2018-02-05 11:00:00,231.8750,231.3300,231.8300,231.7700,1598866,7883
2018-02-05 11:01:00,232.3000,231.6220,231.6220,232.3000,1603947,4270
2018-02-05 11:02:00,232.2268,231.8500,232.2268,232.1300,1609675,4598
2018-02-05 11:03:00,232.0998,231.8900,232.0300,232.0998,1617322,5878
2018-02-05 11:04:00,232.0800,231.6750,231.9400,231.8200,1620834,2700
2018-02-05 11:05:00,232.0312,231.5100,231.5800,231.8200,1623897,1972
2018-02-05 11:06:00,231.9328,231.4800,231.9200,231.7800,1630667,4846
2018-02-05 11:07:00,232.0908,231.6700,231.7000,232.0600,1633563,2050
2018-02-05 11:08:00,231.9900,231.7700,231.9900,231.8800,1636867,2550
2018-02-05 11:09:00,231.9550,231.7400,231.8649,231.7400,1639372,2010
2018-02-05 11:10:00,231.8600,231.4300,231.7600,231.6800,1644799,4391
2018-02-05 11:11:00,231.6800,231.4381,231.6800,231.4381,1647676,2200
2018-02-05 11:12:00,231.4000,231.0000,231.4000,231.2300,1653071,4145
2018-02-05 11:13:00,231.5800,231.1800,231.1800,231.2700,1660896,6185
2018-02-05 11:14:00,231.3200,230.7600,231.2800,230.7600,1665757,3703
2018-02-05 11:15:00,231.0700,230.6900,230.7300,230.6900,1672224,4480
2018-02-05 11:16:00,230.9000,230.7140,230.7624,230.7140,1675761,2687
2018-02-05 11:17:00,231.3900,230.7400,230.8500,230.7400,1693095,14297
2018-02-05 11:18:00,230.8300,230.5900,230.8000,230.6945,1700010,5491
2018-02-05 11:19:00,230.5892,230.3500,230.5800,230.5000,1706709,5570
2018-02-05 11:20:00,230.4600,230.1600,230.3545,230.1600,1711456,3186
2018-02-05 11:21:00,230.3800,230.0700,230.3800,230.2700,1714356,1500
2018-02-05 11:22:00,230.2090,229.6000,230.0000,229.8539,1728698,10646
2018-02-05 11:23:00,230.2657,230.0104,230.1400,230.2200,1735869,4694
2018-02-05 11:24:00,230.4200,229.8400,230.3500,230.2600,1744087,6602
2018-02-05 11:25:00,230.5000,230.1100,230.4100,230.1100,1751820,6245
2018-02-05 11:26:00,230.6600,230.3198,230.5299,230.6600,1756047,3132
2018-02-05 11:27:00,230.6600,230.4500,230.5650,230.6600,1760064,2827
2018-02-05 11:28:00,230.9100,230.5350,230.5350,230.7800,1765323,4091
2018-02-05 11:29:00,231.0000,230.6200,230.8200,230.6200,1771526,3810
2018-02-05 11:30:00,230.8400,230.4700,230.6600,230.6603,1776570,3722
2018-02-05 11:31:00,230.8700,230.3600,230.8400,230.5000,1781169,3414
2018-02-05 11:32:00,231.0000,230.4400,230.4400,231.0000,1787369,5036
2018-02-05 11:33:00,230.7000,230.0300,230.7000,230.5200,1793011,4462
2018-02-05 11:34:00,230.4300,230.3908,230.3908,230.4100,1793655,300
2018-02-05 11:35:00,230.6300,230.1454,230.3100,230.5604,1798976,3605
2018-02-05 11:36:00,230.5700,230.2900,230.5500,230.5700,1803252,3800
2018-02-05 11:37:00,230.5100,230.1200,230.5100,230.4000,1807072,2503
2018-02-05 11:38:00,230.3250,230.1700,230.1700,230.3250,1807991,650
2018-02-05 11:39:00,230.4500,230.2500,230.3000,230.3300,1813128,4000
2018-02-05 11:40:00,230.3900,230.1500,230.2500,230.3900,1815811,2100
2018-02-05 11:41:00,230.3800,230.0400,230.1000,230.3800,1823108,5389
2018-02-05 11:42:00,230.6300,230.2800,230.5300,230.4500,1829220,5200
2018-02-05 11:43:00,230.6800,230.4900,230.4900,230.6600,1834215,3662
2018-02-05 11:44:00,230.6900,230.2300,230.6800,230.2300,1836702,1900
2018-02-05 11:45:00,230.3900,230.1500,230.2300,230.2100,1842952,5500
2018-02-05 11:46:00,230.3600,230.2000,230.3200,230.2932,1851095,6920
2018-02-05 11:47:00,230.3200,230.1100,230.2850,230.1600,1852004,600
2018-02-05 11:48:00,230.0400,229.9800,230.0400,229.9980,1854377,1105
2018-02-05 11:49:00,230.1100,230.0100,230.0600,230.0600,1855993,1200
2018-02-05 11:50:00,230.2200,229.9100,229.9100,230.0750,1860318,2700
2018-02-05 11:51:00,230.2200,230.0300,230.0600,230.1500,1868829,6901
2018-02-05 11:52:00,230.4000,230.1400,230.2700,230.2800,1871674,2300
2018-02-05 11:53:00,230.4700,230.0900,230.3900,230.3600,1877066,4576
2018-02-05 11:54:00,230.5900,230.3500,230.3600,230.4600,1881064,3347
2018-02-05 11:55:00,230.7200,230.0900,230.4400,230.5250,1887954,5223
2018-02-05 11:56:00,230.9300,230.3300,230.4256,230.6500,1891796,3190
2018-02-05 11:57:00,230.7100,230.4800,230.6100,230.4800,1894836,2500
2018-02-05 11:58:00,230.8700,230.2800,230.2800,230.7100,1899743,3700
2018-02-05 11:59:00,230.8700,230.6300,230.8056,230.6300,1903104,2623
2018-02-05 12:00:00,230.8500,230.8000,230.8500,230.8000,1903482,200
2018-02-05 12:01:00,230.6950,230.5900,230.5900,230.6900,1906112,2000
2018-02-05 12:02:00,230.7500,230.4300,230.6200,230.4300,1910721,3831
2018-02-05 12:03:00,230.4100,230.2050,230.3000,230.2050,1913211,1141
2018-02-05 12:04:00,230.2500,230.0700,230.0700,230.2100,1920015,1000
2018-02-05 12:05:00,230.2100,230.1400,230.2100,230.2000,1923834,2800
2018-02-05 12:06:00,230.1200,229.8300,230.0300,230.1200,1929113,4028
2018-02-05 12:07:00,230.1100,229.9000,230.1100,229.9000,1930355,1000
2018-02-05 12:08:00,230.1800,229.9100,230.0300,230.1300,1933879,2122
2018-02-05 12:09:00,230.1300,229.9300,230.1200,229.9400,1935962,1700
2018-02-05 12:10:00,230.0000,229.5000,229.8400,229.5100,1941117,4500
2018-02-05 12:11:00,229.6300,229.4000,229.5400,229.4000,1944294,2300
2018-02-05 12:12:00,229.5900,229.4200,229.4200,229.5400,1948221,3100
2018-02-05 12:13:00,229.9600,229.5650,229.6077,229.7800,1953808,4100
2018-02-05 12:14:00,230.1100,229.7100,229.7200,229.9500,1962318,7560
2018-02-05 12:15:00,229.9200,229.5401,229.7100,229.6501,1975895,12825
2018-02-05 12:16:00,229.9900,229.5000,229.9300,229.5000,1981372,4832
2018-02-05 12:17:00,229.6400,229.4000,229.6300,229.4000,1984433,2500
2018-02-05 12:18:00,229.6300,229.3100,229.4300,229.5200,1987559,2254
2018-02-05 12:19:00,229.5000,229.2400,229.4666,229.3300,1996163,7010
2018-02-05 12:20:00,229.3800,229.1900,229.3300,229.3800,1999477,2231
2018-02-05 12:21:00,229.4500,229.2100,229.3900,229.4000,2004342,4240
2018-02-05 12:22:00,229.5800,229.2300,229.3100,229.3100,2009499,4569
2018-02-05 12:23:00,229.3100,228.8600,229.3100,229.0000,2014883,3441
2018-02-05 12:24:00,229.0700,228.8401,228.9739,229.0000,2017118,1249
2018-02-05 12:25:00,229.0300,228.8400,228.9300,228.9260,2021253,3689
2018-02-05 12:26:00,229.1900,228.8000,228.8200,229.0900,2034586,11024
2018-02-05 12:27:00,230.0400,229.2800,229.2800,230.0400,2039769,4000
2018-02-05 12:28:00,229.7700,229.4100,229.7700,229.4600,2046331,4400
2018-02-05 12:29:00,229.6700,229.1800,229.3200,229.6700,2051106,3261
2018-02-05 12:30:00,229.5694,229.1800,229.4150,229.5500,2054644,2211
2018-02-05 12:31:00,229.6700,229.3300,229.5400,229.3500,2059387,3900
2018-02-05 12:32:00,229.6244,229.6244,229.6244,229.6244,2059507,100
2018-02-05 12:33:00,229.7100,229.5200,229.5400,229.7050,2061868,1600
2018-02-05 12:34:00,229.7800,229.4800,229.7300,229.6300,2065299,2600
2018-02-05 12:35:00,229.6900,229.4900,229.6900,229.4900,2067597,1600
2018-02-05 12:36:00,229.3900,229.1200,229.3900,229.1200,2070187,1683
2018-02-05 12:37:00,229.2500,229.0700,229.1568,229.1995,2072450,1800
2018-02-05 12:38:00,229.1900,228.7100,229.1900,228.8400,2077079,3176
2018-02-05 12:39:00,229.2600,228.8500,228.8900,229.2600,2082650,3827
2018-02-05 12:40:00,229.4250,229.0000,229.3600,229.1500,2086041,2739
2018-02-05 12:41:00,229.3900,229.2200,229.2200,229.3900,2087477,700
2018-02-05 12:42:00,229.4400,229.2700,229.2750,229.4400,2090470,2205
2018-02-05 12:43:00,229.4600,229.4200,229.4500,229.4400,2091435,700
2018-02-05 12:44:00,229.3675,229.2100,229.3000,229.2100,2104021,4922
2018-02-05 12:45:00,230.0000,229.2400,229.2400,230.0000,2113522,7750
2018-02-05 12:46:00,230.3830,229.6400,229.9900,230.3450,2118822,4131
2018-02-05 12:47:00,230.1000,229.7500,230.1000,229.8500,2122831,3250
2018-02-05 12:48:00,229.9800,229.8100,229.8100,229.9500,2124415,1430
2018-02-05 12:49:00,230.1100,229.9000,229.9900,229.9900,2127178,2001
2018-02-05 12:50:00,230.2500,229.8200,230.0700,229.8200,2131356,3348
2018-02-05 12:51:00,230.0900,230.0500,230.0500,230.0900,2132646,901
2018-02-05 12:52:00,230.0600,229.9800,230.0600,229.9800,2134465,1588
2018-02-05 12:53:00,230.0200,229.7800,230.0200,229.9200,2137655,2274
2018-02-05 12:54:00,230.0300,229.9200,229.9200,229.9200,2139815,1000
2018-02-05 12:55:00,229.8200,229.7500,229.8200,229.7500,2141145,503
2018-02-05 12:56:00,230.0400,229.5400,229.6200,230.0400,2147133,4082
2018-02-05 12:57:00,229.9600,229.7900,229.9600,229.8300,2148661,1100
2018-02-05 12:58:00,229.8700,229.5700,229.7000,229.7000,2152392,2900
2018-02-05 12:59:00,229.7400,229.3200,229.7400,229.6300,2156543,3239
2018-02-05 13:00:00,229.6400,229.2800,229.6400,229.2800,2159857,2200
2018-02-05 13:01:00,229.4200,229.0000,229.2300,229.2900,2166109,5136
2018-02-05 13:02:00,229.4500,229.0689,229.1700,229.4500,2168629,1643
2018-02-05 13:03:00,229.3700,228.7700,229.3700,229.0300,2176981,6719
2018-02-05 13:04:00,229.3100,228.7000,229.3100,228.8500,2179346,1900
2018-02-05 13:05:00,229.1555,228.6900,228.8400,228.6900,2181301,1484
2018-02-05 13:06:00,229.3200,228.6500,228.7200,229.2400,2188261,5815
2018-02-05 13:07:00,229.2000,229.0600,229.1900,229.0600,2189263,500
2018-02-05 13:08:00,228.9800,228.8200,228.8301,228.9450,2192921,2949
2018-02-05 13:09:00,229.0800,228.8510,228.9400,229.0000,2195243,1500
2018-02-05 13:10:00,229.1900,228.8600,229.1300,228.9900,2199476,3450
2018-02-05 13:11:00,229.2900,228.8800,228.9691,228.8800,2202672,2400
2018-02-05 13:12:00,229.1000,228.6500,228.9215,228.8500,2206940,2530
2018-02-05 13:13:00,228.9900,228.7500,228.9200,228.9900,2211218,3000
2018-02-05 13:14:00,229.1500,228.7000,228.9900,228.7103,2215341,3504
2018-02-05 13:15:00,228.7800,228.5600,228.7100,228.7800,2218577,2573
2018-02-05 13:16:00,228.9700,228.6100,228.8400,228.8668,2224665,5282
2018-02-05 13:17:00,228.8650,228.4400,228.8650,228.4800,2229316,4500
2018-02-05 13:18:00,228.6200,228.3300,228.4250,228.5300,2234293,3600
2018-02-05 13:19:00,228.6700,228.5300,228.6400,228.5300,2235848,1000
2018-02-05 13:20:00,228.4400,228.1800,228.3900,228.4100,2239380,2250
2018-02-05 13:21:00,228.5100,228.1600,228.4200,228.4550,2246492,5930
2018-02-05 13:22:00,228.7600,228.3200,228.4650,228.3500,2252238,5208
2018-02-05 13:23:00,228.5600,228.3900,228.3900,228.5600,2254338,1475
2018-02-05 13:24:00,228.6200,228.4300,228.6100,228.5900,2256403,1604
2018-02-05 13:25:00,228.8200,228.5100,228.5100,228.6100,2261145,2701
2018-02-05 13:26:00,228.8500,228.5200,228.7700,228.5400,2263819,2000
2018-02-05 13:27:00,228.7300,228.3600,228.5100,228.4200,2269168,4000
2018-02-05 13:28:00,228.6300,228.3000,228.4400,228.4620,2274268,3772
2018-02-05 13:29:00,228.3500,227.8600,228.3400,228.2100,2281289,4561
2018-02-05 13:30:00,228.5200,228.0900,228.1100,228.2300,2287288,4550
2018-02-05 13:31:00,228.7500,228.3500,228.3700,228.6200,2290619,2100
2018-02-05 13:32:00,229.1700,228.6300,228.6300,228.7500,2295550,3830
2018-02-05 13:33:00,229.1300,228.7419,228.7419,229.1060,2299451,2300
2018-02-05 13:34:00,229.0200,228.7500,229.0200,228.7600,2300633,833
2018-02-05 13:35:00,228.8000,228.3800,228.6600,228.5200,2309294,6761
2018-02-05 13:36:00,228.8800,228.6700,228.6700,228.8800,2310791,1000
2018-02-05 13:37:00,228.9200,228.4811,228.7100,228.7800,2316488,4257
2018-02-05 13:38:00,228.7900,228.2400,228.5900,228.7900,2319152,1631
2018-02-05 13:39:00,229.0600,228.7000,228.7700,228.7700,2321336,1900
2018-02-05 13:40:00,228.7800,228.3400,228.7700,228.3400,2327547,4176
2018-02-05 13:41:00,228.8800,228.5600,228.5900,228.8800,2330580,2400
2018-02-05 13:42:00,229.2600,229.0700,229.0700,229.1600,2333856,2200
2018-02-05 13:43:00,229.3400,228.9500,229.1400,229.2413,2337398,2256
2018-02-05 13:44:00,229.2100,228.8900,229.1800,229.1300,2339955,1800
2018-02-05 13:45:00,229.5011,229.0600,229.0700,229.5011,2342132,1785
2018-02-05 13:46:00,229.4200,229.1900,229.2300,229.4200,2345833,2823
2018-02-05 13:47:00,229.5100,229.3400,229.4950,229.4800,2347946,1100
2018-02-05 13:48:00,229.3900,229.1000,229.1100,229.1300,2354549,5300
2018-02-05 13:49:00,229.4700,229.1600,229.4050,229.2600,2357888,2500
2018-02-05 13:50:00,229.4800,229.2600,229.3100,229.3000,2363574,4147
2018-02-05 13:51:00,229.5900,229.3000,229.3000,229.3600,2365550,1217
2018-02-05 13:52:00,229.7750,229.4123,229.4400,229.7750,2371455,3881
2018-02-05 13:53:00,229.7750,229.5950,229.7750,229.5950,2373918,1722
2018-02-05 13:54:00,229.9000,229.7600,229.7600,229.8650,2377338,2250
2018-02-05 13:55:00,230.1300,229.7700,229.9700,230.1300,2384290,5765
2018-02-05 13:56:00,230.3600,230.0100,230.2200,230.3600,2386493,1500
2018-02-05 13:57:00,230.7050,230.1900,230.1900,230.5280,2392380,4348
2018-02-05 13:58:00,230.6300,230.3900,230.6100,230.5564,2396042,2486
2018-02-05 13:59:00,230.5988,230.3479,230.3479,230.4850,2400445,3730
2018-02-05 14:00:00,230.6700,230.4200,230.5900,230.6250,2405793,4401
2018-02-05 14:01:00,230.7000,230.4888,230.6300,230.4888,2410796,4600
2018-02-05 14:02:00,230.6000,230.2100,230.6000,230.2650,2414203,2677
2018-02-05 14:03:00,230.5100,230.1128,230.1850,230.5000,2421713,6277
2018-02-05 14:04:00,230.4000,230.2191,230.3600,230.4000,2424842,2700
2018-02-05 14:05:00,230.3800,230.1900,230.2550,230.3200,2428376,2499
2018-02-05 14:06:00,230.3900,230.1700,230.2674,230.3100,2436244,5400
2018-02-05 14:07:00,230.3300,230.1400,230.3200,230.1400,2439080,2000
2018-02-05 14:08:00,230.0900,229.9705,230.0900,229.9999,2442385,1819
2018-02-05 14:09:00,229.8900,229.6500,229.7600,229.8600,2444666,1800
2018-02-05 14:10:00,229.8500,229.7560,229.8000,229.7560,2446038,800
2018-02-05 14:11:00,229.9770,229.6680,229.6700,229.8000,2451010,2861
2018-02-05 14:12:00,229.8800,229.6900,229.8300,229.8400,2452634,1100
2018-02-05 14:13:00,229.8600,229.7400,229.7800,229.8600,2453774,650
2018-02-05 14:14:00,230.2200,229.8152,229.8300,230.1250,2456521,2300
2018-02-05 14:15:00,230.0500,229.9504,230.0500,230.0100,2459159,1960
2018-02-05 14:16:00,230.0500,229.6600,229.9000,230.0500,2463362,3200
2018-02-05 14:17:00,229.8300,229.5401,229.8100,229.5401,2466074,1630
2018-02-05 14:18:00,229.9100,229.6650,229.6650,229.7800,2469184,2178
2018-02-05 14:19:00,229.7250,229.4100,229.7250,229.4700,2473553,2627
2018-02-05 14:20:00,229.8500,229.4600,229.4850,229.7400,2477317,3036
2018-02-05 14:21:00,229.8400,229.4950,229.6500,229.8400,2479435,1400
2018-02-05 14:22:00,229.9600,229.7600,229.8600,229.7800,2481944,1100
2018-02-05 14:23:00,229.9300,229.5500,229.7200,229.8800,2486811,3600
2018-02-05 14:24:00,230.0800,229.8600,229.9400,229.8600,2491486,3174
2018-02-05 14:25:00,229.8500,229.4600,229.8000,229.4600,2496240,3592
2018-02-05 14:26:00,229.6900,229.1500,229.5800,229.1800,2502859,5185
2018-02-05 14:27:00,229.3300,229.0000,229.3300,229.0600,2509554,5223
2018-02-05 14:28:00,229.4700,229.0000,229.0700,229.2200,2515121,4015
2018-02-05 14:29:00,229.5000,229.2300,229.3603,229.3080,2516021,900
2018-02-05 14:30:00,229.6100,229.2900,229.3650,229.3800,2520259,2716
2018-02-05 14:31:00,229.4100,229.0900,229.3200,229.1300,2523500,1870
2018-02-05 14:32:00,229.3400,228.9000,229.1300,229.2300,2527346,2655
2018-02-05 14:33:00,229.2300,229.0700,229.1300,229.2300,2529128,1000
2018-02-05 14:34:00,229.0800,228.7900,229.0700,228.7900,2531177,949
2018-02-05 14:35:00,229.0400,228.6000,228.8300,228.8500,2539378,6758
2018-02-05 14:36:00,229.0000,228.7300,228.7300,228.9700,2540861,1300
2018-02-05 14:37:00,229.2300,228.9100,228.9100,229.0572,2543484,2100
2018-02-05 14:38:00,229.2100,228.9900,229.1300,229.0000,2548046,3302
2018-02-05 14:39:00,229.0717,228.1500,229.0717,228.5100,2562735,13920
2018-02-05 14:40:00,228.5700,227.7800,228.5590,228.0898,2582981,18442
2018-02-05 14:41:00,228.7300,228.0301,228.2000,228.0301,2600246,15737
2018-02-05 14:42:00,228.4300,228.0801,228.4300,228.0801,2601412,500
2018-02-05 14:43:00,228.4300,228.1900,228.1900,228.4300,2606867,4500
2018-02-05 14:44:00,228.4100,228.1500,228.1500,228.2500,2610829,3140
2018-02-05 14:45:00,228.2000,227.9500,228.0900,228.1400,2617402,3841
2018-02-05 14:46:00,228.3300,228.0000,228.1400,228.1900,2622989,3901
2018-02-05 14:47:00,228.3125,228.0000,228.1000,228.0500,2627103,3540
2018-02-05 14:48:00,228.0900,227.6424,228.0200,227.6424,2632608,4599
2018-02-05 14:49:00,227.7500,227.5000,227.7105,227.6000,2639294,3962
2018-02-05 14:50:00,228.1300,227.6000,227.6900,227.9400,2646393,5473
2018-02-05 14:51:00,227.8100,227.2810,227.7400,227.5400,2660048,11758
2018-02-05 14:52:00,227.5800,227.1500,227.4300,227.4200,2664670,3599
2018-02-05 14:53:00,227.5350,227.2100,227.3800,227.2100,2669077,2838
2018-02-05 14:54:00,227.6767,227.1550,227.1550,227.5100,2676392,6222
2018-02-05 14:55:00,227.5850,226.9868,227.5200,227.0650,2690030,11770
2018-02-05 14:56:00,227.3170,226.9600,227.0300,227.3000,2698510,6715
2018-02-05 14:57:00,227.2100,226.8400,227.2100,227.0227,2719257,10967
2018-02-05 14:58:00,227.1067,226.8100,226.9400,227.1000,2729915,8326
2018-02-05 14:59:00,227.3900,226.7000,226.7000,227.2200,2736211,4100
2018-02-05 15:00:00,227.4600,227.0310,227.3400,227.2690,2743572,6133
2018-02-05 15:01:00,227.1700,226.7000,227.1350,226.8800,2761205,15907
2018-02-05 15:02:00,227.5900,226.9198,226.9198,227.3421,2771990,9060
2018-02-05 15:03:00,227.6100,227.4055,227.4200,227.5700,2777263,3697
2018-02-05 15:04:00,227.5650,227.0500,227.5100,227.1035,2783458,4800
2018-02-05 15:05:00,227.3340,226.5200,227.0000,226.8100,2794058,8655
2018-02-05 15:06:00,227.4500,226.5000,226.6600,227.3800,2799333,4033
2018-02-05 15:07:00,227.3850,226.9537,227.3000,226.9537,2804042,3529
2018-02-05 15:08:00,226.9350,226.3300,226.8300,226.6600,2818478,11262
2018-02-05 15:09:00,226.6500,225.8000,226.6500,225.9125,2838969,17077
2018-02-05 15:10:00,225.9650,225.2000,225.9100,225.7000,2858548,16525
2018-02-05 15:11:00,226.3200,225.1900,225.5200,225.9400,2871871,9915
2018-02-05 15:12:00,226.0400,225.1100,225.6400,225.5900,2883373,8963
2018-02-05 15:13:00,227.7800,225.3800,225.5950,227.7800,2913438,25871
2018-02-05 15:14:00,228.0100,227.4100,227.6500,227.7150,2943625,25094
2018-02-05 15:15:00,227.7500,227.0000,227.7500,227.4900,2958353,13109
2018-02-05 15:16:00,228.1100,227.3200,227.5500,227.6500,2969638,8700
2018-02-05 15:17:00,228.5000,227.6000,227.9850,227.6000,2983067,11380
2018-02-05 15:18:00,228.0900,227.6750,227.6750,228.0600,2988979,4867
2018-02-05 15:19:00,228.1600,227.2400,227.8500,227.2400,3004327,12473
2018-02-05 15:20:00,227.5300,226.7800,227.3100,227.0700,3018156,11200
2018-02-05 15:21:00,227.0700,226.2500,226.9723,226.3000,3022326,3147
2018-02-05 15:22:00,226.7300,226.0824,226.0824,226.7300,3029763,5837
2018-02-05 15:23:00,227.4000,226.7000,227.0000,227.0400,3039534,7063
2018-02-05 15:24:00,227.7800,227.1797,227.2500,227.6500,3049062,7728
2018-02-05 15:25:00,227.8700,227.0100,227.7400,227.4550,3058524,8149
2018-02-05 15:26:00,227.7000,227.2011,227.2011,227.6100,3062007,2600
2018-02-05 15:27:00,227.6200,227.0500,227.5158,227.5200,3076248,12600
2018-02-05 15:28:00,227.8450,227.3700,227.3700,227.7950,3085756,7665
2018-02-05 15:29:00,227.9900,227.8000,227.8700,227.8200,3102075,13622
2018-02-05 15:30:00,227.9900,227.5700,227.8000,227.5700,3117280,12791
2018-02-05 15:31:00,227.8400,226.5900,227.8400,226.7100,3126356,6978
2018-02-05 15:32:00,227.1500,226.6100,226.6200,227.1013,3148307,18461
2018-02-05 15:33:00,227.7300,227.0401,227.2300,227.6000,3159001,10100
2018-02-05 15:34:00,227.9900,227.4323,227.4323,227.6950,3173971,12404
2018-02-05 15:35:00,227.8500,227.5100,227.7400,227.7050,3179174,3000
2018-02-05 15:36:00,227.9900,227.4110,227.7730,227.7500,3185252,4436
2018-02-05 15:37:00,227.6200,226.8050,227.4600,226.9200,3194208,6735
2018-02-05 15:38:00,227.1900,226.8100,227.0700,226.8100,3202064,5601
2018-02-05 15:39:00,227.0636,226.3110,226.8500,226.3700,3211136,6737
2018-02-05 15:40:00,226.9700,226.3200,226.5072,226.4200,3222094,9200
2018-02-05 15:41:00,226.7771,226.0000,226.5000,226.0900,3232650,7970
2018-02-05 15:42:00,226.8300,225.9900,226.1000,226.2800,3245886,10276
2018-02-05 15:43:00,226.7900,226.3300,226.3300,226.7700,3253894,5365
2018-02-05 15:44:00,227.2700,226.6100,226.8500,226.6200,3262600,6300
2018-02-05 15:45:00,227.2700,226.5800,226.6200,227.1400,3269116,5460
2018-02-05 15:46:00,227.1300,226.6000,227.1300,226.6700,3297846,23996
2018-02-05 15:47:00,227.0200,226.6100,226.6800,226.8600,3307695,8500
2018-02-05 15:48:00,226.7800,226.0422,226.7800,226.0422,3321506,10552
2018-02-05 15:49:00,226.3900,226.0900,226.2200,226.1400,3335208,11946
2018-02-05 15:50:00,226.2200,225.4200,226.1300,225.5400,3369740,31910
2018-02-05 15:51:00,226.5500,225.4400,225.4700,225.8000,3394873,20498
2018-02-05 15:52:00,225.9300,225.3500,225.7600,225.5900,3410936,12166
2018-02-05 15:53:00,225.6000,225.3600,225.5700,225.3600,3422471,9047
2018-02-05 15:54:00,225.7500,225.2900,225.5000,225.4400,3451106,24717
2018-02-05 15:55:00,225.9200,225.4000,225.4500,225.9000,3473857,18054
2018-02-05 15:56:00,226.8000,225.8700,225.8700,226.6450,3526659,47077
2018-02-05 15:57:00,226.8800,226.4600,226.6600,226.8000,3571607,38060
2018-02-05 15:58:00,226.9400,226.4400,226.8100,226.5800,3615097,37966
2018-02-05 15:59:00,226.6550,225.6400,226.6400,225.6400,3652098,29467
2018-02-05 16:00:00,225.7500,225.1800,225.6200,225.3400,3750420,83455
2018-02-06 09:31:00,218.0000,216.0000,218.0000,216.8650,553359,450099
2018-02-06 09:32:00,217.3500,216.2900,216.8700,216.9700,637634,71940
2018-02-06 09:33:00,218.4000,216.3300,216.9899,218.0900,708661,59276
2018-02-06 09:34:00,218.5600,217.3800,217.8850,217.3800,770308,53024
2018-02-06 09:35:00,218.7600,217.3000,217.5546,218.4900,835217,56424
2018-02-06 09:36:00,221.3000,218.4100,218.4700,220.4968,885097,41732
2018-02-06 09:37:00,222.8000,216.0000,220.4700,222.7700,932510,41940
2018-02-06 09:38:00,224.0000,222.2800,222.8200,222.2800,976719,37266
2018-02-06 09:39:00,222.5600,220.1100,222.4300,220.3653,1010836,29015
2018-02-06 09:40:00,222.0000,220.2363,220.2363,221.6600,1044820,28799
2018-02-06 09:41:00,222.7600,221.2200,221.4800,222.5300,1094054,43800
2018-02-06 09:42:00,223.5500,222.1900,222.5850,222.1900,1129022,30672
2018-02-06 09:43:00,223.3950,222.2910,222.4900,223.2700,1148705,15210
2018-02-06 09:44:00,223.7750,223.1100,223.2000,223.2550,1187950,36777
2018-02-06 09:45:00,223.4300,221.9350,223.2550,222.3200,1246574,53308
2018-02-06 09:46:00,223.0150,222.4100,222.5700,223.0050,1272366,20282
2018-02-06 09:47:00,223.7700,222.7850,223.0200,222.7850,1297655,22219
2018-02-06 09:48:00,223.2200,222.4000,223.1000,222.5300,1317378,15851
2018-02-06 09:49:00,223.1600,222.3300,222.6399,222.4901,1351318,28718
2018-02-06 09:50:00,222.5150,220.7401,222.4901,220.7450,1376988,21787
2018-02-06 09:51:00,222.2100,220.8700,220.8700,222.0300,1396651,15216
2018-02-06 09:52:00,222.1800,221.2400,221.8500,221.8400,1409883,10288
2018-02-06 09:53:00,223.1499,221.7101,221.8352,223.0000,1441897,26608
2018-02-06 09:54:00,223.4700,222.9500,223.1000,223.1000,1481835,35034
2018-02-06 09:55:00,225.3300,223.1900,223.1900,225.2000,1511700,23888
2018-02-06 09:56:00,226.0000,224.7800,225.8200,226.0000,1549151,30774
2018-02-06 09:57:00,226.3800,223.9200,226.0000,224.4400,1579132,24921
2018-02-06 09:58:00,224.5000,223.7700,224.2100,224.1300,1625983,41668
2018-02-06 09:59:00,224.6900,223.2700,224.1300,223.8600,1673353,42225
2018-02-06 10:00:00,224.4200,223.6900,223.7900,224.1059,1701823,23912
2018-02-06 10:01:00,224.9700,224.0100,224.2700,224.9600,1720052,15784
2018-02-06 10:02:00,225.4100,224.4800,224.6550,225.1600,1741559,18858
2018-02-06 10:03:00,225.6500,224.5300,225.2400,225.0000,1761173,16699
2018-02-06 10:04:00,225.0400,224.1600,225.0000,224.3600,1769750,6675
2018-02-06 10:05:00,224.7000,224.2500,224.2500,224.5000,1780856,8886
2018-02-06 10:06:00,224.9800,224.1500,224.4200,224.4390,1813063,26853
2018-02-06 10:07:00,224.5300,223.9100,224.2400,224.0600,1844448,27088
2018-02-06 10:08:00,224.2000,223.8200,223.9950,223.8844,1878383,28935
2018-02-06 10:09:00,224.0600,222.8700,224.0300,223.2110,1897560,13931
2018-02-06 10:10:00,223.2500,222.6300,223.1600,223.2200,1910393,10772
2018-02-06 10:11:00,224.7200,223.4100,223.4100,224.0300,1924829,10958
2018-02-06 10:12:00,224.0800,223.4600,224.0500,223.8200,1933704,6740
2018-02-06 10:13:00,223.8021,222.8600,223.8021,223.2200,1945686,9138
2018-02-06 10:14:00,223.4538,222.5100,223.4538,223.0300,1963729,13758
2018-02-06 10:15:00,223.3905,222.3300,223.0100,222.9299,1979562,14413
2018-02-06 10:16:00,223.1800,222.3200,222.7100,222.4358,1989731,8620
2018-02-06 10:17:00,222.6600,220.7600,222.3000,221.0250,2015880,20823
2018-02-06 10:18:00,221.8000,220.2400,221.2700,220.5200,2033211,14295
2018-02-06 10:19:00,221.6700,220.3000,220.3900,221.6550,2056413,18772
2018-02-06 10:20:00,222.6650,221.6700,221.6700,222.6650,2075486,16694
2018-02-06 10:21:00,223.8300,222.2100,222.6600,222.7050,2101430,20654
2018-02-06 10:22:00,223.0800,222.0100,222.8200,222.1900,2115083,10089
2018-02-06 10:23:00,222.6800,221.1900,222.1900,222.1300,2133467,13855
2018-02-06 10:24:00,222.2500,220.7300,221.7900,221.2100,2150232,13237
2018-02-06 10:25:00,221.6450,220.4100,221.5400,221.2300,2182218,14309
2018-02-06 10:26:00,221.6200,220.3900,221.6100,220.9900,2193972,9449
2018-02-06 10:27:00,222.4900,221.1000,221.1900,221.8150,2216408,18931
2018-02-06 10:28:00,222.1000,221.1600,221.9700,221.1600,2240897,20967
2018-02-06 10:29:00,222.0750,221.1500,221.2800,221.8500,2257521,14985
2018-02-06 10:30:00,222.8500,222.0900,222.0900,222.1732,2268028,8785
2018-02-06 10:31:00,222.6800,221.5000,222.1100,221.7400,2283409,11629
2018-02-06 10:32:00,221.6850,220.6119,221.6850,220.8500,2308747,22149
2018-02-06 10:33:00,220.9600,219.5000,220.8500,219.9200,2355635,39185
2018-02-06 10:34:00,220.5900,219.7500,220.0800,219.9400,2380142,20793
2018-02-06 10:35:00,220.0000,219.6400,219.8590,219.9900,2394786,11726
2018-02-06 10:36:00,219.7500,218.6200,219.7500,218.6500,2411077,13019
2018-02-06 10:37:00,219.4500,218.5200,218.9900,218.6952,2428140,13596
2018-02-06 10:38:00,218.6200,218.0500,218.4500,218.1840,2449230,16292
2018-02-06 10:39:00,218.4999,217.6500,218.1400,218.0030,2491927,38045
2018-02-06 10:40:00,218.8700,217.7001,218.0000,218.2200,2530203,35197
2018-02-06 10:41:00,219.6700,218.0301,218.0301,219.5500,2548888,14843
2018-02-06 10:42:00,220.2600,218.7800,219.6050,219.8600,2572713,19255
2018-02-06 10:43:00,220.2700,219.5300,220.0500,220.0200,2584304,8400
2018-02-06 10:44:00,220.0000,219.2500,219.9900,219.2500,2592302,7040
2018-02-06 10:45:00,220.4000,219.3200,219.3700,220.1900,2605549,11594
2018-02-06 10:46:00,221.1900,219.9900,220.1500,220.8300,2625480,12589
2018-02-06 10:47:00,220.8400,220.0100,220.7800,220.6100,2636492,8870
2018-02-06 10:48:00,220.6404,219.9100,220.5000,220.1100,2650794,11656
2018-02-06 10:49:00,221.0000,219.9500,220.0000,220.7075,2662473,10049
2018-02-06 10:50:00,220.7100,220.1500,220.6036,220.5000,2682833,18468
2018-02-06 10:51:00,220.8000,220.2000,220.3500,220.4000,2703252,15899
2018-02-06 10:52:00,220.8200,220.0700,220.2250,220.7300,2715120,9339
2018-02-06 10:53:00,221.5000,220.5550,220.5550,221.2700,2735683,17306
2018-02-06 10:54:00,221.3200,220.5800,221.0550,220.9540,2745964,8502
2018-02-06 10:55:00,221.7400,220.9900,221.1700,221.7400,2757977,10440
2018-02-06 10:56:00,221.9000,220.8800,221.8700,221.1505,2763969,4575
2018-02-06 10:57:00,221.2600,220.4800,221.0100,220.8500,2771663,6422
2018-02-06 10:58:00,221.0600,220.2600,220.9224,220.9300,2778089,4800
2018-02-06 10:59:00,220.9200,220.3300,220.9200,220.6300,2784908,4490
2018-02-06 11:00:00,221.0000,220.3700,220.4500,220.7210,2792030,4900
2018-02-06 11:01:00,220.8400,220.2100,220.7250,220.2100,2807357,13402
2018-02-06 11:02:00,220.7287,220.1800,220.2900,220.6700,2816851,7281
2018-02-06 11:03:00,220.8800,220.3100,220.7570,220.7100,2823513,5030
2018-02-06 11:04:00,221.0600,220.6800,220.8228,220.9450,2826968,2550
2018-02-06 11:05:00,221.3600,220.7300,221.1000,220.7500,2832858,4947
2018-02-06 11:06:00,221.4800,220.7300,220.7800,221.4800,2838339,4000
2018-02-06 11:07:00,221.4600,220.9400,221.4600,221.0100,2846605,7131
2018-02-06 11:08:00,221.5100,220.8700,221.0100,221.3500,2857579,8590
2018-02-06 11:09:00,221.3200,220.3900,221.3200,220.7200,2861322,2631
2018-02-06 11:10:00,221.2500,220.0800,220.4200,221.2500,2871526,7860
2018-02-06 11:11:00,221.0000,220.3600,221.0000,220.7400,2875519,3100
2018-02-06 11:12:00,220.9000,220.1800,220.7400,220.4850,2883310,6400
2018-02-06 11:13:00,220.9200,220.2800,220.7100,220.7700,2887470,3329
2018-02-06 11:14:00,220.6650,220.1200,220.1500,220.1200,2894094,5144
2018-02-06 11:15:00,220.9200,220.0000,220.1200,220.8100,2912893,15107
2018-02-06 11:16:00,220.8450,220.2900,220.8450,220.2905,2914412,1200
2018-02-06 11:17:00,220.8000,220.3100,220.3900,220.5500,2921962,5694
2018-02-06 11:18:00,220.5500,219.4700,220.4890,220.2600,2934727,10689
2018-02-06 11:19:00,220.3700,220.0001,220.1700,220.3000,2939832,3820
2018-02-06 11:20:00,220.8500,220.4300,220.4300,220.8400,2946486,5008
2018-02-06 11:21:00,221.5000,220.5200,220.9300,221.0700,2956806,8883
2018-02-06 11:22:00,221.2900,220.9300,220.9600,221.2800,2960797,2800
2018-02-06 11:23:00,221.5950,221.0900,221.4400,221.5000,2966230,4221
2018-02-06 11:24:00,221.6900,220.6900,221.5934,221.6900,2974477,6432
2018-02-06 11:25:00,221.6200,221.2600,221.5104,221.5100,2978574,3136
2018-02-06 11:26:00,221.4100,220.8700,221.3900,221.0360,2992175,10124
2018-02-06 11:27:00,221.0600,220.6200,221.0200,220.9200,3007530,13616
2018-02-06 11:28:00,221.2990,220.3200,220.4500,221.2062,3013117,3930
2018-02-06 11:29:00,221.6900,220.5700,221.1600,221.5100,3026501,11112
2018-02-06 11:30:00,221.2400,220.9500,221.0900,220.9500,3029190,1963
2018-02-06 11:31:00,221.2300,220.9000,221.2300,220.9200,3034998,4265
2018-02-06 11:32:00,221.4899,220.7000,221.0700,220.8200,3042904,5876
2018-02-06 11:33:00,221.1800,220.4700,220.6500,221.0600,3051172,6226
2018-02-06 11:34:00,220.9500,220.5800,220.5900,220.7200,3055730,3728
2018-02-06 11:35:00,220.5800,220.1000,220.5400,220.5800,3063973,7203
2018-02-06 11:36:00,220.4800,219.9900,220.3700,220.3600,3075682,8380
2018-02-06 11:37:00,220.7100,220.2900,220.6000,220.3000,3082851,6533
2018-02-06 11:38:00,220.2900,220.0100,220.2784,220.1500,3087546,3972
2018-02-06 11:39:00,221.0800,220.2500,220.2500,221.0800,3091696,2497
2018-02-06 11:40:00,220.8850,220.5100,220.8600,220.6000,3094795,1900
2018-02-06 11:41:00,220.7524,220.1200,220.7524,220.1200,3097014,1750
2018-02-06 11:42:00,220.9400,220.1200,220.2600,220.9100,3103741,4997
2018-02-06 11:43:00,221.3000,220.9000,220.9300,221.2100,3108526,3891
2018-02-06 11:44:00,221.6200,221.1456,221.1456,221.5150,3112439,2478
2018-02-06 11:45:00,221.6100,220.9759,221.4200,221.0200,3121182,7200
2018-02-06 11:46:00,221.1200,220.8500,221.0400,220.8700,3122841,1300
2018-02-06 11:47:00,221.1200,220.6700,220.8700,220.9050,3127493,2749
2018-02-06 11:48:00,221.3600,220.8600,220.8600,221.1200,3133118,4772
2018-02-06 11:49:00,221.4000,221.0100,221.3000,221.0300,3137526,3840
2018-02-06 11:50:00,221.2800,220.9400,221.0600,221.0500,3142007,3303
2018-02-06 11:51:00,221.4400,220.8700,221.0100,221.3100,3149965,6097
2018-02-06 11:52:00,221.7200,221.4100,221.4800,221.5550,3155074,3472
2018-02-06 11:53:00,222.1900,221.6900,221.7000,222.1700,3161428,5104
2018-02-06 11:54:00,222.4045,222.0100,222.0200,222.2900,3164476,2000
2018-02-06 11:55:00,222.3300,221.4700,222.2900,221.6100,3168513,2609
2018-02-06 11:56:00,222.3100,221.6000,221.7400,222.2500,3174178,3940
2018-02-06 11:57:00,222.4300,222.0000,222.2300,222.0100,3176819,2200
2018-02-06 11:58:00,222.4200,221.7800,222.0000,222.1100,3179781,2100
2018-02-06 11:59:00,222.2614,221.6600,222.1100,221.7450,3185975,4375
2018-02-06 12:00:00,221.7500,221.4600,221.6870,221.5000,3189256,2500
2018-02-06 12:01:00,222.2140,221.6500,221.6600,222.1200,3191613,1520
2018-02-06 12:02:00,222.0000,221.6900,222.0000,221.9500,3195563,3100
2018-02-06 12:03:00,222.3700,222.1300,222.1300,222.3130,3196304,600
2018-02-06 12:04:00,222.5000,222.2900,222.4100,222.4600,3198639,1700
2018-02-06 12:05:00,222.4800,222.2400,222.3900,222.3550,3202648,3354
2018-02-06 12:06:00,222.9600,222.4200,222.4200,222.8720,3207684,4471
2018-02-06 12:07:00,223.3600,222.8400,222.8400,223.1947,3210872,2498
2018-02-06 12:08:00,223.7200,223.0000,223.1700,223.7200,3215585,4150
2018-02-06 12:09:00,223.7700,223.5400,223.6150,223.7700,3224600,7886
2018-02-06 12:10:00,223.9600,223.6250,223.7600,223.9100,3230530,4000
2018-02-06 12:11:00,223.6100,223.1301,223.6100,223.1301,3233117,1900
2018-02-06 12:12:00,223.3300,222.9000,223.2766,223.1600,3236809,2160
2018-02-06 12:13:00,223.3000,223.0400,223.0400,223.2500,3239094,1260
2018-02-06 12:14:00,223.5900,223.3340,223.3700,223.5800,3240652,800
2018-02-06 12:15:00,223.9000,223.5200,223.5200,223.9000,3246237,4391
2018-02-06 12:16:00,224.3800,223.9800,224.0000,224.2500,3253996,5257
2018-02-06 12:17:00,224.5000,223.7700,224.2200,223.7700,3257913,3200
2018-02-06 12:18:00,223.9100,223.1100,223.7700,223.5700,3263644,4200
2018-02-06 12:19:00,223.8200,223.4900,223.5600,223.6600,3267041,2306
2018-02-06 12:20:00,223.6000,223.2900,223.6000,223.2900,3267597,400
2018-02-06 12:21:00,223.8699,223.4700,223.6600,223.5300,3272055,3259
2018-02-06 12:22:00,223.5100,222.8800,223.5100,223.0352,3277408,4904
2018-02-06 12:23:00,223.3300,223.0440,223.2100,223.0600,3280613,2500
2018-02-06 12:24:00,223.2600,223.0300,223.0300,223.2500,3281730,400
2018-02-06 12:25:00,223.6700,223.2800,223.5000,223.5200,3283906,1300
2018-02-06 12:26:00,223.5300,223.1310,223.5300,223.2730,3285371,825
2018-02-06 12:27:00,224.0000,223.3420,223.3420,223.9510,3289498,2828
2018-02-06 12:28:00,224.1800,223.8800,223.9800,224.0901,3294536,3889
2018-02-06 12:29:00,224.3100,223.9800,224.1000,224.2200,3296957,2100
2018-02-06 12:30:00,224.8300,224.2300,224.2300,224.3201,3306727,8602
2018-02-06 12:31:00,225.3000,224.5000,224.5000,224.5300,3315824,7153
2018-02-06 12:32:00,224.7000,224.4027,224.4027,224.7000,3317591,1400
2018-02-06 12:33:00,224.6450,224.3650,224.3650,224.5900,3319907,1512
2018-02-06 12:34:00,224.6000,224.1800,224.6000,224.2700,3321719,1112
2018-02-06 12:35:00,224.9300,224.4300,224.4300,224.5900,3327422,3900
2018-02-06 12:36:00,224.9800,224.5300,224.7600,224.9800,3335700,7188
2018-02-06 12:37:00,225.0650,224.8400,225.0600,224.9800,3339240,2500
2018-02-06 12:38:00,224.9200,224.5650,224.6700,224.8350,3349514,8471
2018-02-06 12:39:00,225.5800,224.7500,224.7500,225.3650,3355384,4866
2018-02-06 12:40:00,225.7000,225.2900,225.3980,225.7000,3358773,2800
2018-02-06 12:41:00,225.9499,225.2800,225.6100,225.9499,3367615,7521
2018-02-06 12:42:00,225.9000,225.6228,225.7700,225.6500,3370687,2200
2018-02-06 12:43:00,225.7125,225.3617,225.5000,225.5300,3373926,2805
2018-02-06 12:44:00,225.6300,224.7000,225.5955,225.6300,3383093,7153
2018-02-06 12:45:00,225.8178,225.4800,225.8178,225.4800,3384657,1000
2018-02-06 12:46:00,225.5062,225.4400,225.5062,225.5000,3385555,800
2018-02-06 12:47:00,225.4700,224.9800,225.4700,225.1300,3389259,2555
2018-02-06 12:48:00,225.1223,224.7200,225.0956,224.8400,3392443,2189
2018-02-06 12:49:00,225.1930,224.5500,224.9300,225.1100,3401086,6791
2018-02-06 12:50:00,224.9900,224.5000,224.9900,224.7900,3403865,2000
2018-02-06 12:51:00,224.8600,224.4800,224.8100,224.7500,3406635,2000
2018-02-06 12:52:00,224.9617,224.1700,224.9617,224.3782,3412630,4500
2018-02-06 12:53:00,224.4500,224.0100,224.3500,224.0800,3416841,3200
2018-02-06 12:54:00,224.3800,224.0500,224.2900,224.0600,3420668,3324
2018-02-06 12:55:00,224.1700,223.9150,224.0500,224.0601,3422959,1702
2018-02-06 12:56:00,224.2500,223.9201,224.2000,223.9201,3425412,1561
2018-02-06 12:57:00,224.4200,224.0879,224.0879,224.4200,3428928,2600
2018-02-06 12:58:00,224.5800,224.0000,224.3800,224.0000,3430976,700
2018-02-06 12:59:00,224.4300,224.0000,224.0100,224.4300,3435246,3700
2018-02-06 13:00:00,224.7200,224.5100,224.7200,224.6700,3437535,1700
2018-02-06 13:01:00,224.4600,223.7000,224.4600,223.7200,3439918,1420
2018-02-06 13:02:00,223.8360,223.7401,223.7401,223.8100,3441259,800
2018-02-06 13:03:00,224.1900,223.3100,224.0200,223.3900,3447060,4836
2018-02-06 13:04:00,223.6700,223.0000,223.2400,223.2870,3455163,6262
2018-02-06 13:05:00,223.5500,223.2800,223.2800,223.3100,3457565,2100
2018-02-06 13:06:00,223.6000,223.0900,223.1101,223.5145,3462311,3610
2018-02-06 13:07:00,223.4900,223.1400,223.3490,223.2700,3465228,2600
2018-02-06 13:08:00,223.3500,223.1700,223.1700,223.1900,3467108,1300
2018-02-06 13:09:00,223.8100,223.1400,223.2300,223.1400,3474605,5779
2018-02-06 13:10:00,223.2494,223.0528,223.2100,223.2400,3479803,3650
2018-02-06 13:11:00,223.4700,223.0000,223.1100,223.2526,3485669,4433
2018-02-06 13:12:00,223.5800,222.8000,223.3500,222.9700,3489478,3000
2018-02-06 13:13:00,223.3800,223.0700,223.1700,223.3800,3491741,1300
2018-02-06 13:14:00,223.6500,223.4800,223.4800,223.6500,3492553,500
2018-02-06 13:15:00,223.6100,223.6100,223.6100,223.6100,3492792,100
2018-02-06 13:16:00,223.9700,223.7000,223.7300,223.8100,3495953,2100
2018-02-06 13:17:00,223.7800,223.7800,223.7800,223.7800,3496168,100
2018-02-06 13:18:00,223.9900,223.5500,223.7900,223.8300,3497407,1110
2018-02-06 13:19:00,224.1800,223.8200,223.8200,224.1200,3500807,2500
2018-02-06 13:20:00,224.5800,224.0200,224.2500,224.5700,3506345,4700
2018-02-06 13:21:00,224.8700,224.4900,224.4900,224.5000,3514135,6516
2018-02-06 13:22:00,224.5200,224.2200,224.4400,224.3600,3518208,3482
2018-02-06 13:23:00,224.4250,224.2700,224.3500,224.4250,3520368,1406
2018-02-06 13:24:00,224.3775,223.8400,224.2700,224.1200,3523331,2132
2018-02-06 13:25:00,224.3300,223.8883,224.2129,224.2600,3526632,2491
2018-02-06 13:26:00,224.7999,224.3300,224.3300,224.7999,3528431,1165
2018-02-06 13:27:00,224.8000,224.5442,224.5442,224.8000,3529391,777
2018-02-06 13:28:00,224.7700,224.7700,224.7700,224.7700,3529513,100
2018-02-06 13:29:00,225.3600,224.5500,224.5600,225.0500,3538255,6135
2018-02-06 13:30:00,225.2100,224.9700,224.9900,225.0900,3547531,6245
2018-02-06 13:31:00,224.8300,224.4900,224.8300,224.5300,3548927,900
2018-02-06 13:32:00,224.7500,224.3450,224.5000,224.4037,3552245,2850
2018-02-06 13:33:00,224.5600,224.3314,224.3314,224.5400,3554693,1792
2018-02-06 13:34:00,224.7600,224.5550,224.7300,224.5550,3559287,3740
2018-02-06 13:35:00,224.6600,224.3000,224.5600,224.5400,3563180,2000
2018-02-06 13:36:00,224.7300,224.2900,224.3600,224.4800,3567720,2719
2018-02-06 13:37:00,225.0000,224.6275,224.6275,224.8300,3573105,4600
2018-02-06 13:38:00,224.7787,224.5700,224.7000,224.7200,3576729,1417
2018-02-06 13:39:00,225.0300,224.7655,224.8700,224.8421,3579757,2229
2018-02-06 13:40:00,224.7983,224.4400,224.7983,224.4400,3584942,3500
2018-02-06 13:41:00,224.6000,224.2700,224.4600,224.4050,3586925,1100
2018-02-06 13:42:00,224.4200,224.0100,224.1900,224.1900,3591081,2934
2018-02-06 13:43:00,224.1500,223.8400,224.0400,223.9100,3595867,3059
2018-02-06 13:44:00,224.0000,223.8700,224.0000,223.8700,3597574,1400
2018-02-06 13:45:00,224.0500,223.9500,224.0300,224.0330,3601335,3400
2018-02-06 13:46:00,224.1300,223.7400,223.9200,223.7400,3604517,1900
2018-02-06 13:47:00,224.1000,223.7301,223.8200,223.9200,3606654,1600
2018-02-06 13:48:00,224.0590,223.7600,224.0590,223.7600,3609126,1802
2018-02-06 13:49:00,223.7450,223.0200,223.5800,223.0200,3613047,3050
2018-02-06 13:50:00,223.4300,223.0201,223.0201,223.1750,3617701,3925
2018-02-06 13:51:00,223.2464,223.0000,223.2464,223.1200,3622916,4263
2018-02-06 13:52:00,223.4550,222.9100,223.1100,223.4400,3629531,5608
2018-02-06 13:53:00,223.1860,222.7736,223.1860,222.9500,3630874,950
2018-02-06 13:54:00,223.0200,222.6500,222.8054,223.0000,3634262,3025
2018-02-06 13:55:00,223.1800,222.7800,223.0000,222.7800,3635763,1200
2018-02-06 13:56:00,222.9753,222.8200,222.8200,222.9753,3638035,1618
2018-02-06 13:57:00,223.0000,222.7690,222.9470,222.7690,3639198,1155
2018-02-06 13:58:00,222.7900,222.5000,222.7900,222.7000,3643156,2794
2018-02-06 13:59:00,223.2000,222.7600,222.7600,223.0000,3647054,2408
2018-02-06 14:00:00,222.9400,222.7400,222.9400,222.8600,3648551,1100
2018-02-06 14:01:00,223.1098,222.7000,222.8600,223.1098,3650854,1595
2018-02-06 14:02:00,223.1500,222.7800,223.1344,222.8600,3653410,2100
2018-02-06 14:03:00,223.2900,222.7500,222.8400,222.9900,3658961,3800
2018-02-06 14:04:00,223.5400,222.9900,222.9900,223.5000,3668890,8400
2018-02-06 14:05:00,223.6200,223.2750,223.5300,223.3225,3676799,6892
2018-02-06 14:06:00,223.3500,223.1300,223.3400,223.1300,3678360,1000
2018-02-06 14:07:00,223.1800,223.0700,223.1200,223.1800,3680221,1600
2018-02-06 14:08:00,223.2400,223.0300,223.2400,223.1097,3681438,700
2018-02-06 14:09:00,223.0800,222.9400,223.0800,222.9400,3682303,600
2018-02-06 14:10:00,222.7800,222.6550,222.7800,222.7280,3685255,2363
2018-02-06 14:11:00,223.0700,222.5200,222.7100,222.5200,3694081,5664
2018-02-06 14:12:00,223.1300,222.4700,222.5300,223.0300,3706133,9903
2018-02-06 14:13:00,223.0700,222.6800,223.0300,222.9500,3713037,5669
2018-02-06 14:14:00,222.9840,222.9840,222.9840,222.9840,3713621,500
2018-02-06 14:15:00,223.3500,223.0000,223.0900,223.0800,3717011,2501
2018-02-06 14:16:00,223.0000,222.6000,222.8800,222.8900,3719849,2425
2018-02-06 14:17:00,223.1800,222.5050,222.9100,222.5650,3729550,8228
2018-02-06 14:18:00,222.7000,222.4900,222.6400,222.4900,3730624,500
2018-02-06 14:19:00,222.4000,222.2900,222.3800,222.2900,3732342,1203
2018-02-06 14:20:00,222.5400,221.8650,222.4000,222.0050,3754564,19785
2018-02-06 14:21:00,222.2700,221.9150,222.0100,222.2600,3764005,7185
2018-02-06 14:22:00,222.3400,221.9500,222.2800,222.0150,3769427,4693
2018-02-06 14:23:00,222.1800,221.9700,222.0150,221.9700,3774326,3897
2018-02-06 14:24:00,222.0300,221.8200,222.0098,222.0300,3777989,3250
2018-02-06 14:25:00,222.3000,221.9000,222.0600,222.1200,3782267,3288
2018-02-06 14:26:00,222.0900,221.9700,222.0100,222.0800,3784327,1500
2018-02-06 14:27:00,222.3700,222.1600,222.1600,222.2850,3786762,1650
2018-02-06 14:28:00,222.3800,222.0000,222.1900,222.3800,3789675,2200
2018-02-06 14:29:00,222.6300,222.2300,222.4100,222.5300,3792080,1700
2018-02-06 14:30:00,222.4500,222.4500,222.4500,222.4500,3792180,100
2018-02-06 14:31:00,222.3600,221.8401,222.2600,222.0600,3798911,4600
2018-02-06 14:32:00,222.2600,221.8300,222.1700,222.2600,3802339,2600
2018-02-06 14:33:00,223.1100,222.3300,222.3300,223.0300,3806046,2372
2018-02-06 14:34:00,223.0700,222.7900,223.0700,222.8400,3808667,1424
2018-02-06 14:35:00,223.6300,222.7600,222.8700,223.5800,3823888,14499
2018-02-06 14:36:00,224.1600,223.4000,223.4700,224.0900,3832752,7100
2018-02-06 14:37:00,224.1000,223.8100,224.0000,224.1000,3854680,18778
2018-02-06 14:38:00,224.2300,224.0800,224.1300,224.2300,3858207,2600
2018-02-06 14:39:00,224.3000,224.0100,224.2300,224.3000,3863994,5402
2018-02-06 14:40:00,224.1200,223.9500,224.1200,224.1200,3866005,1600
2018-02-06 14:41:00,224.2800,224.1200,224.1200,224.2800,3869766,3171
2018-02-06 14:42:00,224.3158,224.0200,224.3158,224.0200,3871964,1963
2018-02-06 14:43:00,224.3000,223.9300,223.9300,224.3000,3873602,1300
2018-02-06 14:44:00,224.1600,224.0000,224.1600,224.0900,3877927,2400
2018-02-06 14:45:00,224.5900,224.0373,224.0373,224.5900,3882322,2699
2018-02-06 14:46:00,224.7600,224.3100,224.7100,224.3600,3885950,2763
2018-02-06 14:47:00,224.8335,224.5000,224.5700,224.7744,3889796,3507
2018-02-06 14:48:00,224.6700,224.3501,224.6400,224.5500,3898546,7496
2018-02-06 14:49:00,224.7450,224.5500,224.6400,224.7450,3901452,2426
2018-02-06 14:50:00,224.8600,224.3800,224.6800,224.8600,3903900,1800
2018-02-06 14:51:00,225.0850,224.9200,224.9300,224.9800,3906354,1636
2018-02-06 14:52:00,225.4100,224.8400,225.0600,225.4100,3920097,11820
2018-02-06 14:53:00,225.4100,224.6301,225.4100,225.2148,3929657,7801
2018-02-06 14:54:00,225.2850,225.1000,225.2450,225.1800,3931523,1500
2018-02-06 14:55:00,225.8000,225.1350,225.2742,225.6900,3943716,10341
2018-02-06 14:56:00,226.0000,225.3150,225.8500,226.0000,3956824,10821
2018-02-06 14:57:00,226.1600,225.0600,225.9250,225.0600,3960048,2825
2018-02-06 14:58:00,225.8700,224.8300,225.0801,225.8700,3966048,4100
2018-02-06 14:59:00,226.8500,225.6300,225.9000,226.6500,3984150,15594
2018-02-06 15:00:00,227.0700,226.3201,226.7300,226.6216,3993221,7870
2018-02-06 15:01:00,226.6900,226.2400,226.5700,226.3900,4004350,9507
2018-02-06 15:02:00,227.2100,226.4200,226.5400,227.1300,4018022,11718
2018-02-06 15:03:00,227.2864,226.6000,227.1900,226.6500,4025981,6700
2018-02-06 15:04:00,226.9490,226.4550,226.5400,226.6229,4032344,5050
2018-02-06 15:05:00,227.4000,226.3150,226.5800,227.1967,4044327,10084
2018-02-06 15:06:00,227.3200,226.7300,226.9400,227.2592,4050282,4750
2018-02-06 15:07:00,227.1800,226.7978,227.0700,226.8400,4059827,8387
2018-02-06 15:08:00,227.3700,227.0300,227.1200,227.2300,4064670,3284
2018-02-06 15:09:00,227.4500,227.0601,227.3874,227.2412,4069657,4300
2018-02-06 15:10:00,227.2906,226.8200,227.2700,227.0900,4074924,4200
2018-02-06 15:11:00,227.1000,226.3700,227.0800,226.5400,4082065,6126
2018-02-06 15:12:00,227.0000,226.4200,226.7100,226.8000,4094291,9905
2018-02-06 15:13:00,226.9600,226.2950,226.7500,226.8900,4101094,5877
2018-02-06 15:14:00,227.1800,226.8670,226.9800,227.1100,4112406,10600
2018-02-06 15:15:00,227.2700,226.6400,227.1500,226.7500,4124694,9705
2018-02-06 15:16:00,227.0200,226.6700,226.8000,227.0100,4138061,11701
2018-02-06 15:17:00,226.9900,226.4300,226.9900,226.5000,4143422,4000
2018-02-06 15:18:00,226.5700,226.2568,226.4600,226.4400,4159517,14521
2018-02-06 15:19:00,226.4200,225.7700,226.3500,225.7700,4168271,7325
2018-02-06 15:20:00,226.2700,225.7100,225.7150,226.2400,4174121,4759
2018-02-06 15:21:00,226.4820,226.0000,226.1800,226.4820,4178794,3468
2018-02-06 15:22:00,226.6000,226.2975,226.3900,226.5033,4186039,5811
2018-02-06 15:23:00,226.3900,225.3300,226.3900,225.3300,4189978,1984
2018-02-06 15:24:00,225.9300,225.3950,225.4100,225.3950,4197858,6623
2018-02-06 15:25:00,226.1390,225.5100,225.5100,226.0573,4205596,6575
2018-02-06 15:26:00,226.7500,226.0700,226.0700,226.4900,4215263,7840
2018-02-06 15:27:00,226.8100,226.4042,226.8100,226.6400,4221483,5100
2018-02-06 15:28:00,226.8800,226.3900,226.5550,226.7600,4228516,6375
2018-02-06 15:29:00,227.2099,226.9300,226.9300,227.2099,4237178,7620
2018-02-06 15:30:00,227.2700,227.0400,227.2100,227.2320,4245692,6400
2018-02-06 15:31:00,227.6500,226.9900,227.2350,227.4800,4272424,24055
2018-02-06 15:32:00,227.8100,227.2400,227.5600,227.8100,4295441,20026
2018-02-06 15:33:00,228.4264,227.8100,227.9100,228.2700,4316309,18357
2018-02-06 15:34:00,229.6528,228.2900,228.3400,229.2600,4369306,47463
2018-02-06 15:35:00,229.6600,228.9900,229.1400,229.1000,4380434,8705
2018-02-06 15:36:00,229.1900,228.3700,229.1900,228.9000,4394586,10887
2018-02-06 15:37:00,229.1000,228.8700,228.8700,228.9800,4405680,7100
2018-02-06 15:38:00,229.5400,228.9800,229.1000,229.2300,4420071,11670
2018-02-06 15:39:00,229.6400,229.2600,229.2700,229.5200,4439114,16873
2018-02-06 15:40:00,229.7300,229.2000,229.5825,229.5000,4448928,7800
2018-02-06 15:41:00,229.5617,229.0000,229.5200,229.1100,4466590,15973
2018-02-06 15:42:00,229.2800,228.7900,229.2600,229.2600,4479089,9682
2018-02-06 15:43:00,229.1800,228.8200,229.1300,228.8200,4491316,10613
2018-02-06 15:44:00,228.8950,228.5300,228.8100,228.6750,4504137,11119
2018-02-06 15:45:00,228.7100,228.3100,228.6470,228.4900,4513681,7691
2018-02-06 15:46:00,228.4900,228.1100,228.3200,228.1100,4532226,15649
2018-02-06 15:47:00,228.5000,228.1500,228.1800,228.3300,4540976,7200
2018-02-06 15:48:00,228.5000,227.8860,228.3800,228.0500,4548861,5985
2018-02-06 15:49:00,228.0300,227.7400,228.0200,227.9300,4553762,3400
2018-02-06 15:50:00,228.1200,227.5700,228.0600,227.5700,4568639,10354
2018-02-06 15:51:00,227.7800,227.3600,227.3900,227.7460,4576125,5013
2018-02-06 15:52:00,227.6900,227.0100,227.6900,227.2300,4587953,8965
2018-02-06 15:53:00,228.0400,227.2800,227.2800,227.8292,4593952,4300
2018-02-06 15:54:00,228.0500,227.7700,227.7830,228.0500,4608507,11915
2018-02-06 15:55:00,228.2500,227.6600,228.0900,227.8600,4623543,12015
2018-02-06 15:56:00,227.8500,227.3700,227.8500,227.8000,4638072,10333
2018-02-06 15:57:00,228.0100,227.5700,227.7200,228.0100,4657176,14903
2018-02-06 15:58:00,228.1900,227.8300,228.0200,228.0600,4679832,16727
2018-02-06 15:59:00,228.4100,227.9000,228.1600,227.9000,4700910,15205
2018-02-06 16:00:00,230.0000,227.7100,227.8800,228.8100,4847513,131328
2018-02-07 09:31:00,228.4300,226.9700,228.2600,227.9700,83857,70451
2018-02-07 09:32:00,227.8500,227.2500,227.8500,227.5800,88600,3801
2018-02-07 09:33:00,227.4050,225.8000,227.2800,226.4600,107290,15046
2018-02-07 09:34:00,226.9800,225.7900,226.3150,226.3100,120349,10734
2018-02-07 09:35:00,226.8400,226.1000,226.3200,226.8400,133389,10624
2018-02-07 09:36:00,227.4500,226.6010,226.8300,227.1200,147028,11473
2018-02-07 09:37:00,227.4500,226.5778,227.2200,227.4500,156141,6908
2018-02-07 09:38:00,227.8800,227.2900,227.4400,227.5472,164938,7987
2018-02-07 09:39:00,227.5400,226.6600,227.3210,227.3196,174370,6650
2018-02-07 09:40:00,227.2200,226.7000,227.0000,226.7000,185516,8922
2018-02-07 09:41:00,227.2200,226.5000,226.7925,227.2100,195971,8336
2018-02-07 09:42:00,227.3000,226.8700,226.9908,227.1852,203965,6186
2018-02-07 09:43:00,227.2150,226.4800,227.0400,226.4800,212692,6002
2018-02-07 09:44:00,226.6000,226.0700,226.2800,226.6000,224292,9240