2018-02-05 09:31:00,34.2000,33.2500,34.1000,33.4300,145976,94902
2018-02-05 09:32:00,34.1800,33.6300,33.6900,33.7036,169364,17958
2018-02-05 09:33:00,34.0000,33.5200,33.6200,33.9426,185562,13718
2018-02-05 09:34:00,34.4100,33.8401,33.8401,34.2600,197381,11100
2018-02-05 09:35:00,34.4290,34.1100,34.2500,34.1501,207223,9319
2018-02-05 09:36:00,34.2900,34.0510,34.1700,34.1400,217361,8991
2018-02-05 09:37:00,34.3500,34.0800,34.1000,34.2700,231783,12591
2018-02-05 09:38:00,34.5000,34.2600,34.3000,34.3800,242048,9358
2018-02-05 09:39:00,34.6200,34.4300,34.4900,34.5300,248270,5460
2018-02-05 09:40:00,34.5400,34.3719,34.4400,34.4199,251509,2766
2018-02-05 09:41:00,34.6800,34.3201,34.3900,34.6800,259768,7687
2018-02-05 09:42:00,34.6600,34.5700,34.5801,34.6300,272334,11971
2018-02-05 09:43:00,34.6999,34.5400,34.5400,34.6450,280186,7706
2018-02-05 09:44:00,34.8000,34.6010,34.7000,34.6400,296907,16248
2018-02-05 09:45:00,34.7400,34.5000,34.7400,34.5950,309051,11607
2018-02-05 09:46:00,35.0000,34.6301,34.6500,34.7900,315878,6735
2018-02-05 09:47:00,34.9300,34.8300,34.9053,34.9000,321473,4804
2018-02-05 09:48:00,34.9300,34.6496,34.9000,34.7395,347872,25856
2018-02-05 09:49:00,34.9500,34.7562,34.7790,34.9311,368458,19932
2018-02-05 09:50:00,35.0000,34.8400,34.9050,35.0000,375069,6475
2018-02-05 09:51:00,35.0050,34.8500,35.0000,34.9990,387063,10936
2018-02-05 09:52:00,34.9872,34.8000,34.9872,34.9200,392787,5526
2018-02-05 09:53:00,34.9352,34.8800,34.9352,34.8800,393094,210
2018-02-05 09:54:00,34.8800,34.8100,34.8800,34.8600,395140,1400
2018-02-05 09:55:00,35.0000,34.8600,34.8900,34.9516,401796,6345
2018-02-05 09:56:00,35.1100,34.9250,34.9700,34.9800,405724,3700
2018-02-05 09:57:00,35.2800,35.0400,35.1100,35.1900,421830,15638
2018-02-05 09:58:00,35.3000,35.1709,35.1900,35.3000,428051,5900
2018-02-05 09:59:00,35.3700,35.2100,35.2950,35.2700,433456,5300
2018-02-05 10:00:00,35.4100,35.2200,35.3200,35.4100,439534,5786
2018-02-05 10:01:00,35.4050,35.2100,35.4050,35.3400,450008,10260
2018-02-05 10:02:00,35.3950,35.3005,35.3200,35.3407,454321,4300
2018-02-05 10:03:00,35.6600,35.2790,35.3100,35.6600,465331,10066
2018-02-05 10:04:00,35.7500,35.5800,35.6800,35.6200,476281,9798
2018-02-05 10:05:00,35.7100,35.5400,35.5850,35.7051,482918,5900
2018-02-05 10:06:00,35.8500,35.6300,35.6650,35.6700,500479,16722
2018-02-05 10:07:00,35.7550,35.6080,35.6990,35.7200,505553,4725
2018-02-05 10:08:00,35.8600,35.6601,35.6601,35.8600,511667,5690
2018-02-05 10:09:00,35.8700,35.7100,35.8500,35.7974,520458,8027
2018-02-05 10:10:00,36.0000,35.8300,35.8300,35.9200,529271,8505
2018-02-05 10:11:00,36.1400,35.9700,35.9750,36.0600,536647,6310
2018-02-05 10:12:00,36.2300,36.0201,36.0500,36.1283,550829,13400
2018-02-05 10:13:00,36.3600,36.1100,36.1100,36.2760,554916,3795
2018-02-05 10:14:00,36.3104,36.1500,36.2950,36.2200,563013,6098
2018-02-05 10:15:00,36.3000,36.2667,36.2667,36.2900,564618,1206
2018-02-05 10:16:00,36.3300,36.2300,36.2300,36.3300,568449,3700
2018-02-05 10:17:00,36.4700,36.3200,36.3250,36.4700,580716,11748
2018-02-05 10:18:00,36.6000,36.4500,36.5000,36.5350,586404,4958
2018-02-05 10:19:00,36.6100,36.5000,36.5600,36.5701,591597,4535
2018-02-05 10:20:00,36.7400,36.5800,36.6100,36.6500,598910,6401
2018-02-05 10:21:00,36.7100,36.5800,36.6300,36.6500,605124,5732
2018-02-05 10:22:00,36.6700,36.6000,36.6500,36.6150,609777,4300
2018-02-05 10:23:00,36.7500,36.6274,36.6274,36.7000,619417,9484
2018-02-05 10:24:00,36.8600,36.6500,36.6950,36.8600,634148,14289
2018-02-05 10:25:00,36.8500,36.8120,36.8480,36.8241,635603,1400
2018-02-05 10:26:00,36.9300,36.7918,36.8600,36.8800,645781,9600
2018-02-05 10:27:00,36.9400,36.8830,36.8935,36.8900,648006,1854
2018-02-05 10:28:00,36.8900,36.7300,36.8900,36.7700,655384,6440
2018-02-05 10:29:00,36.8200,36.6500,36.7800,36.6500,664242,8750
2018-02-05 10:30:00,36.7100,36.5700,36.6800,36.6200,675813,11200
2018-02-05 10:31:00,36.6200,36.3800,36.6200,36.4100,686229,9450
2018-02-05 10:32:00,36.4500,36.1700,36.3800,36.1900,693465,6566
2018-02-05 10:33:00,36.3300,36.1488,36.1488,36.3300,696975,3300
2018-02-05 10:34:00,36.3200,36.1000,36.3200,36.1000,702648,4792
2018-02-05 10:35:00,36.2700,36.1505,36.1505,36.2050,710929,7587
2018-02-05 10:36:00,36.2600,36.1410,36.2300,36.2123,716166,4420
2018-02-05 10:37:00,36.3000,36.1800,36.2050,36.2900,729985,13395
2018-02-05 10:38:00,36.2650,36.1700,36.2400,36.2650,734700,4580
2018-02-05 10:39:00,36.3000,36.1400,36.2800,36.1500,738060,2328
2018-02-05 10:40:00,36.2200,36.1800,36.1849,36.1800,738972,850
2018-02-05 10:41:00,36.2050,36.1200,36.1200,36.2000,740128,1000
2018-02-05 10:42:00,36.3400,36.2400,36.2400,36.3400,742633,1902
2018-02-05 10:43:00,36.3900,36.2900,36.3800,36.3900,749494,5800
2018-02-05 10:44:00,36.3800,36.2900,36.3200,36.3300,765709,14400
2018-02-05 10:45:00,36.5200,36.3800,36.3800,36.5100,777282,10503
2018-02-05 10:46:00,36.5300,36.3600,36.5000,36.4600,848562,67696
2018-02-05 10:47:00,36.5400,36.4100,36.4750,36.5400,868539,16412
2018-02-05 10:48:00,36.6900,36.5400,36.5500,36.6500,876973,6762
2018-02-05 10:49:00,36.7400,36.6200,36.6700,36.7400,912747,33622
2018-02-05 10:50:00,36.7500,36.6600,36.7300,36.7400,944885,29967
2018-02-05 10:51:00,36.7900,36.6700,36.7200,36.7774,970226,22560
2018-02-05 10:52:00,36.9600,36.7400,36.7700,36.8600,1076688,103242
2018-02-05 10:53:00,36.8800,36.7600,36.8400,36.7900,1111890,32783
2018-02-05 10:54:00,36.9500,36.7600,36.8200,36.9500,1133820,21155
2018-02-05 10:55:00,37.2800,36.9400,36.9450,37.2345,1205430,68765
2018-02-05 10:56:00,37.2350,37.0700,37.2350,37.1900,1224948,18933
2018-02-05 10:57:00,37.1300,37.0000,37.1100,37.0350,1240130,14433
2018-02-05 10:58:00,37.0350,36.9100,37.0350,36.9100,1253381,11760
2018-02-05 10:59:00,37.0000,36.9600,36.9600,36.9850,1253981,500
2018-02-05 11:00:00,36.9651,36.8700,36.9651,36.9190,1263731,8127
2018-02-05 11:01:00,37.0500,36.9200,36.9200,37.0500,1268095,3833
2018-02-05 11:02:00,37.0600,36.9900,37.0500,37.0133,1271157,2512
2018-02-05 11:03:00,37.0600,36.9900,36.9900,37.0600,1273403,1867
2018-02-05 11:04:00,37.0700,37.0100,37.0460,37.0300,1278843,4550
2018-02-05 11:05:00,37.0350,36.9100,37.0350,36.9500,1282513,3449
2018-02-05 11:06:00,36.9352,36.8500,36.9352,36.9000,1290308,7700
2018-02-05 11:07:00,36.9200,36.8500,36.8800,36.9150,1296993,6154
2018-02-05 11:08:00,36.9400,36.8800,36.9000,36.8800,1299821,2300
2018-02-05 11:09:00,36.9200,36.8416,36.8636,36.8800,1303894,3818
2018-02-05 11:10:00,36.8950,36.8868,36.8868,36.8950,1305328,1235
2018-02-05 11:11:00,36.9300,36.8600,36.9300,36.8600,1306298,700
2018-02-05 11:12:00,36.9200,36.7300,36.9200,36.8150,1320504,13202
2018-02-05 11:13:00,36.8250,36.6900,36.8138,36.7000,1324198,3064
2018-02-05 11:14:00,36.6900,36.5000,36.6900,36.5650,1327624,3200
2018-02-05 11:15:00,36.5700,36.4800,36.5700,36.5650,1331141,3020
2018-02-05 11:16:00,36.5600,36.5227,36.5400,36.5227,1333111,1910
2018-02-05 11:17:00,36.7000,36.5321,36.5321,36.7000,1337696,3600
2018-02-05 11:18:00,36.6650,36.5659,36.6497,36.5850,1342113,3741
2018-02-05 11:19:00,36.5200,36.4200,36.5200,36.4200,1347430,4623
2018-02-05 11:20:00,36.4450,36.4100,36.4450,36.4418,1349063,1100
2018-02-05 11:21:00,36.4700,36.1900,36.4200,36.2200,1366881,16372
2018-02-05 11:22:00,36.2200,36.0500,36.2200,36.0900,1377464,10500
2018-02-05 11:23:00,36.1350,36.0600,36.0900,36.1202,1383822,5850
2018-02-05 11:24:00,36.1700,36.0600,36.0800,36.1369,1400713,16549
2018-02-05 11:25:00,36.1600,36.0600,36.1600,36.1100,1403037,2000
2018-02-05 11:26:00,36.1700,36.1100,36.1150,36.1400,1413336,9320
2018-02-05 11:27:00,36.1800,36.1100,36.1100,36.1500,1417520,4100
2018-02-05 11:28:00,36.1800,36.0600,36.1800,36.1000,1428950,10273
2018-02-05 11:29:00,36.1386,36.0100,36.1100,36.0100,1436009,6320
2018-02-05 11:30:00,36.0075,35.9400,36.0000,35.9400,1444608,7991
2018-02-05 11:31:00,36.0000,35.8600,36.0000,35.9500,1449293,3898
2018-02-05 11:32:00,35.9600,35.8600,35.9300,35.8600,1450873,1500
2018-02-05 11:33:00,35.8401,35.7405,35.8401,35.7950,1457668,5750
2018-02-05 11:34:00,35.8550,35.7900,35.8000,35.7900,1463131,5300
2018-02-05 11:35:00,35.8400,35.7800,35.7900,35.8100,1465111,1800
2018-02-05 11:36:00,35.9100,35.8200,35.8200,35.8800,1467535,2010
2018-02-05 11:37:00,35.9500,35.8654,35.9050,35.8654,1472212,4400
2018-02-05 11:38:00,35.8900,35.8500,35.8700,35.8500,1473627,1360
2018-02-05 11:39:00,35.9400,35.8500,35.8500,35.8636,1478816,4900
2018-02-05 11:40:00,35.8900,35.8500,35.8600,35.8900,1480620,1500
2018-02-05 11:41:00,35.9300,35.8500,35.8600,35.9050,1483580,2300
2018-02-05 11:42:00,35.9600,35.9400,35.9400,35.9400,1484593,952
2018-02-05 11:43:00,36.0990,35.9500,35.9900,36.0990,1499001,14117
2018-02-05 11:44:00,36.1000,35.9900,36.0550,35.9900,1502258,1760
2018-02-05 11:45:00,36.0450,35.9900,36.0000,36.0100,1522329,19735
2018-02-05 11:46:00,36.0500,36.0100,36.0100,36.0200,1525258,2428
2018-02-05 11:47:00,36.0400,36.0000,36.0200,36.0400,1526707,1233
2018-02-05 11:48:00,36.0300,36.0100,36.0300,36.0200,1528804,1650
2018-02-05 11:49:00,36.0400,36.0100,36.0100,36.0400,1531650,2523
2018-02-05 11:50:00,36.0500,36.0000,36.0300,36.0500,1534334,2600
2018-02-05 11:51:00,36.0500,36.0000,36.0500,36.0000,1536444,2100
2018-02-05 11:52:00,36.0900,36.0200,36.0200,36.0900,1544395,7055
2018-02-05 11:53:00,36.1400,36.0800,36.1100,36.0800,1546188,1500
2018-02-05 11:54:00,36.1500,36.1000,36.1300,36.1300,1547633,1123
2018-02-05 11:55:00,36.2500,36.1200,36.1300,36.1300,1551122,3251
2018-02-05 11:56:00,36.3300,36.1900,36.1900,36.3300,1553221,1747
2018-02-05 11:57:00,36.3400,36.2400,36.3400,36.2500,1553995,600
2018-02-05 11:58:00,36.3800,36.3100,36.3100,36.3200,1558006,3700
2018-02-05 11:59:00,36.5000,36.3700,36.3700,36.4800,1565005,6957
2018-02-05 12:00:00,36.4900,36.4200,36.4550,36.4300,1569161,3433
2018-02-05 12:01:00,36.4800,36.4300,36.4300,36.4650,1570286,1100
2018-02-05 12:03:00,36.4800,36.3800,36.4800,36.3800,1575115,3261
2018-02-05 12:04:00,36.4100,36.3900,36.3900,36.4000,1577325,2000
2018-02-05 12:05:00,36.3800,36.3800,36.3800,36.3800,1577673,293
2018-02-05 12:06:00,36.4100,36.3500,36.3950,36.3500,1578785,1100
2018-02-05 12:07:00,36.4190,36.3000,36.4190,36.3000,1582353,3538
2018-02-05 12:08:00,36.3185,36.3000,36.3000,36.3150,1583254,900
2018-02-05 12:09:00,36.3250,36.3250,36.3250,36.3250,1583359,100
2018-02-05 12:10:00,36.3250,36.2600,36.3200,36.2600,1585683,2026
2018-02-05 12:11:00,36.2500,36.2500,36.2500,36.2500,1586083,400
2018-02-05 12:12:00,36.3000,36.2300,36.3000,36.2900,1586748,600
2018-02-05 12:13:00,36.3700,36.2200,36.2300,36.3699,1588448,1700
2018-02-05 12:14:00,36.3903,36.3030,36.3030,36.3903,1590190,1682
2018-02-05 12:15:00,36.4300,36.3400,36.4300,36.3693,1591618,1200
2018-02-05 12:16:00,36.3650,36.2900,36.3300,36.2900,1594169,2112
2018-02-05 12:17:00,36.3700,36.2800,36.2800,36.2990,1595319,1100
2018-02-05 12:18:00,36.2600,36.1400,36.2600,36.2250,1598319,2920
2018-02-05 12:19:00,36.2800,36.2300,36.2600,36.2700,1600021,1600
2018-02-05 12:20:00,36.2700,36.2700,36.2700,36.2700,1600192,170
2018-02-05 12:21:00,36.3100,36.2200,36.2600,36.3100,1602510,2200
2018-02-05 12:22:00,36.3200,36.2805,36.3100,36.2900,1603504,994
2018-02-05 12:23:00,36.2711,36.2200,36.2400,36.2200,1605851,2085
2018-02-05 12:24:00,36.2100,36.1900,36.2100,36.1990,1606861,900
2018-02-05 12:25:00,36.3000,36.2800,36.2800,36.3000,1607864,1000
2018-02-05 12:26:00,36.4100,36.3500,36.3500,36.4100,1608371,300
2018-02-05 12:27:00,36.3640,36.3300,36.3300,36.3640,1609071,700
2018-02-05 12:28:00,36.3900,36.3600,36.3800,36.3900,1611171,1785
2018-02-05 12:29:00,36.3100,36.3100,36.3100,36.3100,1611271,100
2018-02-05 12:30:00,36.4000,36.3201,36.3660,36.3700,1613133,1700
2018-02-05 12:31:00,36.4000,36.3600,36.3700,36.4000,1615353,2000
2018-02-05 12:32:00,36.4600,36.4100,36.4400,36.4600,1616728,1000
2018-02-05 12:33:00,36.5000,36.4400,36.5000,36.4400,1617231,500
2018-02-05 12:34:00,36.5500,36.4501,36.4900,36.5500,1620522,2820
2018-02-05 12:35:00,36.5800,36.4500,36.4910,36.4500,1625109,4094
2018-02-05 12:36:00,36.3700,36.1900,36.3700,36.1900,1626796,1022
2018-02-05 12:37:00,36.2200,36.0610,36.2200,36.0610,1635198,8402
2018-02-05 12:38:00,36.1300,36.0000,36.1000,36.0500,1645901,10600
2018-02-05 12:39:00,36.2100,36.1400,36.1472,36.2100,1646650,710
2018-02-05 12:40:00,36.2600,36.1700,36.2500,36.1800,1648552,1700
2018-02-05 12:41:00,36.2600,36.1000,36.1800,36.1600,1655977,7340
2018-02-05 12:42:00,36.2800,36.2040,36.2800,36.2040,1656579,600
2018-02-05 12:43:00,36.3000,36.2250,36.2250,36.2300,1660145,3310
2018-02-05 12:44:00,36.3400,36.1800,36.3000,36.2700,1664612,4120
2018-02-05 12:45:00,36.3700,36.1800,36.2900,36.3700,1667848,2600
2018-02-05 12:46:00,36.3500,36.2100,36.3500,36.2500,1671648,3151
2018-02-05 12:47:00,36.2750,36.1600,36.2500,36.2300,1677953,6300
2018-02-05 12:48:00,36.2000,36.1200,36.1900,36.1200,1682238,4100
2018-02-05 12:49:00,36.2000,36.0500,36.1100,36.1500,1698632,16073
2018-02-05 12:50:00,36.1800,36.1800,36.1800,36.1800,1698732,100
2018-02-05 12:51:00,36.2050,36.1700,36.1700,36.2000,1699467,700
2018-02-05 12:52:00,36.1800,36.1800,36.1800,36.1800,1699781,200
2018-02-05 12:53:00,36.2600,36.1700,36.2100,36.2350,1701953,1900
2018-02-05 12:54:00,36.1900,36.1900,36.1900,36.1900,1702623,500
2018-02-05 12:55:00,36.2200,36.1900,36.1900,36.2084,1705009,2250
2018-02-05 12:56:00,36.2600,36.1712,36.1712,36.2600,1705725,644
2018-02-05 12:57:00,36.2500,36.2200,36.2500,36.2200,1706025,300
2018-02-05 12:58:00,36.2800,36.2400,36.2600,36.2800,1706325,300
2018-02-05 12:59:00,36.2300,36.2000,36.2200,36.2300,1707399,1000
2018-02-05 13:00:00,36.2800,36.2400,36.2800,36.2700,1707700,300
2018-02-05 13:01:00,36.2600,36.1500,36.2600,36.1500,1710157,1950
2018-02-05 13:02:00,36.1300,36.0600,36.1200,36.1300,1712801,2600
2018-02-05 13:03:00,36.1400,36.0167,36.0510,36.0167,1717916,4915
2018-02-05 13:04:00,36.0900,35.9300,36.0500,36.0050,1736249,17158
2018-02-05 13:05:00,36.0300,35.9210,35.9210,35.9900,1738609,2260
2018-02-05 13:06:00,36.0900,36.0200,36.0400,36.0200,1744291,5239
2018-02-05 13:07:00,36.0300,35.9700,36.0000,35.9700,1746892,2176
2018-02-05 13:08:00,36.0200,35.9500,35.9500,36.0200,1747707,800
2018-02-05 13:09:00,36.0600,36.0000,36.0000,36.0600,1748677,680
2018-02-05 13:10:00,36.0500,35.9700,36.0500,35.9700,1751033,1840
2018-02-05 13:11:00,36.0200,35.9900,35.9900,36.0000,1757133,5561
2018-02-05 13:12:00,36.0500,36.0044,36.0050,36.0044,1757803,500
2018-02-05 13:13:00,36.0025,35.9600,36.0025,36.0000,1760154,2231
2018-02-05 13:14:00,36.0500,35.9400,35.9900,35.9500,1764440,3710
2018-02-05 13:15:00,36.0000,35.9100,35.9700,35.9600,1766729,2200
2018-02-05 13:16:00,35.9800,35.9000,35.9600,35.9800,1767990,820
2018-02-05 13:17:00,35.9566,35.8800,35.9300,35.9000,1773538,5040
2018-02-05 13:18:00,35.9200,35.8300,35.9200,35.8300,1775138,1400
2018-02-05 13:19:00,35.9500,35.8300,35.8700,35.9500,1785834,10550
2018-02-05 13:20:00,35.8700,35.8200,35.8700,35.8200,1786409,572
2018-02-05 13:21:00,35.8900,35.8700,35.8700,35.8700,1787676,1200
2018-02-05 13:22:00,35.9050,35.7600,35.8700,35.7600,1791632,3310
2018-02-05 13:23:00,35.8400,35.7900,35.7900,35.8320,1792033,400
2018-02-05 13:24:00,35.8600,35.8600,35.8600,35.8600,1792193,100
2018-02-05 13:25:00,35.9000,35.8145,35.8498,35.9000,1793247,1000
2018-02-05 13:26:00,35.9000,35.9000,35.9000,35.9000,1793447,200
2018-02-05 13:27:00,35.9200,35.9200,35.9200,35.9200,1793786,300
2018-02-05 13:29:00,35.9000,35.7800,35.9000,35.8082,1799467,5100
2018-02-05 13:30:00,35.8900,35.7710,35.7710,35.8430,1809338,9531
2018-02-05 13:31:00,35.9276,35.8550,35.9100,35.8550,1810304,898
2018-02-05 13:32:00,35.9400,35.8650,35.9400,35.8972,1810954,628
2018-02-05 13:33:00,36.0831,35.9300,35.9300,36.0110,1813703,2407
2018-02-05 13:34:00,36.0100,35.9400,36.0100,35.9600,1814936,1120
2018-02-05 13:35:00,36.0200,35.8600,35.9700,35.8700,1817541,2474
2018-02-05 13:36:00,35.9100,35.9100,35.9100,35.9100,1817743,100
2018-02-05 13:37:00,35.9200,35.9200,35.9200,35.9200,1817951,100
2018-02-05 13:38:00,35.8600,35.8300,35.8600,35.8600,1819253,900
2018-02-05 13:39:00,35.9100,35.8400,35.8400,35.9100,1820253,1000
2018-02-05 13:40:00,35.9300,35.8500,35.9200,35.8700,1822603,2000
2018-02-05 13:41:00,35.9000,35.8597,35.8600,35.8597,1825209,2511
2018-02-05 13:42:00,35.9500,35.8900,35.9200,35.9000,1830211,4545
2018-02-05 13:43:00,35.9000,35.8410,35.9000,35.8410,1830640,400
2018-02-05 13:44:00,35.9300,35.8400,35.8400,35.9300,1830840,200
2018-02-05 13:45:00,35.8500,35.8400,35.8500,35.8400,1831510,437
2018-02-05 13:46:00,35.8800,35.8700,35.8700,35.8800,1833234,1300
2018-02-05 13:47:00,35.8900,35.8500,35.8500,35.8900,1834212,938
2018-02-05 13:48:00,36.0100,36.0100,36.0100,36.0100,1834565,100
2018-02-05 13:49:00,36.0300,35.9500,36.0300,36.0100,1836550,1895
2018-02-05 13:50:00,36.0100,36.0100,36.0100,36.0100,1836652,100
2018-02-05 13:51:00,35.9500,35.9500,35.9500,35.9500,1836919,200
2018-02-05 13:52:00,36.0900,36.0100,36.0100,36.0900,1838107,1000
2018-02-05 13:53:00,36.1200,36.0709,36.1100,36.1000,1838973,700
2018-02-05 13:54:00,36.1200,36.0690,36.0690,36.0700,1840383,1400
2018-02-05 13:55:00,36.1700,36.1462,36.1700,36.1462,1842029,1350
2018-02-05 13:56:00,36.3000,36.1600,36.1600,36.2700,1847333,5018
2018-02-05 13:57:00,36.3000,36.2400,36.2400,36.2900,1847943,550
2018-02-05 13:58:00,36.3700,36.3000,36.3000,36.3700,1853999,5928
2018-02-05 13:59:00,36.3900,36.3100,36.3900,36.3400,1854499,500
2018-02-05 14:00:00,36.4300,36.3600,36.3800,36.3600,1859397,4700
2018-02-05 14:01:00,36.4200,36.3600,36.3950,36.3600,1861947,2246
2018-02-05 14:02:00,36.3946,36.3100,36.3784,36.3100,1869205,6700
2018-02-05 14:03:00,36.3000,36.2200,36.3000,36.2500,1874736,5100
2018-02-05 14:04:00,36.2500,36.2200,36.2500,36.2200,1875336,600
2018-02-05 14:05:00,36.2800,36.2100,36.2100,36.2600,1876836,1494
2018-02-05 14:06:00,36.3300,36.2500,36.3300,36.3000,1881276,4139
2018-02-05 14:07:00,36.2900,36.2400,36.2400,36.2900,1881881,300
2018-02-05 14:08:00,36.3000,36.2200,36.2900,36.2200,1886081,3965
2018-02-05 14:09:00,36.2700,36.2600,36.2600,36.2700,1886548,300
2018-02-05 14:10:00,36.3225,36.2500,36.3000,36.3225,1887298,650
2018-02-05 14:11:00,36.2900,36.2500,36.2900,36.2500,1888398,1100
2018-02-05 14:12:00,36.3500,36.2500,36.3000,36.2500,1889523,1100
2018-02-05 14:13:00,36.2950,36.2200,36.2656,36.2200,1892943,2916
2018-02-05 14:14:00,36.2800,36.2200,36.2200,36.2800,1893476,500
2018-02-05 14:15:00,36.2986,36.2300,36.2986,36.2800,1893936,315
2018-02-05 14:16:00,36.2750,36.1800,36.2750,36.2499,1903203,8684
2018-02-05 14:17:00,36.2800,36.2400,36.2400,36.2700,1904103,900
2018-02-05 14:18:00,36.2400,36.2200,36.2301,36.2300,1908128,3750
2018-02-05 14:19:00,36.1800,36.1400,36.1800,36.1400,1909188,700
2018-02-05 14:20:00,36.2200,36.1490,36.1490,36.2200,1910763,1500
2018-02-05 14:21:00,36.2500,36.1500,36.1850,36.2500,1911864,950
2018-02-05 14:22:00,36.2400,36.2100,36.2100,36.2400,1912479,500
2018-02-05 14:23:00,36.2500,36.2250,36.2500,36.2250,1912679,200
2018-02-05 14:24:00,36.3100,36.2500,36.2500,36.3100,1913256,304
2018-02-05 14:25:00,36.2650,36.1300,36.2310,36.1300,1918026,4494
2018-02-05 14:27:00,36.1500,36.0600,36.0900,36.1500,1919649,1406
2018-02-05 14:28:00,36.1600,36.1600,36.1600,36.1600,1919949,300
2018-02-05 14:29:00,36.1500,36.0900,36.1184,36.1500,1920396,440
2018-02-05 14:30:00,36.2100,36.0900,36.0900,36.2100,1921214,500
2018-02-05 14:31:00,36.1500,36.0600,36.1500,36.1200,1924114,2800
2018-02-05 14:32:00,36.1104,36.1104,36.1104,36.1104,1924514,300
2018-02-05 14:33:00,36.1050,35.8600,36.0710,35.8600,1932244,7281
2018-02-05 14:34:00,35.8800,35.7500,35.8700,35.8000,1940089,7750
2018-02-05 14:35:00,35.8450,35.7600,35.7866,35.8000,1942912,2603
2018-02-05 14:36:00,35.8650,35.7800,35.8550,35.7900,1944712,1800
2018-02-05 14:37:00,35.8200,35.8200,35.8200,35.8200,1944872,100
2018-02-05 14:38:00,35.7900,35.7900,35.7900,35.7900,1944972,100
2018-02-05 14:39:00,35.8700,35.8200,35.8200,35.8700,1945472,500
2018-02-05 14:40:00,35.8140,35.8000,35.8140,35.8000,1946072,600
2018-02-05 14:41:00,35.9500,35.8600,35.8600,35.9500,1948678,2300
2018-02-05 14:42:00,35.9200,35.8200,35.9200,35.8200,1950783,1744
2018-02-05 14:43:00,35.8400,35.8400,35.8400,35.8400,1951766,683
2018-02-05 14:44:00,35.8700,35.8200,35.8200,35.8700,1952007,200
2018-02-05 14:45:00,35.8800,35.8304,35.8450,35.8400,1953790,1600
2018-02-05 14:46:00,35.9100,35.8400,35.8600,35.8400,1954738,800
2018-02-05 14:47:00,35.9200,35.8500,35.9200,35.8500,1957605,2356
2018-02-05 14:48:00,35.8900,35.8300,35.8767,35.8300,1959521,1725
2018-02-05 14:49:00,35.8200,35.7300,35.8200,35.7300,1964187,4103
2018-02-05 14:50:00,35.7700,35.7200,35.7500,35.7525,1966077,1790
2018-02-05 14:51:00,35.7600,35.6300,35.7500,35.7200,1969950,3131
2018-02-05 14:52:00,35.6800,35.6300,35.6400,35.6550,1971092,1100
2018-02-05 14:53:00,35.6496,35.6000,35.6200,35.6000,1973642,2379
2018-02-05 14:54:00,35.6200,35.5410,35.5800,35.5837,1976610,2834
2018-02-05 14:55:00,35.6500,35.5500,35.5816,35.5500,1983714,6785
2018-02-05 14:56:00,35.6000,35.5900,35.6000,35.6000,1985299,1461
2018-02-05 14:57:00,35.5800,35.5300,35.5400,35.5800,1986036,700
2018-02-05 14:58:00,35.5500,35.4400,35.5100,35.4800,1993523,7049
2018-02-05 14:59:00,35.5600,35.4200,35.4200,35.4410,1999446,5658
2018-02-05 15:00:00,35.5150,35.4400,35.4500,35.4500,2001946,1500
2018-02-05 15:01:00,35.4400,35.3500,35.4022,35.4000,2009549,6974
2018-02-05 15:02:00,35.4380,35.3900,35.4030,35.4380,2010165,616
2018-02-05 15:03:00,35.4600,35.3900,35.4000,35.4552,2014967,4400
2018-02-05 15:04:00,35.4600,35.3600,35.4600,35.3600,2017358,1891
2018-02-05 15:05:00,35.4300,35.2100,35.4200,35.2100,2026692,8086
2018-02-05 15:06:00,35.2800,35.2100,35.2200,35.2800,2029135,2313
2018-02-05 15:07:00,35.2900,35.1410,35.2500,35.1410,2034145,4550
2018-02-05 15:08:00,35.1728,35.0800,35.1728,35.1300,2041276,6496
2018-02-05 15:09:00,35.1400,35.0400,35.1105,35.0400,2048831,7250
2018-02-05 15:10:00,35.0727,34.8200,35.0727,34.8200,2058453,7812
2018-02-05 15:11:00,34.9100,34.8500,34.8800,34.8700,2060577,1725
2018-02-05 15:12:00,34.8772,34.8000,34.8700,34.8310,2068988,7987
2018-02-05 15:13:00,35.1800,34.8650,34.8836,35.1800,2077543,7304
2018-02-05 15:14:00,35.1400,35.0600,35.1400,35.1000,2084494,5844
2018-02-05 15:15:00,35.1900,34.9800,35.0960,35.1900,2089150,4200
2018-02-05 15:16:00,35.4300,35.2500,35.2500,35.3900,2092893,3325
2018-02-05 15:17:00,35.5522,35.4400,35.4400,35.5400,2095013,1800
2018-02-05 15:18:00,35.6500,35.5500,35.5500,35.6108,2098657,3300
2018-02-05 15:19:00,35.6300,35.4000,35.5900,35.4100,2104826,5110
2018-02-05 15:20:00,35.4010,35.2600,35.4010,35.3100,2108136,3008
2018-02-05 15:21:00,35.3600,35.2500,35.2900,35.2500,2110544,1983
2018-02-05 15:22:00,35.4200,35.2200,35.2500,35.3100,2117353,6216
2018-02-05 15:23:00,35.4000,35.2500,35.3600,35.3900,2123809,5375
2018-02-05 15:24:00,35.4800,35.3700,35.3900,35.4300,2127941,3583
2018-02-05 15:25:00,35.3900,35.3500,35.3600,35.3900,2128698,660
2018-02-05 15:26:00,35.4600,35.4000,35.4300,35.4000,2129740,800
2018-02-05 15:27:00,35.4600,35.3800,35.4600,35.4100,2133605,3296
2018-02-05 15:28:00,35.5300,35.4300,35.4300,35.5200,2137945,3391
2018-02-05 15:29:00,35.5800,35.5010,35.5400,35.5400,2140202,2200
2018-02-05 15:30:00,35.6390,35.5500,35.5510,35.6390,2140632,395
2018-02-05 15:31:00,35.5600,35.3300,35.5600,35.3900,2159147,16556
2018-02-05 15:32:00,35.5990,35.3969,35.4100,35.5000,2162996,3600
2018-02-05 15:33:00,35.6450,35.4889,35.5000,35.5900,2167259,3500
2018-02-05 15:34:00,35.6900,35.5800,35.6500,35.6400,2176622,8625
2018-02-05 15:35:00,35.6050,35.5500,35.5814,35.5500,2179007,1795
2018-02-05 15:36:00,35.5854,35.5400,35.5700,35.5600,2181216,2068
2018-02-05 15:37:00,35.5900,35.4700,35.5700,35.4700,2184876,2983
2018-02-05 15:38:00,35.5500,35.3950,35.4200,35.5500,2187527,2214
2018-02-05 15:39:00,35.4800,35.3500,35.4800,35.3500,2189415,1525
2018-02-05 15:40:00,35.4700,35.3100,35.3700,35.3100,2195235,5254
2018-02-05 15:41:00,35.3300,35.2000,35.3100,35.2400,2198240,2444
2018-02-05 15:42:00,35.4400,35.2500,35.2500,35.2800,2202039,3298
2018-02-05 15:43:00,35.3700,35.3100,35.3500,35.3100,2204299,1800
2018-02-05 15:44:00,35.4200,35.2500,35.3452,35.3600,2210290,5377
2018-02-05 15:45:00,35.4200,35.3300,35.3310,35.3300,2213675,2605
2018-02-05 15:46:00,35.3100,35.2100,35.3100,35.2211,2218309,4464
2018-02-05 15:47:00,35.2700,35.1400,35.2200,35.2490,2225162,6049
2018-02-05 15:48:00,35.2193,35.1000,35.2193,35.1600,2228344,2684
2018-02-05 15:49:00,35.2000,35.1300,35.1500,35.1550,2232219,3132
2018-02-05 15:50:00,35.1612,35.0100,35.1200,35.0400,2253767,20576
2018-02-05 15:51:00,35.1400,35.0016,35.0100,35.0400,2262215,8000
2018-02-05 15:52:00,35.0300,34.9300,35.0210,34.9300,2272318,9490
2018-02-05 15:53:00,34.9400,34.8200,34.9400,34.8600,2288600,14939
2018-02-05 15:54:00,34.9550,34.7500,34.8625,34.8240,2306650,16385
2018-02-05 15:55:00,34.9600,34.8200,34.8500,34.9263,2326869,17886
2018-02-05 15:56:00,35.0300,34.9300,34.9500,35.0300,2336256,7900
2018-02-05 15:57:00,35.1600,35.0000,35.0600,35.0900,2342003,5360
2018-02-05 15:58:00,35.1600,35.0500,35.1200,35.1300,2351696,8428
2018-02-05 15:59:00,35.1400,35.0200,35.1300,35.0300,2358694,6096
2018-02-05 16:00:00,35.0211,34.7800,35.0200,34.7900,2395833,34181
2018-02-06 09:31:00,34.6800,33.9300,34.0900,34.6000,75086,57204
2018-02-06 09:32:00,34.7900,34.5100,34.6864,34.7900,102225,20884
2018-02-06 09:33:00,34.8150,34.6600,34.6600,34.7950,138298,35245
2018-02-06 09:34:00,34.8350,34.5400,34.7300,34.6700,170074,30280
2018-02-06 09:35:00,34.8360,34.6250,34.6850,34.6300,193882,19398
2018-02-06 09:36:00,34.8400,34.6610,34.7400,34.7300,218784,23275
2018-02-06 09:37:00,34.8400,34.6800,34.7850,34.7000,260637,39924
2018-02-06 09:38:00,34.7900,34.6800,34.7400,34.7500,273283,11842
2018-02-06 09:39:00,34.7900,34.6300,34.7500,34.6300,286742,13135
2018-02-06 09:40:00,34.7900,34.5900,34.5900,34.7450,306653,18502
2018-02-06 09:41:00,34.7700,34.6100,34.7000,34.7600,317471,10314
2018-02-06 09:42:00,34.7900,34.6400,34.6601,34.6700,334423,16490
2018-02-06 09:43:00,34.8450,34.6900,34.7200,34.7900,358488,23315
2018-02-06 09:44:00,34.8600,34.7100,34.8000,34.7700,388636,28483
2018-02-06 09:45:00,34.7900,34.5800,34.7700,34.5800,422875,32795
2018-02-06 09:46:00,34.7000,34.5700,34.6600,34.5700,434635,11039
2018-02-06 09:47:00,34.6050,34.4201,34.6050,34.4201,449426,13964
2018-02-06 09:48:00,34.5200,34.3600,34.4200,34.4400,457752,8009
2018-02-06 09:49:00,34.7900,34.3910,34.3910,34.6900,467470,8984
2018-02-06 09:50:00,34.6700,34.5000,34.6700,34.5300,473081,4943
2018-02-06 09:51:00,34.7100,34.5400,34.5800,34.7000,480524,6528
2018-02-06 09:52:00,34.7290,34.5800,34.7290,34.5900,483672,3100
2018-02-06 09:53:00,34.5800,34.3700,34.5800,34.5401,498843,14339
2018-02-06 09:54:00,34.7000,34.4501,34.4501,34.5900,508564,8471
2018-02-06 09:55:00,34.7300,34.5900,34.5900,34.7000,519019,9621
2018-02-06 09:56:00,34.7192,34.6000,34.7050,34.6000,539514,19985
2018-02-06 09:57:00,34.6300,34.2500,34.6000,34.2500,549684,9236
2018-02-06 09:58:00,34.5290,34.2800,34.3000,34.3800,557663,6968
2018-02-06 09:59:00,34.4750,34.3200,34.4750,34.4265,564249,6126
2018-02-06 10:00:00,34.5200,34.3900,34.3900,34.4400,566487,2048
2018-02-06 10:01:00,34.6000,34.4300,34.5050,34.5750,583764,16297
2018-02-06 10:02:00,34.5740,34.4600,34.5740,34.5500,588874,4850
2018-02-06 10:03:00,34.6000,34.4500,34.5400,34.4600,607341,17387
2018-02-06 10:04:00,34.4900,34.4100,34.4600,34.4900,613737,6000
2018-02-06 10:05:00,34.7000,34.5100,34.5100,34.7000,621570,6740
2018-02-06 10:06:00,34.6450,34.5200,34.6400,34.5200,629421,7800
2018-02-06 10:07:00,34.5600,34.3200,34.5400,34.3200,642308,11578
2018-02-06 10:08:00,34.3900,34.2500,34.3350,34.3500,652653,9840
2018-02-06 10:09:00,34.4950,34.3500,34.4400,34.4100,654949,1875
2018-02-06 10:10:00,34.3400,34.1110,34.3300,34.1110,662401,6468
2018-02-06 10:11:00,34.4300,34.1900,34.1900,34.4300,669067,6410
2018-02-06 10:12:00,34.4900,34.3500,34.4900,34.3884,674692,4941
2018-02-06 10:13:00,34.4700,34.0900,34.4300,34.1200,679987,4654
2018-02-06 10:14:00,34.2000,34.0800,34.1900,34.1000,686683,5700
2018-02-06 10:15:00,34.1900,34.0800,34.0900,34.0900,693140,5529
2018-02-06 10:16:00,34.1995,34.1500,34.1500,34.1717,695638,2200
2018-02-06 10:17:00,34.1000,33.8800,34.1000,33.9450,732128,34788
2018-02-06 10:18:00,33.8800,33.6700,33.8800,33.7500,752926,19801
2018-02-06 10:19:00,33.8300,33.5401,33.7250,33.7601,764316,9969
2018-02-06 10:20:00,33.8996,33.7900,33.7900,33.8100,770530,6113
2018-02-06 10:21:00,34.1200,33.8400,33.9000,34.1000,775802,4800
2018-02-06 10:22:00,34.1200,34.0010,34.0010,34.0800,780947,4575
2018-02-06 10:23:00,34.1400,34.0400,34.1000,34.0800,794698,12086
2018-02-06 10:24:00,34.0000,33.8200,34.0000,33.9099,797718,2633
2018-02-06 10:25:00,33.8999,33.6800,33.8000,33.7700,803998,5505
2018-02-06 10:26:00,33.8360,33.5800,33.7410,33.5800,808029,3575
2018-02-06 10:27:00,33.8130,33.7000,33.7000,33.8130,810780,2381
2018-02-06 10:28:00,33.8000,33.6900,33.7800,33.7482,814917,3525
2018-02-06 10:29:00,33.8800,33.7400,33.7400,33.8800,816624,1444
2018-02-06 10:30:00,33.9400,33.7900,33.8600,33.9200,827862,10595
2018-02-06 10:31:00,33.9634,33.8500,33.9213,33.8650,834063,5800
2018-02-06 10:32:00,33.8599,33.7700,33.8500,33.8150,838378,4206
2018-02-06 10:33:00,34.0000,33.7700,33.8150,33.8750,857130,17419
2018-02-06 10:34:00,33.9400,33.8300,33.9000,33.8700,861185,3402
2018-02-06 10:35:00,33.9400,33.8300,33.8620,33.8300,863063,1629
2018-02-06 10:36:00,33.8500,33.8020,33.8220,33.8020,864213,950
2018-02-06 10:37:00,33.9061,33.8000,33.8000,33.8700,879783,15450
2018-02-06 10:38:00,33.8600,33.7000,33.8600,33.7050,900262,18982
2018-02-06 10:39:00,33.7000,33.6000,33.7000,33.6430,921123,19769
2018-02-06 10:40:00,33.6500,33.5800,33.6032,33.6100,931850,10350
2018-02-06 10:41:00,33.7300,33.6450,33.6450,33.7200,952017,19152
2018-02-06 10:42:00,33.7500,33.5900,33.7200,33.6300,987445,33101
2018-02-06 10:43:00,33.6300,33.5481,33.6300,33.6100,993762,5737
2018-02-06 10:44:00,33.6400,33.5543,33.6007,33.5607,996878,2822
2018-02-06 10:45:00,33.6500,33.4800,33.5577,33.6400,1013213,15159
2018-02-06 10:46:00,33.8800,33.7100,33.7100,33.8200,1018552,4425
2018-02-06 10:47:00,33.8499,33.7000,33.7995,33.7030,1021128,2184
2018-02-06 10:48:00,33.7410,33.7000,33.7000,33.7410,1023269,1900
2018-02-06 10:49:00,33.9100,33.7100,33.7200,33.9100,1026350,2800
2018-02-06 10:50:00,33.8843,33.8200,33.8843,33.8600,1029684,2859
2018-02-06 10:51:00,33.8783,33.7601,33.8150,33.8300,1034380,4350
2018-02-06 10:52:00,33.9000,33.7600,33.7750,33.8400,1044936,9810
2018-02-06 10:53:00,34.0000,33.8800,33.8900,33.9800,1072350,26583
2018-02-06 10:54:00,33.9000,33.8700,33.8900,33.8800,1074670,2105
2018-02-06 10:55:00,33.9790,33.9790,33.9790,33.9790,1074822,100
2018-02-06 10:56:00,33.9800,33.8976,33.8976,33.9739,1076355,1500
2018-02-06 10:57:00,33.9200,33.8300,33.9200,33.8500,1080101,3230
2018-02-06 10:58:00,33.9100,33.7400,33.8800,33.9100,1084877,4055
2018-02-06 10:59:00,33.8587,33.8587,33.8587,33.8587,1084977,100
2018-02-06 11:00:00,33.8784,33.8000,33.8600,33.8000,1086707,1542
2018-02-06 11:01:00,33.8150,33.6400,33.8000,33.6400,1090482,3007
2018-02-06 11:02:00,33.7300,33.6100,33.6100,33.7200,1092642,1891
2018-02-06 11:03:00,33.8000,33.7500,33.7900,33.7500,1094059,1075
2018-02-06 11:04:00,33.8200,33.7916,33.8200,33.8160,1095519,1300
2018-02-06 11:05:00,33.8700,33.8050,33.8600,33.8050,1099088,3270
2018-02-06 11:06:00,33.9200,33.8100,33.8500,33.9200,1100440,1120
2018-02-06 11:07:00,33.9390,33.8800,33.9100,33.9037,1102043,1500
2018-02-06 11:08:00,33.9400,33.8800,33.9284,33.9211,1103675,1603
2018-02-06 11:09:00,33.9700,33.9000,33.9700,33.9000,1113034,8591
2018-02-06 11:10:00,34.0000,33.8400,33.8500,33.9800,1127012,13190
2018-02-06 11:11:00,34.0800,34.0400,34.0550,34.0400,1127652,500
2018-02-06 11:12:00,34.1400,34.0200,34.0300,34.0400,1153077,24678
2018-02-06 11:13:00,34.3000,34.0200,34.0200,34.3000,1186485,31445
2018-02-06 11:14:00,34.3300,34.2485,34.2800,34.2706,1190857,3850
2018-02-06 11:15:00,34.3800,34.2800,34.2900,34.3200,1208446,15064
2018-02-06 11:16:00,34.4400,34.2900,34.3400,34.3000,1249121,36383
2018-02-06 11:17:00,34.5000,34.2900,34.3200,34.3701,1266094,16383
2018-02-06 11:18:00,34.5000,34.4000,34.4800,34.4400,1279711,12764
2018-02-06 11:19:00,34.4800,34.3900,34.4400,34.4000,1311281,29919
2018-02-06 11:20:00,34.4700,34.4000,34.4000,34.4200,1324509,11800
2018-02-06 11:21:00,34.4600,34.3200,34.4200,34.3200,1347168,20115
2018-02-06 11:22:00,34.4100,34.2800,34.3700,34.4000,1353606,5551
2018-02-06 11:23:00,34.4300,34.3650,34.4000,34.4100,1358123,3300
2018-02-06 11:24:00,34.4300,34.3800,34.4000,34.4300,1359783,1157
2018-02-06 11:25:00,34.4600,34.3500,34.4000,34.3500,1371098,9206
2018-02-06 11:26:00,34.3400,34.3000,34.3400,34.3300,1380261,8700
2018-02-06 11:27:00,34.3400,34.2000,34.3200,34.2173,1386404,5634
2018-02-06 11:28:00,34.2600,34.1600,34.2300,34.2300,1393458,6169
2018-02-06 11:29:00,34.2400,34.2000,34.2400,34.2000,1396167,2600
2018-02-06 11:30:00,34.2200,34.1700,34.1900,34.1950,1400047,3667
2018-02-06 11:31:00,34.2400,34.1950,34.2006,34.2400,1400597,500
2018-02-06 11:32:00,34.2500,34.1710,34.2400,34.2500,1402408,1500
2018-02-06 11:33:00,34.2600,34.1700,34.2074,34.1700,1405634,3126
2018-02-06 11:34:00,34.2000,34.1450,34.2000,34.1450,1406707,703
2018-02-06 11:35:00,34.1500,34.1050,34.1450,34.1350,1409182,2084
2018-02-06 11:36:00,34.1700,34.0500,34.1350,34.0500,1411525,2145
2018-02-06 11:37:00,34.0855,34.0500,34.0500,34.0855,1411925,400
2018-02-06 11:38:00,34.0600,34.0400,34.0600,34.0400,1415548,3300
2018-02-06 11:39:00,34.1300,34.0000,34.0300,34.1300,1417503,1550
2018-02-06 11:40:00,34.0700,34.0600,34.0700,34.0600,1417803,300
2018-02-06 11:41:00,34.1400,34.0518,34.1200,34.0600,1418853,1049
2018-02-06 11:42:00,34.0300,34.0000,34.0300,34.0000,1419853,800
2018-02-06 11:43:00,34.0300,33.9800,34.0000,33.9800,1421132,990
2018-02-06 11:44:00,34.1000,33.9800,34.0258,34.0655,1425817,4569
2018-02-06 11:45:00,34.1700,34.0600,34.1000,34.1500,1428092,1700
2018-02-06 11:46:00,34.1300,34.0900,34.1200,34.0900,1429713,1342
2018-02-06 11:47:00,34.0800,34.0800,34.0800,34.0800,1430309,100
2018-02-06 11:48:00,34.1600,34.0800,34.0800,34.1400,1431214,900
2018-02-06 11:49:00,34.1550,34.1100,34.1550,34.1100,1432321,1100
2018-02-06 11:50:00,34.2100,34.1100,34.1560,34.2100,1438855,6020
2018-02-06 11:51:00,34.2912,34.2200,34.2200,34.2756,1440358,1388
2018-02-06 11:52:00,34.2400,34.2400,34.2400,34.2400,1440586,200
2018-02-06 11:53:00,34.3300,34.2900,34.2900,34.3300,1441699,850
2018-02-06 11:54:00,34.3900,34.3400,34.3400,34.3900,1443020,1091
2018-02-06 11:55:00,34.4800,34.3200,34.4300,34.3200,1444633,1320
2018-02-06 11:56:00,34.4000,34.3250,34.3250,34.4000,1446720,1600
2018-02-06 11:57:00,34.4500,34.4000,34.4400,34.4000,1448055,1100
2018-02-06 11:58:00,34.3500,34.3500,34.3500,34.3500,1448155,100
2018-02-06 11:59:00,34.2600,34.2600,34.2600,34.2600,1448891,300
2018-02-06 12:00:00,34.3160,34.2400,34.2400,34.2500,1452016,2700
2018-02-06 12:01:00,34.2900,34.1600,34.2900,34.1600,1457891,5195
2018-02-06 12:02:00,34.2400,34.1600,34.1600,34.2400,1458289,300
2018-02-06 12:03:00,34.1700,34.1400,34.1400,34.1700,1458889,600
2018-02-06 12:04:00,34.2600,34.2300,34.2300,34.2600,1459582,500
2018-02-06 12:05:00,34.2600,34.1700,34.2500,34.1700,1461243,1414
2018-02-06 12:06:00,34.2900,34.1400,34.2150,34.1400,1478943,17700
2018-02-06 12:07:00,34.2500,34.1500,34.1600,34.2150,1479906,700
2018-02-06 12:08:00,34.3100,34.2000,34.2700,34.2900,1492333,11300
2018-02-06 12:09:00,34.3262,34.2300,34.2800,34.2300,1495762,3400
2018-02-06 12:10:00,34.2100,34.1900,34.2000,34.2000,1500347,4465
2018-02-06 12:11:00,34.2200,34.1100,34.2000,34.2200,1503273,2600
2018-02-06 12:13:00,34.2200,34.1600,34.1900,34.1900,1507267,3301
2018-02-06 12:14:00,34.3000,34.2200,34.2600,34.2800,1508405,1000
2018-02-06 12:15:00,34.3200,34.1900,34.3200,34.2100,1514069,5599
2018-02-06 12:16:00,34.3100,34.2100,34.3100,34.2150,1518618,4177
2018-02-06 12:17:00,34.2900,34.1400,34.2600,34.2400,1524702,5718
2018-02-06 12:18:00,34.2199,34.1300,34.2000,34.2199,1530367,5192
2018-02-06 12:19:00,34.2000,34.1500,34.2000,34.1700,1531767,1200
2018-02-06 12:20:00,34.2000,34.1000,34.1400,34.1500,1540288,7995
2018-02-06 12:21:00,34.2700,34.2000,34.2000,34.2700,1543983,3500
2018-02-06 12:22:00,34.2400,34.1000,34.1900,34.2200,1551877,7500
2018-02-06 12:23:00,34.2600,34.1500,34.2600,34.1900,1554065,2000
2018-02-06 12:24:00,34.1500,34.1500,34.1500,34.1500,1554200,100
2018-02-06 12:25:00,34.2900,34.1900,34.2154,34.2000,1562705,8320
2018-02-06 12:27:00,34.2500,34.1900,34.2200,34.2000,1567173,3930
2018-02-06 12:28:00,34.2000,34.2000,34.2000,34.2000,1567388,200
2018-02-06 12:29:00,34.2400,34.1450,34.2300,34.1600,1570403,2500
2018-02-06 12:30:00,34.2700,34.1700,34.2200,34.2100,1573496,2501
2018-02-06 12:31:00,34.3090,34.2000,34.2600,34.2100,1581928,7677
2018-02-06 12:32:00,34.2100,34.1600,34.2000,34.2100,1584428,2500
2018-02-06 12:33:00,34.3100,34.1900,34.2399,34.1900,1590248,5700
2018-02-06 12:34:00,34.2500,34.1000,34.2182,34.1000,1592282,2000
2018-02-06 12:35:00,34.2300,34.1700,34.1700,34.2100,1594360,1904
2018-02-06 12:36:00,34.2180,34.1900,34.2180,34.2045,1595060,495
2018-02-06 12:37:00,34.2500,34.1810,34.2300,34.1810,1597830,2727
2018-02-06 12:38:00,34.2400,34.1700,34.2100,34.2100,1603685,5580
2018-02-06 12:39:00,34.2600,34.1800,34.2000,34.2390,1621801,16686
2018-02-06 12:40:00,34.2500,34.1600,34.2400,34.1800,1645922,22550
2018-02-06 12:41:00,34.2500,34.1800,34.2000,34.2397,1651798,5250
2018-02-06 12:42:00,34.2500,34.1800,34.2050,34.2095,1657396,5023
2018-02-06 12:43:00,34.2000,34.1550,34.1900,34.1700,1659111,1500
2018-02-06 12:44:00,34.2000,34.1500,34.2000,34.1900,1662066,2200
2018-02-06 12:45:00,34.2300,34.1300,34.1750,34.1500,1665217,2608
2018-02-06 12:46:00,34.2000,34.1100,34.1500,34.1900,1665950,723
2018-02-06 12:47:00,34.1700,34.1300,34.1483,34.1700,1669152,2743
2018-02-06 12:48:00,34.1900,34.0500,34.1900,34.0500,1670099,900
2018-02-06 12:49:00,34.0400,33.9600,34.0100,33.9842,1685252,14450
2018-02-06 12:50:00,34.0200,33.9200,33.9800,34.0000,1689942,4180
2018-02-06 12:51:00,34.0400,33.9600,33.9600,33.9800,1691153,1100
2018-02-06 12:52:00,34.0100,33.9300,33.9800,33.9900,1694721,3060
2018-02-06 12:53:00,33.9600,33.8400,33.9600,33.9000,1697656,2700
2018-02-06 12:54:00,33.9700,33.8677,33.8677,33.9400,1701637,3700
2018-02-06 12:55:00,33.9200,33.8900,33.9200,33.9040,1706057,4000
2018-02-06 12:56:00,34.0000,33.8950,33.8950,33.9600,1709326,2900
2018-02-06 12:57:00,34.0200,33.9400,33.9500,34.0200,1711379,1550
2018-02-06 12:58:00,33.9978,33.9100,33.9978,33.9400,1712939,1200
2018-02-06 12:59:00,34.0300,33.9500,34.0000,34.0000,1717326,3756
2018-02-06 13:00:00,34.0500,33.9600,34.0500,33.9600,1719133,1769
2018-02-06 13:01:00,33.9200,33.8200,33.9200,33.8700,1722142,1752
2018-02-06 13:02:00,33.8700,33.8700,33.8700,33.8700,1722344,100
2018-02-06 13:03:00,34.0200,33.8800,33.9600,33.8800,1727259,4113
2018-02-06 13:04:00,33.9300,33.8200,33.9200,33.8400,1731299,3150
2018-02-06 13:05:00,33.9000,33.8496,33.8600,33.8750,1735370,3700
2018-02-06 13:06:00,33.9400,33.8952,33.9200,33.8952,1737444,1900
2018-02-06 13:07:00,33.9600,33.8600,33.8600,33.8700,1739294,1300
2018-02-06 13:08:00,33.9400,33.9200,33.9200,33.9300,1741735,2240
2018-02-06 13:09:00,33.9200,33.8700,33.9000,33.9100,1743430,1200
2018-02-06 13:10:00,33.8900,33.8200,33.8900,33.8350,1755630,11813
2018-02-06 13:11:00,34.0000,33.8450,33.8500,34.0000,1763084,6900
2018-02-06 13:12:00,34.0200,33.9000,33.9900,33.9000,1767876,3918
2018-02-06 13:13:00,34.0300,33.9400,33.9400,33.9841,1768991,1100
2018-02-06 13:14:00,34.0500,33.9700,34.0300,34.0000,1773584,4100
2018-02-06 13:15:00,34.0200,33.9600,34.0200,33.9700,1775759,1600
2018-02-06 13:16:00,34.0200,33.9800,33.9800,34.0000,1778159,2100
2018-02-06 13:17:00,34.0300,33.9900,34.0300,33.9900,1779699,1257
2018-02-06 13:18:00,33.9700,33.8600,33.9600,33.9600,1783218,2900
2018-02-06 13:20:00,34.0500,33.9700,34.0300,34.0000,1791578,7552
2018-02-06 13:21:00,34.0600,33.9600,34.0100,33.9600,1800220,7949
2018-02-06 13:22:00,33.9500,33.9000,33.9500,33.9000,1800670,450
2018-02-06 13:24:00,33.9100,33.8500,33.9100,33.8500,1808188,7230
2018-02-06 13:25:00,33.9300,33.8200,33.9300,33.8652,1810493,2180
2018-02-06 13:26:00,33.9900,33.8700,33.8700,33.9900,1812208,1301
2018-02-06 13:27:00,34.0100,33.9000,34.0100,33.9451,1814889,2400
2018-02-06 13:28:00,33.9600,33.9000,33.9110,33.9600,1816855,1393
2018-02-06 13:29:00,34.0200,33.9500,33.9500,33.9900,1819173,1980
2018-02-06 13:30:00,34.0500,33.9300,33.9400,34.0100,1821690,1982
2018-02-06 13:31:00,34.0100,33.9900,34.0000,34.0100,1822299,500
2018-02-06 13:32:00,33.9900,33.9200,33.9900,33.9600,1826186,3399
2018-02-06 13:33:00,34.0300,33.9800,33.9800,34.0000,1827963,1560
2018-02-06 13:34:00,34.1000,33.9500,34.0300,34.0280,1833510,4823
2018-02-06 13:36:00,34.0300,33.9473,33.9900,34.0000,1838706,4629
2018-02-06 13:37:00,34.0200,33.9700,34.0200,34.0000,1841167,1700
2018-02-06 13:38:00,34.0300,33.9900,34.0200,33.9900,1844965,3648
2018-02-06 13:39:00,34.0300,33.9800,34.0300,33.9800,1845855,500
2018-02-06 13:40:00,33.9800,33.9700,33.9800,33.9700,1846987,700
2018-02-06 13:41:00,34.0288,33.9700,34.0100,33.9800,1848852,1500
2018-02-06 13:42:00,33.9961,33.9300,33.9900,33.9961,1850035,808
2018-02-06 13:43:00,33.9700,33.9500,33.9700,33.9500,1850235,200
2018-02-06 13:44:00,34.0339,33.9500,33.9500,33.9700,1850651,406
2018-02-06 13:45:00,34.0199,33.9500,33.9700,34.0199,1852108,1300
2018-02-06 13:46:00,33.9400,33.7500,33.9400,33.8300,1861338,8702
2018-02-06 13:47:00,33.8999,33.7800,33.8985,33.8000,1872430,10405
2018-02-06 13:48:00,33.8000,33.6600,33.8000,33.6600,1874275,1351
2018-02-06 13:49:00,33.7400,33.6800,33.7400,33.6800,1874798,500
2018-02-06 13:51:00,33.7400,33.6900,33.7390,33.6900,1877045,1699
2018-02-06 13:52:00,33.6900,33.6200,33.6600,33.6400,1881071,3814
2018-02-06 13:53:00,33.6800,33.6800,33.6800,33.6800,1881571,100
2018-02-06 13:54:00,33.7145,33.6700,33.7145,33.6700,1882595,949
2018-02-06 13:55:00,33.7100,33.6800,33.6800,33.7000,1883601,1000
2018-02-06 13:56:00,33.7100,33.6900,33.6900,33.7100,1884519,723
2018-02-06 13:58:00,33.7700,33.6600,33.7700,33.6800,1886646,2050
2018-02-06 13:59:00,33.7200,33.4700,33.6800,33.5800,1929834,42336
2018-02-06 14:00:00,33.6075,33.5100,33.5600,33.5100,1934632,4542
2018-02-06 14:01:00,33.4700,33.4700,33.4700,33.4700,1935099,300
2018-02-06 14:02:00,33.5400,33.4700,33.5000,33.5400,1939932,4320
2018-02-06 14:03:00,33.5400,33.4900,33.5300,33.4900,1946054,5815
2018-02-06 14:04:00,33.5350,33.5000,33.5050,33.5100,1967606,20990
2018-02-06 14:05:00,33.5200,33.4900,33.5138,33.5000,1972599,4870
2018-02-06 14:06:00,33.5300,33.4500,33.5050,33.4500,1985919,12947
2018-02-06 14:07:00,33.4653,33.4100,33.4400,33.4100,1988004,1981
2018-02-06 14:08:00,33.4900,33.4289,33.4289,33.4500,1991422,3219
2018-02-06 14:09:00,33.5000,33.4500,33.4500,33.4750,1992749,1200
2018-02-06 14:10:00,33.4800,33.4500,33.4800,33.4600,1994875,1200
2018-02-06 14:11:00,33.5500,33.4500,33.4500,33.5000,1999459,4306
2018-02-06 14:12:00,33.5800,33.4510,33.5200,33.5300,2003624,3836
2018-02-06 14:13:00,33.5700,33.4900,33.5400,33.4900,2009121,5437
2018-02-06 14:14:00,33.5400,33.4500,33.5400,33.4500,2010963,1700
2018-02-06 14:15:00,33.5400,33.4900,33.5000,33.4900,2016731,5500
2018-02-06 14:16:00,33.4746,33.3200,33.4700,33.3200,2022505,5730
2018-02-06 14:17:00,33.4500,33.3800,33.3800,33.4400,2029458,6700
2018-02-06 14:18:00,33.4300,33.4000,33.4012,33.4000,2035393,5523
2018-02-06 14:19:00,33.4000,33.3100,33.4000,33.3100,2037927,2200
2018-02-06 14:20:00,33.3548,33.2500,33.3548,33.2600,2043835,5749
2018-02-06 14:21:00,33.3800,33.2500,33.3000,33.3300,2051177,6451
2018-02-06 14:22:00,33.3300,33.3000,33.3300,33.3000,2052802,1600
2018-02-06 14:23:00,33.3500,33.2400,33.3000,33.2900,2056827,3768
2018-02-06 14:24:00,33.3000,33.3000,33.3000,33.3000,2057263,250
2018-02-06 14:25:00,33.3190,33.2610,33.2800,33.3190,2058816,1550
2018-02-06 14:26:00,33.2900,33.2000,33.2900,33.2000,2065621,6450
2018-02-06 14:27:00,33.2500,33.1000,33.2100,33.1600,2075157,9177
2018-02-06 14:28:00,33.2500,33.1400,33.1400,33.2300,2079467,4225
2018-02-06 14:29:00,33.4000,33.2448,33.2600,33.3700,2083364,3020
2018-02-06 14:30:00,33.4199,33.3300,33.3300,33.4199,2084664,1200
2018-02-06 14:31:00,33.4200,33.3500,33.3800,33.3600,2085065,400
2018-02-06 14:32:00,33.4200,33.3904,33.3904,33.4200,2085627,536
2018-02-06 14:33:00,33.5200,33.4000,33.4000,33.5200,2092031,5694
2018-02-06 14:34:00,33.6000,33.5648,33.6000,33.5648,2094451,2200
2018-02-06 14:35:00,33.6700,33.5500,33.5900,33.6700,2097781,2800
2018-02-06 14:36:00,33.8000,33.6900,33.7000,33.7999,2099688,1800
2018-02-06 14:37:00,33.7600,33.6600,33.7600,33.7300,2110093,10177
2018-02-06 14:38:00,33.7300,33.7000,33.7300,33.7000,2110483,300
2018-02-06 14:39:00,33.8400,33.7208,33.7208,33.8400,2112489,1551
2018-02-06 14:40:00,33.8000,33.7700,33.7800,33.7700,2114089,1500
2018-02-06 14:41:00,33.8799,33.7850,33.7850,33.8799,2115268,1023
2018-02-06 14:42:00,33.8559,33.8559,33.8559,33.8559,2116378,1000
2018-02-06 14:43:00,33.8300,33.7800,33.8300,33.7800,2117938,1300
2018-02-06 14:44:00,33.8000,33.7400,33.7950,33.8000,2120138,2000
2018-02-06 14:45:00,33.8600,33.7800,33.8000,33.8600,2123138,3000
2018-02-06 14:46:00,33.8799,33.7700,33.8447,33.7700,2126758,3226
2018-02-06 14:47:00,33.9000,33.8300,33.8300,33.9000,2129288,1775
2018-02-06 14:48:00,33.9600,33.8900,33.9100,33.9244,2132391,2800
2018-02-06 14:49:00,33.9350,33.8700,33.9000,33.8700,2135844,3400
2018-02-06 14:50:00,33.9000,33.8400,33.8400,33.8999,2137950,2000
2018-02-06 14:51:00,33.9496,33.8850,33.9200,33.8850,2143281,5049
2018-02-06 14:52:00,33.9100,33.9000,33.9000,33.9010,2144972,1600
2018-02-06 14:53:00,33.8828,33.7500,33.8800,33.8100,2150102,4830
2018-02-06 14:54:00,33.8600,33.8100,33.8200,33.8600,2155682,5527
2018-02-06 14:55:00,33.9900,33.8600,33.8600,33.9800,2160212,4220
2018-02-06 14:56:00,34.0100,33.8900,33.8900,34.0100,2163478,3066
2018-02-06 14:57:00,34.2100,34.0400,34.0899,34.1900,2172960,8968
2018-02-06 14:58:00,34.2500,34.1350,34.2000,34.2500,2179930,6308
2018-02-06 14:59:00,34.2800,34.1800,34.2450,34.2100,2187466,7149
2018-02-06 15:00:00,34.2500,34.1700,34.1800,34.2300,2199730,11905
2018-02-06 15:01:00,34.2600,34.2150,34.2150,34.2475,2203008,2700
2018-02-06 15:02:00,34.3000,34.2500,34.2600,34.3000,2206058,2800
2018-02-06 15:03:00,34.4600,34.2800,34.3300,34.4100,2223448,15664
2018-02-06 15:04:00,34.5900,34.4098,34.4098,34.5400,2250481,25675
2018-02-06 15:05:00,34.5800,34.5000,34.5100,34.5000,2255453,4533
2018-02-06 15:06:00,34.5100,34.4400,34.5000,34.5100,2259817,4160
2018-02-06 15:07:00,34.5300,34.4900,34.5300,34.5010,2262559,2360
2018-02-06 15:08:00,34.5800,34.5200,34.5200,34.5500,2267584,4282
2018-02-06 15:09:00,34.5700,34.5000,34.5700,34.5100,2269238,1500
2018-02-06 15:10:00,34.5500,34.5100,34.5100,34.5284,2271130,1600
2018-02-06 15:11:00,34.5850,34.5100,34.5350,34.5500,2283697,10770
2018-02-06 15:12:00,34.5600,34.4500,34.5300,34.5521,2289641,5160
2018-02-06 15:13:00,34.5800,34.5050,34.5436,34.5800,2302815,11907
2018-02-06 15:14:00,34.5900,34.4910,34.5799,34.5150,2307795,4146
2018-02-06 15:15:00,34.5000,34.3010,34.5000,34.3080,2313460,5435
2018-02-06 15:16:00,34.4400,34.3600,34.3700,34.3600,2318861,3805
2018-02-06 15:17:00,34.3600,34.3000,34.3600,34.3400,2321124,2045
2018-02-06 15:18:00,34.3416,34.3350,34.3400,34.3350,2322055,600
2018-02-06 15:19:00,34.3100,34.2300,34.3100,34.2300,2326448,4000
2018-02-06 15:20:00,34.2200,34.1800,34.2000,34.2000,2328648,1700
2018-02-06 15:21:00,34.2600,34.1800,34.1800,34.2600,2330868,1400
2018-02-06 15:22:00,34.3400,34.2703,34.2940,34.3000,2333307,2199
2018-02-06 15:23:00,34.2400,34.1200,34.2400,34.1500,2335239,1400
2018-02-06 15:24:00,34.1600,34.1000,34.1300,34.1184,2341044,5270
2018-02-06 15:25:00,34.1300,34.1200,34.1300,34.1200,2341499,300
2018-02-06 15:26:00,34.1700,34.0900,34.1320,34.0990,2346964,5125
2018-02-06 15:27:00,34.2600,34.1600,34.1600,34.2600,2349561,1830
2018-02-06 15:28:00,34.2600,34.1800,34.2300,34.2200,2353045,3300
2018-02-06 15:29:00,34.2600,34.2400,34.2600,34.2600,2353583,500
2018-02-06 15:30:00,34.3200,34.2600,34.2600,34.3195,2356040,2100
2018-02-06 15:31:00,34.3000,34.1700,34.3000,34.1900,2359555,2900
2018-02-06 15:32:00,34.2600,34.0500,34.1700,34.2600,2375366,14727
2018-02-06 15:33:00,34.2900,34.2390,34.2820,34.2390,2377077,1600
2018-02-06 15:34:00,34.3834,34.2550,34.2550,34.3834,2381367,3700
2018-02-06 15:35:00,34.3800,34.2950,34.3800,34.2950,2383840,1370
2018-02-06 15:36:00,34.3200,34.2400,34.2600,34.2700,2388747,3772
2018-02-06 15:37:00,34.3700,34.3000,34.3000,34.3700,2391992,2750
2018-02-06 15:38:00,34.4200,34.3500,34.3800,34.4200,2395445,3253
2018-02-06 15:39:00,34.4600,34.3700,34.4105,34.4600,2404355,7544
2018-02-06 15:40:00,34.4350,34.4110,34.4341,34.4350,2405146,400
2018-02-06 15:41:00,34.4800,34.3600,34.4600,34.3900,2410181,4853
2018-02-06 15:42:00,34.4300,34.3300,34.3900,34.4300,2417037,5930
2018-02-06 15:43:00,34.4600,34.3900,34.4400,34.4046,2424037,5855
2018-02-06 15:44:00,34.4335,34.3700,34.4158,34.4150,2424499,400
2018-02-06 15:45:00,34.4499,34.3600,34.4150,34.3915,2428764,4096
2018-02-06 15:46:00,34.4100,34.3270,34.3600,34.4100,2437595,7389
2018-02-06 15:47:00,34.4200,34.3400,34.3900,34.3400,2440518,2691
2018-02-06 15:48:00,34.3500,34.2900,34.3400,34.3299,2444486,3551
2018-02-06 15:49:00,34.3400,34.2200,34.3000,34.3400,2452181,6740
2018-02-06 15:50:00,34.3200,34.2000,34.3200,34.2400,2459244,6012
2018-02-06 15:51:00,34.3400,34.2500,34.2800,34.2900,2464900,4452
2018-02-06 15:52:00,34.2600,34.2100,34.2600,34.2100,2469444,3761
2018-02-06 15:53:00,34.2900,34.2200,34.2300,34.2900,2475584,4744
2018-02-06 15:54:00,34.3000,34.2200,34.2800,34.2900,2489532,12200
2018-02-06 15:55:00,34.3400,34.2300,34.2900,34.2800,2498448,7286
2018-02-06 15:56:00,34.2900,34.1900,34.2800,34.2700,2509100,8456
2018-02-06 15:57:00,34.3500,34.2500,34.2700,34.3400,2519574,9082
2018-02-06 15:58:00,34.3500,34.3100,34.3499,34.3100,2525634,4374
2018-02-06 15:59:00,34.3800,34.2700,34.3100,34.2900,2541462,12630
2018-02-06 16:00:00,34.4800,34.2600,34.2900,34.4600,2566535,22257
2018-02-07 09:31:00,34.8000,34.2500,34.2800,34.6200,26442,23262
2018-02-07 09:32:00,34.5900,34.3800,34.5900,34.3800,32558,5982
2018-02-07 09:33:00,34.8200,34.3910,34.4700,34.8000,48326,15586
2018-02-07 09:34:00,34.8140,34.6212,34.7900,34.7900,58143,8719
2018-02-07 09:35:00,34.8800,34.6800,34.7900,34.8200,68308,9874
2018-02-07 09:36:00,34.8899,34.5000,34.8899,34.5100,79875,11150
2018-02-07 09:37:00,34.6799,34.3800,34.6100,34.6660,91729,10944
2018-02-07 09:38:00,34.7900,34.6700,34.6900,34.7700,99567,7600
2018-02-07 09:39:00,34.7899,34.4900,34.7700,34.5700,104923,5115
2018-02-07 09:40:00,34.6200,34.4500,34.5900,34.5300,108777,3612
2018-02-07 09:41:00,34.7899,34.5300,34.5400,34.7899,114337,5233
2018-02-07 09:42:00,34.7553,34.6600,34.7553,34.7003,117884,3547
2018-02-07 09:43:00,34.7400,34.6200,34.7000,34.6200,119859,1745
2018-02-07 09:44:00,34.5900,34.5700,34.5800,34.5700,121657,1600