2014-04-29 10:41:00,20.150,20.150,20.150,20.150,100,100
2014-05-01 09:51:00,20.100,20.100,20.100,20.100,2000,2000
2014-05-09 10:46:00,20.310,20.310,20.310,20.310,400,400
2014-05-09 10:47:00,20.310,20.310,20.310,20.310,800,400
2014-05-12 10:15:00,20.370,20.370,20.370,20.370,100,100
2014-05-12 11:00:00,20.370,20.370,20.370,20.370,1100,1000
2014-05-20 12:02:00,20.300,20.300,20.300,20.300,175,100
2014-05-21 10:13:00,20.310,20.310,20.310,20.310,100,100
2014-05-22 09:31:00,20.320,20.320,20.320,20.320,1100,1100
2014-05-22 15:34:00,20.300,20.300,20.300,20.300,1631,400
2014-05-23 09:31:00,20.380,20.380,20.380,20.380,20000,20000
2014-05-30 12:09:00,20.380,20.380,20.380,20.380,100,100
2014-05-30 14:59:00,20.360,20.360,20.360,20.360,1000,900
2014-06-03 09:31:00,20.570,20.570,20.570,20.570,1000,1000
2014-06-04 09:53:00,20.500,20.500,20.500,20.500,900,900
2014-06-05 10:13:00,20.540,20.540,20.540,20.540,100,100
2014-06-05 10:57:00,20.580,20.580,20.580,20.580,200,100
2014-06-05 15:04:00,20.680,20.680,20.680,20.680,900,700
2014-06-12 14:57:00,20.410,20.410,20.410,20.410,100,100
2014-06-16 11:07:00,20.420,20.420,20.420,20.420,300,300
2014-06-23 11:07:00,20.660,20.660,20.660,20.660,156,100
2014-06-23 15:05:00,20.580,20.580,20.580,20.580,331,100
2014-07-10 15:12:00,20.690,20.690,20.690,20.690,9726,9700
2014-07-15 10:49:00,20.700,20.700,20.700,20.700,185,100
2014-07-21 09:31:00,20.870,20.870,20.870,20.870,600,600
2014-07-29 11:41:00,20.860,20.860,20.860,20.860,400,400
2014-08-12 12:26:00,20.870,20.870,20.870,20.870,500,500
2014-08-22 10:18:00,21.180,21.180,21.180,21.180,170,100
2014-08-22 15:13:00,21.170,21.170,21.170,21.170,530,300
2014-08-25 10:35:00,21.160,21.160,21.160,21.160,200,200
2014-09-16 14:10:00,20.500,20.500,20.500,20.500,700,700
2014-09-18 09:48:00,20.500,20.500,20.500,20.500,700,700
2014-09-19 09:31:00,20.530,20.530,20.530,20.530,700,700
2014-09-23 10:30:00,20.270,20.270,20.270,20.270,200,200
2014-10-07 12:58:00,20.100,20.100,20.100,20.100,1500,1500
2014-10-07 13:12:00,20.090,20.090,20.090,20.090,2013,500
2014-10-07 13:52:00,20.070,20.070,20.070,20.070,2327,200
2014-10-08 10:19:00,20.010,20.010,20.010,20.010,675,600
2014-10-08 10:44:00,19.970,19.970,19.970,19.970,804,100
2014-10-10 10:51:00,20.140,20.140,20.140,20.140,550,500
2014-10-20 09:31:00,20.290,20.290,20.290,20.290,100,100
2014-10-21 15:16:00,20.610,20.610,20.610,20.610,200,200
2014-10-22 09:31:00,20.780,20.780,20.780,20.780,700,700
2014-10-29 10:03:00,20.850,20.850,20.850,20.850,160,100
2014-11-05 13:19:00,21.280,21.280,21.280,21.280,2300,2300
2014-11-05 14:42:00,21.240,21.240,21.240,21.240,2450,100
2014-11-06 14:24:00,21.120,21.120,21.120,21.120,300,300
2014-11-10 09:31:00,21.500,21.500,21.500,21.500,1900,1900
2014-11-10 10:36:00,20.970,20.970,20.970,20.970,2412,400
2014-11-18 12:24:00,20.830,20.830,20.830,20.830,200,200
2014-11-18 12:25:00,20.830,20.830,20.830,20.830,320,100
2014-11-19 10:45:00,20.760,20.760,20.760,20.760,200,200
2014-11-28 12:47:00,21.040,21.040,21.040,21.040,1831,1800
2014-11-28 15:59:00,21.090,21.090,21.090,21.090,1931,100
2014-12-01 09:44:00,20.950,20.950,20.950,20.950,1100,1100
2014-12-01 12:14:00,20.970,20.970,20.970,20.970,1700,600
2014-12-04 11:54:00,20.960,20.960,20.960,20.960,600,600
2014-12-04 15:23:00,20.950,20.950,20.950,20.950,790,100
2014-12-08 14:32:00,20.640,20.640,20.640,20.640,262,200
2014-12-11 13:11:00,20.600,20.600,20.600,20.600,500,500
2014-12-11 15:52:00,20.590,20.590,20.590,20.590,696,100
2014-12-12 10:29:00,20.510,20.510,20.510,20.510,189,100
2014-12-17 14:32:00,20.480,20.480,20.480,20.480,303,200
2014-12-17 15:47:00,20.500,20.500,20.500,20.500,785,400
2014-12-18 10:21:00,20.690,20.690,20.690,20.690,500,500
2014-12-19 09:40:00,20.500,20.500,20.500,20.500,100,100
2014-12-23 15:06:00,20.990,20.990,20.990,20.990,869,800
2014-12-23 15:43:00,21.000,21.000,21.000,21.000,1069,200
2014-12-23 15:49:00,21.000,21.000,21.000,21.000,1269,200
2014-12-30 13:29:00,21.090,21.090,21.090,21.090,284,200
2014-12-31 15:20:00,20.960,20.960,20.960,20.960,200,200
2015-01-02 10:52:00,20.960,20.960,20.960,20.960,195,100
2015-01-06 14:48:00,21.280,21.280,21.280,21.280,125,100
2015-01-09 11:33:00,21.660,21.660,21.660,21.660,200,200
2015-01-12 10:03:00,21.730,21.730,21.730,21.730,200,200
2015-01-19 09:31:00,22.170,22.170,22.170,22.170,100,100
2015-01-20 09:31:00,21.950,21.950,21.950,21.950,170,100
2015-01-20 10:49:00,22.000,22.000,22.000,22.000,1470,1300
2015-01-22 11:05:00,22.000,22.000,22.000,22.000,100,100
2015-01-23 11:23:00,22.480,22.480,22.480,22.480,200,200
2015-01-26 09:31:00,21.500,21.500,21.500,21.500,2500,2500
2015-01-26 12:44:00,22.450,22.450,22.450,22.450,2771,200
2015-01-28 13:18:00,22.550,22.550,22.550,22.550,370,300
2015-01-30 09:42:00,22.570,22.570,22.570,22.570,200,200
2015-02-02 15:06:00,22.170,22.170,22.170,22.170,193,100
2015-02-04 12:16:00,22.430,22.430,22.430,22.430,200,200
2015-02-06 13:07:00,22.300,22.300,22.300,22.300,167,100
2015-02-06 15:36:00,22.150,22.150,22.150,22.150,667,500
2015-02-09 12:17:00,22.020,22.020,22.020,22.020,196,100
2015-02-11 09:31:00,21.890,21.890,21.890,21.890,600,600
2015-02-11 14:26:00,22.010,22.010,22.010,22.010,780,100
2015-02-11 15:47:00,21.980,21.980,21.980,21.980,880,100
2015-02-13 12:23:00,22.070,22.070,22.070,22.070,286,200
2015-02-17 10:56:00,22.100,22.100,22.100,22.100,100,100
2015-02-17 14:53:00,22.020,22.020,22.020,22.020,284,100
2015-02-19 11:51:00,21.950,21.950,21.950,21.950,110,100
2015-02-23 12:04:00,22.130,22.130,22.130,22.130,123,100
2015-02-24 13:16:00,21.910,21.910,21.910,21.910,620,600
2015-02-25 11:55:00,21.900,21.900,21.900,21.900,165,100
2015-02-27 14:43:00,21.860,21.860,21.860,21.860,2000,2000
2015-03-02 09:55:00,21.980,21.980,21.980,21.980,131,100
2015-03-04 15:06:00,21.710,21.710,21.710,21.710,164,100
2015-03-09 09:31:00,21.520,21.520,21.520,21.520,500,500
2015-03-10 12:03:00,21.050,21.000,21.050,21.000,583,500
2015-03-12 11:38:00,21.320,21.320,21.320,21.320,400,400
2015-03-12 11:59:00,21.310,21.310,21.310,21.310,1195,600
2015-03-17 11:51:00,21.450,21.450,21.450,21.450,4378,4300
2015-03-23 10:00:00,22.280,22.280,22.280,22.280,200,200
2015-03-23 11:22:00,22.220,22.220,22.220,22.220,724,500
2015-03-23 15:38:00,22.220,22.220,22.220,22.220,1344,500
2015-03-31 10:29:00,22.020,22.020,22.020,22.020,100,100
2015-03-31 12:49:00,21.870,21.870,21.870,21.870,309,100
2015-04-02 14:58:00,22.030,22.030,22.030,22.030,145,100
2015-04-06 14:18:00,22.220,22.220,22.220,22.220,1000,1000
2015-04-07 14:33:00,22.040,22.040,22.040,22.040,1000,1000
2015-04-10 09:31:00,22.080,22.080,22.080,22.080,100,100
2015-04-14 13:35:00,21.760,21.760,21.760,21.760,300,300
2015-04-22 12:33:00,21.780,21.780,21.780,21.780,500,500
2015-04-23 11:30:00,21.700,21.700,21.700,21.700,100,100
2015-04-27 13:27:00,21.860,21.860,21.860,21.860,1119,1100
2015-04-29 10:17:00,21.750,21.750,21.750,21.750,100,100
2015-04-29 14:16:00,21.610,21.610,21.610,21.610,1100,1000
2015-05-12 09:32:00,20.870,20.870,20.870,20.870,8000,8000
2015-05-14 14:41:00,20.990,20.990,20.990,20.990,100,100
2015-05-14 15:19:00,21.050,21.050,21.050,21.050,2900,2800
2015-05-20 10:33:00,21.120,21.120,21.120,21.120,200,200
2015-05-20 10:38:00,21.140,21.140,21.140,21.140,344,100
2015-05-26 11:35:00,20.820,20.820,20.820,20.820,1825,1700
2015-05-29 11:48:00,20.690,20.690,20.690,20.690,100,100
2015-06-01 11:06:00,20.760,20.760,20.760,20.760,100,100
2015-06-04 11:06:00,20.580,20.580,20.580,20.580,2600,2600
2015-06-08 15:38:00,20.340,20.340,20.340,20.340,220,200
2015-06-10 14:34:00,20.340,20.320,20.340,20.320,400,400
2015-06-17 09:31:00,20.220,20.220,20.220,20.220,100,100
2015-06-23 15:18:00,20.590,20.590,20.590,20.590,100,100
2015-06-30 09:44:00,19.970,19.970,19.970,19.970,100,100
2015-06-30 10:24:00,19.920,19.920,19.920,19.920,351,200
2015-07-02 09:41:00,20.200,20.200,20.200,20.200,1000,1000
2015-07-02 11:45:00,20.220,20.220,20.220,20.220,1500,500
2015-07-10 15:02:00,20.400,20.400,20.400,20.400,100,100
2015-07-22 09:31:00,20.460,20.460,20.460,20.460,200,200
2015-07-22 10:11:00,20.670,20.660,20.660,20.670,445,200
2015-07-24 14:22:00,20.230,20.230,20.230,20.230,100,100
2015-07-29 10:14:00,19.910,19.910,19.910,19.910,200,200
2015-07-31 13:30:00,20.280,20.280,20.280,20.280,500,500
2015-08-04 10:26:00,20.320,20.320,20.320,20.320,100,100
2015-08-05 15:09:00,20.030,20.030,20.030,20.030,1000,1000
2015-08-12 15:30:00,20.010,20.010,20.010,20.010,100,100
2015-08-13 15:23:00,20.010,20.010,20.010,20.010,500,500
2015-08-25 11:33:00,18.970,18.970,18.970,18.970,213,100
2015-08-25 11:36:00,18.980,18.980,18.980,18.980,614,400
2015-08-25 12:10:00,18.980,18.980,18.980,18.980,1027,200
2015-08-25 15:27:00,18.900,18.900,18.900,18.900,1198,100
2015-08-26 12:50:00,18.710,18.710,18.710,18.710,185,100
2015-08-26 15:44:00,19.010,19.010,19.010,19.010,466,200
2015-08-28 09:31:00,19.110,19.110,19.110,19.110,100,100
2015-08-28 09:32:00,19.210,19.210,19.210,19.210,200,100
2015-08-31 09:42:00,19.160,19.160,19.160,19.160,100,100
2015-08-31 15:21:00,19.090,19.090,19.090,19.090,327,200
2015-09-01 15:24:00,18.840,18.840,18.840,18.840,193,100
2015-09-02 15:31:00,18.920,18.920,18.920,18.920,2289,2200
2015-09-04 14:09:00,18.770,18.770,18.770,18.770,160,100
2015-09-08 11:50:00,18.870,18.870,18.870,18.870,300,300
2015-09-11 09:50:00,18.760,18.760,18.760,18.760,15700,15700
2015-09-14 14:24:00,18.860,18.860,18.860,18.860,200,200
2015-09-17 10:18:00,19.150,19.150,19.150,19.150,2000,2000
2015-09-17 15:00:00,19.420,19.420,19.420,19.420,2265,100
2015-09-21 09:43:00,19.230,19.230,19.230,19.230,200,200
2015-09-21 14:40:00,19.340,19.340,19.340,19.340,305,100
2015-09-21 15:10:00,19.360,19.360,19.360,19.360,1214,900
2015-09-22 10:20:00,19.350,19.350,19.350,19.350,500,500
2015-09-22 14:40:00,19.310,19.310,19.310,19.310,784,100
2015-09-24 11:22:00,19.150,19.150,19.150,19.150,231,100
2015-10-05 15:51:00,19.560,19.560,19.560,19.560,199,100
2015-10-06 11:59:00,19.540,19.540,19.540,19.540,125,100
2015-10-07 09:31:00,19.380,19.370,19.380,19.370,8000,8000
2015-10-07 09:33:00,19.250,19.250,19.250,19.250,18000,10000
2015-10-07 09:35:00,19.400,19.400,19.400,19.400,18100,100
2015-10-09 09:42:00,19.820,19.820,19.820,19.820,700,700
2015-10-14 14:13:00,19.710,19.710,19.710,19.710,168,100
2015-10-14 14:57:00,19.700,19.700,19.700,19.700,314,100
2015-10-20 11:01:00,20.010,20.010,20.010,20.010,100,100
2015-10-22 12:24:00,20.050,20.050,20.050,20.050,129,100
2015-10-26 14:05:00,19.880,19.880,19.880,19.880,170,100
2015-10-28 09:40:00,19.740,19.740,19.740,19.740,300,300
2015-10-28 13:20:00,19.810,19.810,19.810,19.810,1300,1000
2015-10-28 14:16:00,19.630,19.630,19.630,19.630,11366,10000
2015-10-28 14:18:00,19.620,19.620,19.620,19.620,21366,10000
2015-10-30 10:45:00,19.760,19.760,19.760,19.760,600,600
2015-11-03 09:43:00,19.700,19.700,19.700,19.700,100,100
2015-11-03 11:53:00,19.730,19.730,19.730,19.730,228,100
2015-11-04 12:11:00,19.600,19.600,19.600,19.600,2500,2500
2015-11-06 10:13:00,19.510,19.510,19.510,19.510,300,300
2015-11-09 13:25:00,19.150,19.150,19.150,19.150,3703,3700
2015-11-10 15:22:00,19.070,19.070,19.070,19.070,220,100
2015-11-11 12:44:00,19.090,19.090,19.090,19.090,194,100
2015-11-27 10:28:00,19.330,19.330,19.330,19.330,1082,1000
2015-11-27 12:06:00,19.340,19.340,19.340,19.340,1738,500
2015-12-01 14:26:00,19.440,19.440,19.440,19.440,2302,2300
2015-12-01 14:55:00,19.450,19.450,19.450,19.450,2497,100
2015-12-02 14:50:00,19.190,19.190,19.190,19.190,235,200
2015-12-03 14:38:00,18.940,18.940,18.940,18.940,127,100
2015-12-03 15:46:00,18.910,18.910,18.910,18.910,727,600
2015-12-07 14:22:00,18.870,18.870,18.870,18.870,320,300
2015-12-09 14:52:00,18.650,18.650,18.650,18.650,2416,2400
2015-12-09 15:31:00,18.660,18.660,18.660,18.660,3321,800
2015-12-09 15:51:00,18.640,18.640,18.640,18.640,3421,100
2015-12-10 14:29:00,18.720,18.720,18.720,18.720,198,100
2015-12-11 09:51:00,18.450,18.450,18.450,18.450,700,700
2015-12-11 11:57:00,18.620,18.620,18.620,18.620,910,200
2015-12-14 09:31:00,18.730,18.730,18.730,18.730,200,200
2015-12-14 15:30:00,18.390,18.390,18.390,18.390,622,100
2015-12-15 14:37:00,18.720,18.720,18.720,18.720,274,200
2015-12-16 14:02:00,18.870,18.870,18.870,18.870,1600,1600
2015-12-16 14:08:00,18.850,18.850,18.850,18.850,1718,100
2015-12-16 14:37:00,18.900,18.900,18.900,18.900,2116,300
2015-12-17 09:55:00,18.940,18.940,18.940,18.940,100,100
2015-12-17 10:15:00,18.940,18.940,18.940,18.940,916,800
2015-12-17 15:38:00,18.960,18.960,18.960,18.960,1436,400
2015-12-18 12:33:00,18.830,18.830,18.830,18.830,277,200
2015-12-18 14:22:00,18.830,18.830,18.830,18.830,377,100
2015-12-21 12:01:00,18.830,18.830,18.830,18.830,225,100
2015-12-21 14:43:00,18.770,18.770,18.770,18.770,977,700
2015-12-23 14:40:00,19.050,19.050,19.050,19.050,1973,1900
2015-12-29 14:28:00,19.120,19.120,19.120,19.120,250,100
2015-12-30 14:51:00,19.180,19.180,19.180,19.180,700,700
2015-12-31 09:52:00,19.050,19.050,19.050,19.050,100,100
2016-01-06 09:46:00,18.950,18.950,18.950,18.950,300,300
2016-01-06 12:48:00,18.970,18.970,18.970,18.970,1925,1600
2016-01-07 15:26:00,18.530,18.530,18.530,18.530,179,100
2016-01-08 14:52:00,18.510,18.510,18.510,18.510,946,900
2016-01-11 15:20:00,18.360,18.360,18.360,18.360,892,600
2016-01-13 11:46:00,18.330,18.330,18.330,18.330,300,300
2016-01-13 15:05:00,18.100,18.100,18.100,18.100,593,200
2016-01-13 15:37:00,18.130,18.130,18.130,18.130,1501,900
2016-01-14 15:33:00,18.130,18.130,18.130,18.130,663,600
2016-01-15 13:40:00,17.820,17.820,17.820,17.820,635,500
2016-01-15 14:39:00,17.910,17.910,17.910,17.910,1471,700
2016-01-19 13:45:00,18.100,18.100,18.100,18.100,2249,2100
2016-01-19 13:49:00,18.090,18.090,18.090,18.090,2349,100
2016-01-19 13:51:00,18.080,18.080,18.080,18.080,4009,1600
2016-01-20 12:42:00,17.450,17.450,17.450,17.450,205,200
2016-01-20 14:09:00,17.590,17.590,17.590,17.590,7826,7600
2016-01-20 14:48:00,17.690,17.690,17.690,17.690,13541,5700
2016-01-20 15:47:00,17.940,17.940,17.940,17.940,14373,800
2016-01-21 14:05:00,17.960,17.960,17.960,17.960,1339,1300
2016-01-21 14:25:00,17.900,17.900,17.900,17.900,2442,1100
2016-01-22 09:48:00,18.170,18.170,18.170,18.170,100,100
2016-01-25 10:53:00,18.190,18.190,18.190,18.190,500,500
2016-01-25 14:36:00,18.260,18.260,18.260,18.260,2639,2100
2016-01-25 15:36:00,18.170,18.170,18.170,18.170,8456,5800
2016-01-26 14:24:00,18.400,18.400,18.400,18.400,1900,1900
2016-01-26 15:00:00,18.370,18.370,18.370,18.370,2116,100
2016-01-27 09:31:00,17.950,17.950,17.950,17.950,100,100
2016-01-27 15:23:00,18.150,18.150,18.150,18.150,767,600
2016-01-28 11:43:00,18.280,18.280,18.280,18.280,3800,3800
2016-01-28 12:02:00,18.260,18.260,18.260,18.260,6012,2100
2016-01-29 14:37:00,18.530,18.530,18.530,18.530,890,800
2016-02-01 11:10:00,18.500,18.500,18.500,18.500,238,200
2016-02-01 14:01:00,18.540,18.540,18.540,18.540,1735,1400
2016-02-02 09:51:00,18.300,18.300,18.300,18.300,200,200
2016-02-02 14:47:00,18.390,18.390,18.390,18.390,857,600
2016-02-03 12:45:00,18.470,18.470,18.470,18.470,1800,1800
2016-02-04 14:54:00,18.640,18.640,18.640,18.640,4428,4400
2016-02-05 11:16:00,18.590,18.590,18.590,18.590,1750,1600
2016-02-08 15:29:00,18.150,18.150,18.150,18.150,2411,2200
2016-02-09 15:53:00,17.880,17.880,17.880,17.880,1065,1000
2016-02-10 11:56:00,18.000,18.000,18.000,18.000,271,100
2016-02-10 12:05:00,18.040,18.040,18.040,18.040,1171,900
2016-02-11 14:21:00,17.550,17.550,17.550,17.550,1186,1100
2016-02-12 13:06:00,17.680,17.680,17.680,17.680,694,600
2016-02-16 13:15:00,18.010,18.010,18.010,18.010,124,100
2016-02-16 13:22:00,18.050,18.050,18.050,18.050,1862,1700
2016-02-17 11:09:00,18.360,18.360,18.360,18.360,133,100
2016-02-17 14:29:00,18.330,18.330,18.330,18.330,1225,1000
2016-02-18 14:45:00,18.590,18.590,18.590,18.590,1710,1600
2016-02-18 15:40:00,18.550,18.550,18.550,18.550,2063,300
2016-02-19 11:01:00,18.560,18.560,18.560,18.560,1538,1300
2016-02-22 09:31:00,18.560,18.560,18.560,18.560,700,700
2016-02-22 11:54:00,18.760,18.760,18.760,18.760,875,100
2016-02-22 12:15:00,18.800,18.800,18.800,18.800,3293,2300
2016-02-23 09:38:00,18.780,18.780,18.780,18.780,100,100
2016-02-23 14:50:00,18.720,18.700,18.700,18.720,1958,1800
2016-02-24 14:39:00,18.770,18.770,18.770,18.770,154,100
2016-02-26 09:31:00,19.140,19.140,19.140,19.140,200,200
2016-02-26 13:18:00,18.960,18.960,18.960,18.960,2996,2700
2016-02-29 12:25:00,19.010,19.010,19.010,19.010,3600,3600
2016-03-01 11:51:00,19.110,19.110,19.110,19.110,2911,2900
2016-03-02 11:26:00,19.280,19.280,19.280,19.280,206,200
2016-03-02 11:33:00,19.330,19.330,19.330,19.330,3606,3400
2016-03-03 12:56:00,19.420,19.420,19.420,19.420,213,100
2016-03-03 12:59:00,19.420,19.420,19.420,19.420,475,200
2016-03-03 13:04:00,19.460,19.460,19.460,19.460,2494,2000
2016-03-03 15:57:00,19.500,19.500,19.500,19.500,2605,100
2016-03-04 10:12:00,19.540,19.540,19.540,19.540,115,100
2016-03-04 11:33:00,19.570,19.570,19.570,19.570,1309,1100
2016-03-07 09:31:00,19.240,19.240,19.240,19.240,200,200
2016-03-07 12:53:00,19.630,19.630,19.630,19.630,1850,1600
2016-03-07 15:25:00,19.580,19.580,19.580,19.580,1950,100
2016-03-08 10:57:00,19.500,19.500,19.500,19.500,136,100
2016-03-08 13:31:00,19.520,19.520,19.520,19.520,933,700
2016-03-09 13:34:00,19.690,19.690,19.690,19.690,2208,2100
2016-03-10 09:31:00,19.610,19.610,19.610,19.610,500,500
2016-03-10 12:37:00,19.470,19.470,19.470,19.470,1363,800
2016-03-11 14:16:00,19.780,19.780,19.780,19.780,500,500
2016-03-11 14:20:00,19.810,19.810,19.810,19.810,1300,800
2016-03-11 15:58:00,19.810,19.810,19.810,19.810,1400,100
2016-03-14 12:34:00,19.830,19.830,19.830,19.830,1360,1300
2016-03-15 12:26:00,19.760,19.760,19.760,19.760,1300,1300
2016-03-15 13:59:00,19.850,19.850,19.850,19.850,1800,500
2016-03-16 10:03:00,19.830,19.830,19.830,19.830,127,100
2016-03-16 13:46:00,20.000,20.000,20.000,20.000,1927,1800
2016-03-17 11:16:00,20.250,20.250,20.250,20.250,100,100
2016-03-17 12:54:00,20.360,20.360,20.360,20.360,2183,2000
2016-03-18 14:32:00,20.200,20.200,20.200,20.200,2319,2300
2016-03-21 14:41:00,20.130,20.130,20.130,20.130,267,200
2016-03-21 15:40:00,20.150,20.150,20.150,20.150,3584,3300
2016-03-22 11:46:00,20.110,20.110,20.110,20.110,232,100
2016-03-22 12:08:00,20.100,20.100,20.100,20.100,354,100
2016-03-22 15:42:00,20.110,20.110,20.110,20.110,1942,1500
2016-03-23 10:58:00,19.940,19.940,19.940,19.940,400,400
2016-03-23 14:57:00,19.970,19.970,19.970,19.970,2713,2200
2016-03-29 12:24:00,20.000,20.000,20.000,20.000,400,400
2016-03-29 13:08:00,20.000,20.000,20.000,20.000,600,200
2016-03-29 15:48:00,20.120,20.120,20.120,20.120,3369,2600
2016-03-31 12:41:00,20.230,20.230,20.230,20.230,4100,4100
2016-03-31 15:48:00,20.300,20.300,20.300,20.300,6905,2600
2016-04-01 09:31:00,20.060,20.060,20.060,20.060,100,100
2016-04-01 09:47:00,20.180,20.180,20.180,20.180,991,800
2016-04-01 10:16:00,20.200,20.200,20.200,20.200,1191,200
2016-04-01 15:42:00,20.330,20.330,20.330,20.330,1405,100
2016-04-01 15:50:00,20.340,20.340,20.340,20.340,1529,100
2016-04-04 14:41:00,20.230,20.230,20.230,20.230,323,100
2016-04-06 15:05:00,20.230,20.230,20.230,20.230,6733,6600
2016-04-08 11:40:00,20.160,20.160,20.160,20.160,100,100
2016-04-08 13:50:00,20.250,20.240,20.240,20.250,4745,4400
2016-04-13 09:31:00,20.750,20.750,20.750,20.750,100,100
2016-04-13 10:38:00,20.320,20.320,20.320,20.320,706,600
2016-04-13 15:33:00,20.400,20.400,20.400,20.400,4914,4100
2016-04-13 15:56:00,20.350,20.350,20.350,20.350,5038,100
2016-04-14 10:10:00,20.320,20.320,20.320,20.320,176,100
2016-04-15 14:15:00,20.480,20.480,20.480,20.480,202,200
2016-04-18 09:35:00,20.500,20.500,20.500,20.500,400,400
2016-04-19 10:58:00,20.600,20.600,20.600,20.600,300,300
2016-04-19 15:43:00,20.610,20.610,20.610,20.610,8362,7900
2016-04-20 09:31:00,20.660,20.660,20.660,20.660,200,200
2016-04-20 15:57:00,20.430,20.430,20.430,20.430,468,200
2016-04-21 13:50:00,20.110,20.110,20.110,20.110,100,100
2016-04-21 14:54:00,20.070,20.070,20.070,20.070,3200,3100
2016-04-22 10:15:00,20.180,20.180,20.180,20.180,105,100
2016-04-22 14:30:00,20.140,20.140,20.140,20.140,1768,1600
2016-04-22 15:42:00,20.080,20.080,20.080,20.080,1968,200
2016-04-25 10:04:00,20.100,20.100,20.100,20.100,100,100
2016-04-25 15:05:00,20.240,20.240,20.240,20.240,2605,2500
2016-04-25 15:45:00,20.230,20.230,20.230,20.230,2705,100
2016-04-26 10:39:00,20.310,20.310,20.310,20.310,200,200
2016-04-26 15:12:00,20.310,20.310,20.310,20.310,3919,3500
2016-04-28 11:32:00,20.350,20.350,20.350,20.350,666,600
2016-04-28 15:41:00,20.295,20.295,20.295,20.295,954,100
2016-04-29 12:14:00,20.110,20.110,20.110,20.110,100,100
2016-05-04 11:10:00,20.370,20.370,20.370,20.370,200,200
2016-05-04 15:03:00,20.450,20.450,20.450,20.450,6993,6600
2016-05-04 15:56:00,20.440,20.440,20.440,20.440,8965,1900
2016-05-05 09:46:00,20.410,20.410,20.410,20.410,100,100
2016-05-06 11:37:00,20.550,20.550,20.550,20.550,1200,1200
2016-05-06 15:29:00,20.690,20.690,20.690,20.690,6300,5100
2016-05-09 09:33:00,20.700,20.700,20.700,20.700,1000,1000
2016-05-09 12:09:00,20.890,20.890,20.890,20.890,7900,6900
2016-05-09 15:17:00,20.950,20.950,20.950,20.950,10371,2400
2016-05-10 10:16:00,21.020,21.020,21.020,21.020,300,300
2016-05-10 11:08:00,21.040,21.040,21.040,21.040,727,300
2016-05-10 14:20:00,21.030,21.030,21.030,21.030,4227,3500
2016-05-11 13:49:00,20.930,20.930,20.930,20.930,2921,2900
2016-05-11 15:05:00,20.850,20.850,20.850,20.850,3221,300
2016-05-12 13:57:00,20.830,20.830,20.830,20.830,3602,3600
2016-05-13 12:36:00,20.820,20.820,20.820,20.820,2775,2700
2016-05-13 15:13:00,20.710,20.710,20.710,20.710,3575,800
2016-05-16 11:04:00,20.880,20.880,20.880,20.880,595,500
2016-05-17 12:28:00,20.800,20.800,20.800,20.800,4500,4500
2016-05-18 12:27:00,20.550,20.550,20.550,20.550,2500,2500
2016-05-19 11:58:00,20.130,20.130,20.130,20.130,200,200
2016-05-20 10:45:00,20.440,20.440,20.440,20.440,161,100
2016-05-20 11:14:00,20.470,20.470,20.470,20.470,261,100
2016-05-24 13:39:00,20.560,20.560,20.560,20.560,2003,2000
2016-05-25 09:51:00,20.440,20.440,20.440,20.440,100,100
2016-05-25 12:29:00,20.510,20.510,20.510,20.510,1604,1500
2016-05-25 14:18:00,20.540,20.540,20.540,20.540,2104,500
2016-05-26 09:46:00,20.530,20.530,20.530,20.530,100,100
2016-05-26 13:02:00,20.610,20.610,20.610,20.610,300,200
2016-05-26 13:07:00,20.610,20.610,20.610,20.610,8300,8000
2016-05-26 13:08:00,20.610,20.610,20.610,20.610,11300,3000
2016-05-26 13:09:00,20.610,20.610,20.610,20.610,21900,10600
2016-05-26 13:14:00,20.610,20.610,20.610,20.610,23300,1400
2016-05-26 13:16:00,20.610,20.610,20.610,20.610,27400,4100
2016-05-26 13:22:00,20.610,20.610,20.610,20.610,37400,10000
2016-05-26 14:14:00,20.630,20.630,20.630,20.630,40456,2900
2016-05-27 11:09:00,20.620,20.620,20.620,20.620,2510,2500
2016-05-31 11:12:00,20.620,20.620,20.620,20.620,200,200
2016-05-31 12:48:00,20.640,20.640,20.640,20.640,595,300
2016-05-31 13:18:00,20.610,20.610,20.610,20.610,1095,500
2016-05-31 15:18:00,20.520,20.520,20.520,20.520,1612,400
2016-06-01 13:45:00,20.530,20.530,20.530,20.530,201,200
2016-06-01 13:59:00,20.520,20.520,20.520,20.520,2501,2300
2016-06-01 14:43:00,20.560,20.560,20.560,20.560,2601,100
2016-06-02 12:11:00,20.680,20.680,20.680,20.680,1337,1100
2016-06-03 13:28:00,20.790,20.790,20.790,20.790,1085,1000
2016-06-03 13:33:00,20.830,20.830,20.830,20.830,7552,6400
2016-06-03 15:45:00,20.830,20.830,20.830,20.830,7784,100
2016-06-06 09:31:00,21.060,21.060,21.060,21.060,200,200
2016-06-06 12:48:00,20.780,20.780,20.780,20.780,3755,3400
2016-06-06 15:12:00,20.830,20.830,20.830,20.830,3915,100
2016-06-06 15:50:00,20.810,20.810,20.810,20.810,4644,700
2016-06-07 09:31:00,20.950,20.880,20.950,20.880,373,300
2016-06-07 11:59:00,20.880,20.880,20.880,20.880,2454,2000
2016-06-07 15:15:00,20.900,20.900,20.900,20.900,2708,100
2016-06-08 12:13:00,21.060,21.060,21.060,21.060,3767,3700
2016-06-08 14:38:00,21.080,21.080,21.080,21.080,4072,300
2016-06-08 15:30:00,21.070,21.070,21.070,21.070,4172,100
2016-06-08 15:48:00,21.100,21.100,21.100,21.100,5131,900
2016-06-08 16:00:00,21.090,21.090,21.090,21.090,5231,100
2016-06-09 15:12:00,20.990,20.990,20.990,20.990,139,100
2016-06-09 15:59:00,21.020,21.020,21.020,21.020,242,100
2016-06-10 11:24:00,21.070,21.070,21.070,21.070,208,200
2016-06-10 12:05:00,21.080,21.050,21.050,21.080,6008,5800
2016-06-10 15:58:00,21.020,21.020,21.020,21.020,6220,200
2016-06-13 09:49:00,21.030,21.030,21.030,21.030,100,100
2016-06-13 11:47:00,20.960,20.960,20.960,20.960,320,200
2016-06-14 10:54:00,20.850,20.850,20.850,20.850,1200,1200
2016-06-14 12:25:00,20.890,20.890,20.890,20.890,5078,3700
2016-06-14 12:47:00,20.840,20.840,20.840,20.840,5178,100
2016-06-14 15:41:00,20.840,20.840,20.840,20.840,5378,200
2016-06-15 12:21:00,20.970,20.970,20.970,20.970,1110,1100
2016-06-16 14:31:00,20.870,20.870,20.870,20.870,7263,7100
2016-06-17 12:06:00,20.900,20.900,20.900,20.900,3410,3400
2016-06-20 09:32:00,20.940,20.940,20.940,20.940,100,100
2016-06-20 09:38:00,21.040,21.040,21.040,21.040,200,100
2016-06-20 12:28:00,20.990,20.990,20.990,20.990,2300,2100
2016-06-20 15:12:00,21.060,21.060,21.060,21.060,2600,300
2016-06-21 09:31:00,21.220,21.220,21.220,21.220,1000,1000
2016-06-21 09:35:00,21.010,21.010,21.010,21.010,1131,100
2016-06-21 09:52:00,21.050,21.050,21.050,21.050,1231,100
2016-06-21 11:09:00,21.110,21.110,21.110,21.110,1356,100
2016-06-21 11:31:00,21.080,21.080,21.080,21.080,1518,100
2016-06-22 09:31:00,21.070,21.070,21.070,21.070,100,100
2016-06-22 12:26:00,21.040,21.040,21.040,21.040,5000,4900
2016-06-23 12:50:00,21.100,21.100,21.100,21.100,3624,3600
2016-06-23 13:44:00,21.090,21.090,21.090,21.090,3724,100
2016-06-23 14:47:00,21.090,21.090,21.090,21.090,3824,100
2016-06-24 12:58:00,21.100,21.100,21.100,21.100,180,100
2016-06-24 13:46:00,21.090,21.090,21.090,21.090,5447,5200
2016-06-24 15:31:00,21.050,21.050,21.050,21.050,5733,100
2016-06-27 11:51:00,20.880,20.880,20.880,20.880,2941,2900
2016-06-28 11:55:00,21.110,21.110,21.110,21.110,3398,3300
2016-06-28 12:38:00,21.090,21.070,21.090,21.070,3598,200
2016-06-28 15:01:00,21.180,21.180,21.180,21.180,3785,100
2016-06-29 12:34:00,21.470,21.440,21.440,21.470,3277,3100
2016-06-30 10:19:00,21.420,21.420,21.420,21.420,182,100
2016-06-30 12:52:00,21.530,21.530,21.530,21.530,1841,1600
2016-07-04 11:53:00,21.530,21.530,21.530,21.530,100,100
2016-07-05 09:37:00,21.600,21.600,21.600,21.600,1200,1200
2016-07-05 10:42:00,21.640,21.640,21.640,21.640,1302,100
2016-07-05 12:49:00,21.610,21.610,21.610,21.610,9257,7800
2016-07-05 13:52:00,21.580,21.580,21.580,21.580,9457,200
2016-07-05 14:03:00,21.590,21.590,21.590,21.590,9557,100
2016-07-05 14:10:00,21.640,21.640,21.640,21.640,9757,200
2016-07-06 10:17:00,21.630,21.630,21.630,21.630,100,100
2016-07-06 11:47:00,21.700,21.700,21.700,21.700,384,200
2016-07-06 12:06:00,21.730,21.700,21.700,21.730,3315,2900
2016-07-06 15:39:00,21.800,21.800,21.800,21.800,3945,500
2016-07-07 09:31:00,21.780,21.780,21.780,21.780,100,100
2016-07-07 10:28:00,21.670,21.670,21.670,21.670,459,300
2016-07-07 10:30:00,21.690,21.690,21.690,21.690,659,200
2016-07-07 11:28:00,21.680,21.680,21.680,21.680,1061,400
2016-07-07 12:11:00,21.680,21.680,21.680,21.680,3861,2800
2016-07-07 15:06:00,21.640,21.640,21.640,21.640,4100,200
2016-07-08 12:10:00,21.920,21.920,21.920,21.920,1166,1100
2016-07-11 12:36:00,22.060,22.060,22.060,22.060,2259,2200
2016-07-12 09:31:00,22.150,22.150,22.150,22.150,100,100
2016-07-12 12:16:00,22.080,22.080,22.080,22.080,800,700
2016-07-12 13:24:00,22.080,22.080,22.080,22.080,1200,400
2016-07-13 12:14:00,22.070,22.070,22.070,22.070,4003,4000
2016-07-13 13:35:00,22.060,22.060,22.060,22.060,14003,10000
2016-07-13 14:33:00,22.070,22.060,22.070,22.060,14532,200
2016-07-13 14:41:00,22.100,22.100,22.100,22.100,17232,2700
2016-07-13 15:30:00,22.110,22.110,22.110,22.110,17469,100
2016-07-14 12:03:00,22.120,22.120,22.120,22.120,200,200
2016-07-14 12:15:00,22.120,22.120,22.120,22.120,4440,4200
2016-07-14 13:24:00,22.040,22.040,22.040,22.040,4795,300
2016-07-14 14:43:00,22.030,22.030,22.030,22.030,5115,300
2016-07-14 14:59:00,22.020,22.020,22.020,22.020,5335,200
2016-07-14 15:28:00,22.010,22.010,22.010,22.010,5735,400
2016-07-14 15:48:00,22.020,22.020,22.020,22.020,6035,300
2016-07-15 09:31:00,22.110,22.110,22.110,22.110,300,300
2016-07-15 09:32:00,22.010,22.000,22.010,22.000,1902,1500
2016-07-15 10:54:00,21.980,21.980,21.980,21.980,2452,500
2016-07-15 10:55:00,21.980,21.980,21.980,21.980,2852,400
2016-07-15 11:26:00,21.960,21.960,21.960,21.960,3432,500
2016-07-15 11:43:00,21.950,21.950,21.950,21.950,3552,100
2016-07-15 12:03:00,21.940,21.940,21.940,21.940,3772,100
2016-07-15 12:13:00,21.940,21.940,21.940,21.940,6482,2700
2016-07-18 11:44:00,22.000,21.990,22.000,21.990,278,200
2016-07-18 12:53:00,22.050,22.050,22.050,22.050,3717,3300
2016-07-18 13:09:00,22.060,22.060,22.060,22.060,6117,2400
2016-07-19 11:03:00,22.100,22.100,22.100,22.100,143,100
2016-07-19 11:41:00,22.120,22.120,22.120,22.120,543,200
2016-07-19 11:47:00,22.110,22.110,22.110,22.110,723,100
2016-07-19 12:09:00,22.130,22.130,22.130,22.130,873,100
2016-07-19 12:23:00,22.140,22.140,22.140,22.140,1013,100
2016-07-19 12:48:00,22.160,22.160,22.160,22.160,2863,1800
2016-07-20 09:31:00,22.350,22.270,22.350,22.270,4600,4600
2016-07-20 09:32:00,22.250,22.250,22.250,22.250,5700,1100
2016-07-20 09:33:00,22.220,22.220,22.220,22.220,8000,2300
2016-07-20 09:45:00,22.190,22.190,22.190,22.190,8100,100
2016-07-20 12:02:00,22.220,22.220,22.220,22.220,8237,100
2016-07-20 12:24:00,22.230,22.230,22.230,22.230,10417,2100
2016-07-20 13:35:00,22.190,22.190,22.190,22.190,10517,100
2016-07-20 13:58:00,22.200,22.200,22.200,22.200,10657,100
2016-07-20 14:09:00,22.200,22.200,22.200,22.200,10767,100
2016-07-20 14:42:00,22.200,22.200,22.200,22.200,11077,200
2016-07-21 09:32:00,22.240,22.230,22.230,22.240,200,200
2016-07-21 09:36:00,22.210,22.210,22.210,22.210,1200,1000
2016-07-21 10:47:00,22.280,22.280,22.280,22.280,11302,10100
2016-07-21 11:02:00,22.300,22.300,22.300,22.300,12602,1300
2016-07-21 11:20:00,22.320,22.320,22.320,22.320,13052,400
2016-07-21 11:26:00,22.320,22.320,22.320,22.320,15052,2000
2016-07-21 11:49:00,22.280,22.280,22.280,22.280,17452,2400
2016-07-22 10:16:00,22.300,22.300,22.300,22.300,700,700
2016-07-22 12:11:00,22.390,22.390,22.390,22.390,3755,3000
2016-07-22 15:34:00,22.390,22.390,22.390,22.390,3857,100
2016-07-22 15:46:00,22.380,22.380,22.380,22.380,6557,2700
2016-07-25 11:52:00,22.370,22.370,22.370,22.370,215,200
2016-07-25 13:01:00,22.410,22.410,22.410,22.410,2415,2200
2016-07-26 09:31:00,22.610,22.610,22.610,22.610,100,100
2016-07-26 12:04:00,22.320,22.320,22.320,22.320,5571,5300
2016-07-26 12:58:00,22.330,22.330,22.330,22.330,6871,1300
2016-07-26 15:19:00,22.310,22.310,22.310,22.310,8248,1300
2016-07-27 10:43:00,22.180,22.180,22.180,22.180,1000,1000
2016-07-27 11:43:00,22.130,22.130,22.130,22.130,1138,100
2016-07-27 11:47:00,22.120,22.120,22.120,22.120,1838,700
2016-07-27 11:50:00,22.120,22.120,22.120,22.120,3238,1400
2016-07-28 09:32:00,22.090,22.090,22.090,22.090,100,100
2016-07-28 12:14:00,22.170,22.170,22.170,22.170,5800,5700
2016-07-28 15:12:00,22.250,22.250,22.250,22.250,6100,300
2016-07-28 15:26:00,22.250,22.250,22.250,22.250,6200,100
2016-07-29 12:13:00,22.440,22.440,22.440,22.440,2421,2400
2016-07-29 14:57:00,22.440,22.440,22.440,22.440,3148,700
2016-07-29 15:16:00,22.420,22.420,22.420,22.420,3248,100
2016-07-29 15:39:00,22.410,22.410,22.410,22.410,3448,200
2016-08-02 12:13:00,22.260,22.260,22.260,22.260,4556,4500
2016-08-03 09:31:00,22.380,22.380,22.380,22.380,500,500
2016-08-03 12:01:00,22.150,22.150,22.150,22.150,3185,2600
2016-08-03 14:47:00,22.090,22.090,22.090,22.090,4085,900
2016-08-04 10:29:00,22.070,22.070,22.070,22.070,455,400
2016-08-04 12:12:00,22.080,22.080,22.080,22.080,2655,2200
2016-08-04 12:45:00,22.060,22.060,22.060,22.060,2755,100
2016-08-04 14:30:00,22.070,22.070,22.070,22.070,2855,100
2016-08-04 14:32:00,22.060,22.060,22.060,22.060,3040,100
2016-08-04 15:16:00,22.050,22.050,22.050,22.050,3140,100
2016-08-05 12:08:00,22.180,22.170,22.170,22.180,2400,2400
2016-08-05 12:30:00,22.200,22.200,22.200,22.200,5201,2800
2016-08-08 09:31:00,22.480,22.480,22.480,22.480,400,400
2016-08-08 13:04:00,22.160,22.160,22.160,22.160,3406,3000
2016-08-08 15:08:00,22.150,22.150,22.150,22.150,3612,100
2016-08-08 15:10:00,22.140,22.130,22.140,22.130,3912,300
2016-08-08 15:28:00,22.150,22.150,22.150,22.150,4212,300
2016-08-08 15:49:00,22.140,22.130,22.140,22.130,5172,900
2016-08-08 15:50:00,22.110,22.110,22.110,22.110,5472,300
2016-08-08 15:52:00,22.140,22.140,22.140,22.140,6374,900
2016-08-09 09:56:00,22.170,22.170,22.170,22.170,1100,1100
2016-08-09 10:23:00,22.120,22.120,22.120,22.120,1602,500
2016-08-09 10:41:00,22.150,22.150,22.150,22.150,2502,900
2016-08-09 13:08:00,22.100,22.100,22.100,22.100,4502,2000
2016-08-10 10:40:00,22.100,22.100,22.100,22.100,620,600
2016-08-10 12:00:00,22.000,22.000,22.000,22.000,745,100
2016-08-10 13:31:00,22.010,22.010,22.010,22.010,3145,2400
2016-08-10 15:38:00,21.980,21.980,21.980,21.980,3269,100
2016-08-11 11:53:00,21.800,21.800,21.800,21.800,1200,1200
2016-08-11 12:40:00,21.750,21.750,21.750,21.750,1600,400
2016-08-11 13:05:00,21.770,21.770,21.770,21.770,4100,2500
2016-08-11 14:23:00,21.750,21.750,21.750,21.750,5000,900
2016-08-11 14:25:00,21.720,21.710,21.720,21.710,14600,9600
2016-08-11 15:13:00,21.710,21.710,21.710,21.710,14900,300
2016-08-12 12:32:00,21.760,21.760,21.760,21.760,3646,3600
2016-08-12 15:25:00,21.750,21.750,21.750,21.750,3871,200
2016-08-15 09:49:00,21.840,21.840,21.840,21.840,300,300
2016-08-15 12:54:00,21.880,21.880,21.880,21.880,5258,4900
2016-08-16 09:31:00,21.820,21.810,21.810,21.820,200,200
2016-08-16 11:12:00,21.650,21.650,21.650,21.650,2726,2500
2016-08-16 12:11:00,21.640,21.640,21.640,21.640,6126,3400
2016-08-17 12:06:00,21.540,21.540,21.540,21.540,5368,5200
2016-08-17 14:01:00,21.600,21.600,21.600,21.600,5533,100
2016-08-18 11:43:00,21.500,21.500,21.500,21.500,153,100
2016-08-18 11:58:00,21.330,21.330,21.330,21.330,3653,3500
2016-08-18 12:44:00,21.000,21.000,21.000,21.000,4353,700
2016-08-18 15:19:00,21.150,21.150,21.150,21.150,5103,700
2016-08-18 15:58:00,21.130,21.130,21.130,21.130,5203,100
2016-08-19 12:39:00,21.260,21.260,21.260,21.260,2932,2900
2016-08-19 12:53:00,21.230,21.230,21.230,21.230,3632,700
2016-08-19 13:15:00,21.220,21.220,21.220,21.220,3732,100
2016-08-19 13:45:00,21.270,21.270,21.270,21.270,9232,5500
2016-08-19 15:41:00,21.250,21.250,21.250,21.250,10032,800
2016-08-22 13:12:00,21.420,21.420,21.420,21.420,192,100
2016-08-22 13:36:00,21.420,21.420,21.420,21.420,5335,5100
2016-08-22 15:34:00,21.410,21.410,21.410,21.410,7635,2300
2016-08-23 12:10:00,21.540,21.540,21.540,21.540,2154,2100
2016-08-23 15:01:00,21.550,21.550,21.550,21.550,2289,100
2016-08-24 09:37:00,21.450,21.450,21.450,21.450,1501,1500
2016-08-24 10:31:00,21.380,21.380,21.380,21.380,1602,100
2016-08-24 11:54:00,21.380,21.380,21.380,21.380,6202,4600
2016-08-25 10:23:00,21.430,21.430,21.430,21.430,200,200
2016-08-25 12:20:00,21.420,21.420,21.420,21.420,3000,2800
2016-08-25 13:00:00,21.420,21.420,21.420,21.420,3100,100
2016-08-26 12:34:00,21.350,21.350,21.350,21.350,3757,3700
2016-08-29 09:34:00,21.320,21.320,21.320,21.320,100,100
2016-08-29 09:48:00,21.420,21.420,21.420,21.420,200,100
2016-08-29 11:30:00,21.340,21.340,21.340,21.340,300,100
2016-08-29 12:11:00,21.360,21.360,21.360,21.360,2827,2400
2016-08-29 12:44:00,21.330,21.330,21.330,21.330,3127,300
2016-08-29 14:38:00,21.250,21.250,21.250,21.250,12291,9100
2016-08-30 10:56:00,21.200,21.200,21.200,21.200,152,100
2016-08-30 11:18:00,21.200,21.200,21.200,21.200,4092,3900
2016-08-30 11:48:00,21.200,21.180,21.180,21.200,7612,3400
2016-08-30 12:19:00,21.170,21.170,21.170,21.170,7772,100
2016-08-30 13:52:00,21.160,21.160,21.160,21.160,7935,100
2016-08-30 14:06:00,21.160,21.160,21.160,21.160,8335,400
2016-08-30 14:44:00,21.130,21.130,21.130,21.130,8665,300
2016-08-31 10:55:00,21.150,21.150,21.150,21.150,121,100
2016-08-31 11:56:00,21.160,21.160,21.160,21.160,5634,5300
2016-08-31 12:01:00,21.150,21.150,21.150,21.150,7734,2100
2016-08-31 15:16:00,21.080,21.080,21.080,21.080,8034,300
2016-08-31 15:35:00,21.120,21.120,21.120,21.120,8214,100
2016-09-01 11:38:00,21.020,21.020,21.020,21.020,470,200
2016-09-01 11:46:00,21.020,21.020,21.020,21.020,830,300
2016-09-01 12:35:00,21.040,21.040,21.040,21.040,1030,200
2016-09-01 13:35:00,21.040,21.040,21.040,21.040,1260,100
2016-09-01 13:38:00,21.070,21.070,21.070,21.070,8260,7000
2016-09-02 12:16:00,21.250,21.250,21.250,21.250,2428,2300
2016-09-02 12:53:00,21.210,21.210,21.210,21.210,2728,100
2016-09-02 12:54:00,21.220,21.220,21.220,21.220,2828,100
2016-09-02 14:04:00,21.220,21.220,21.220,21.220,3067,100
2016-09-02 14:09:00,21.240,21.240,21.240,21.240,4467,1400
2016-09-02 15:30:00,21.240,21.240,21.240,21.240,4567,100
2016-09-02 15:39:00,21.240,21.240,21.240,21.240,4767,200
2016-09-06 13:00:00,21.330,21.330,21.330,21.330,5520,5500
2016-09-06 14:20:00,21.310,21.310,21.310,21.310,6120,600
2016-09-06 15:33:00,21.330,21.330,21.330,21.330,9101,2900
2016-09-07 12:03:00,21.440,21.440,21.440,21.440,3529,3500
2016-09-08 12:01:00,21.420,21.420,21.420,21.420,5823,5800
2016-09-09 10:29:00,21.010,21.010,21.010,21.010,100,100
2016-09-09 12:46:00,20.930,20.930,20.930,20.930,6100,6000
2016-09-09 13:44:00,20.850,20.850,20.850,20.850,6600,500
2016-09-09 14:03:00,20.840,20.840,20.840,20.840,7000,400
2016-09-09 14:33:00,20.800,20.800,20.800,20.800,7500,500
2016-09-12 09:31:00,20.750,20.750,20.750,20.750,100,100
2016-09-12 12:47:00,20.770,20.770,20.770,20.770,7775,7600
2016-09-12 14:24:00,20.910,20.910,20.910,20.910,13702,5900
2016-09-13 12:56:00,20.430,20.430,20.430,20.430,186,100
2016-09-13 12:57:00,20.420,20.420,20.420,20.420,1186,1000
2016-09-13 13:10:00,20.380,20.380,20.380,20.380,1493,300
2016-09-14 12:23:00,20.520,20.520,20.520,20.520,3034,2900
2016-09-14 14:28:00,20.440,20.440,20.440,20.440,3334,300
2016-09-15 11:48:00,20.480,20.480,20.480,20.480,176,100
2016-09-15 11:58:00,20.490,20.490,20.490,20.490,6675,6400
2016-09-15 11:59:00,20.490,20.490,20.490,20.490,7875,1200
2016-09-16 09:31:00,20.750,20.750,20.750,20.750,200,200
2016-09-16 09:52:00,20.400,20.400,20.400,20.400,400,200
2016-09-16 12:01:00,20.420,20.420,20.420,20.420,502,100
2016-09-16 12:44:00,20.430,20.430,20.430,20.430,6882,6300
2016-09-19 11:17:00,20.600,20.600,20.600,20.600,100,100
2016-09-19 11:55:00,20.640,20.640,20.640,20.640,2403,2300
2016-09-19 12:15:00,20.620,20.620,20.620,20.620,2503,100
2016-09-20 12:25:00,20.660,20.660,20.660,20.660,4236,4000
2016-09-20 12:43:00,20.650,20.650,20.650,20.650,4336,100
2016-09-20 12:49:00,20.660,20.660,20.660,20.660,4436,100
2016-09-21 10:58:00,20.580,20.580,20.580,20.580,807,800
2016-09-21 11:57:00,20.550,20.550,20.550,20.550,3907,3100
2016-09-22 09:57:00,20.940,20.940,20.940,20.940,500,500
2016-09-22 12:33:00,21.020,21.020,21.020,21.020,5436,4800
2016-09-23 11:22:00,21.000,21.000,21.000,21.000,164,100
2016-09-26 09:31:00,20.750,20.750,20.750,20.750,100,100
2016-09-26 13:27:00,21.010,21.010,21.010,21.010,295,100
2016-09-27 09:39:00,21.200,21.200,21.200,21.200,100,100
2016-09-27 09:40:00,21.100,21.000,21.100,21.000,300,200
2016-09-27 11:52:00,20.950,20.940,20.940,20.950,800,500
2016-09-27 15:02:00,20.860,20.860,20.860,20.860,4600,3800
2016-09-27 15:03:00,22.060,21.250,21.250,22.050,5500,900
2016-09-27 15:30:00,20.820,20.820,20.820,20.820,5600,100
2016-09-28 12:06:00,20.770,20.770,20.770,20.770,200,100
2016-09-28 12:17:00,20.810,20.810,20.810,20.810,1400,1200
2016-09-28 13:05:00,20.800,20.800,20.800,20.800,1500,100
2016-09-29 09:37:00,20.800,20.800,20.800,20.800,500,500
2016-09-29 12:28:00,20.810,20.810,20.810,20.810,3607,3100
2016-09-29 14:55:00,20.740,20.730,20.740,20.730,4907,1300
2016-09-30 12:17:00,20.730,20.730,20.730,20.730,3675,3600
2016-09-30 15:37:00,20.710,20.710,20.710,20.710,3794,100
2016-09-30 15:55:00,20.710,20.710,20.710,20.710,3894,100
2016-09-30 15:56:00,20.700,20.700,20.700,20.700,3994,100
2016-10-03 09:36:00,20.610,20.610,20.610,20.610,200,200
2016-10-03 09:46:00,20.590,20.590,20.590,20.590,400,200
2016-10-04 14:40:00,20.160,20.160,20.160,20.160,143,100
2016-10-04 15:04:00,20.140,20.140,20.140,20.140,243,100
2016-10-04 15:44:00,20.220,20.220,20.220,20.220,544,300
2016-10-05 10:17:00,20.130,20.130,20.130,20.130,500,500
2016-10-05 11:21:00,20.060,20.060,20.060,20.060,635,100
2016-10-05 12:26:00,20.060,20.060,20.060,20.060,8285,7600
2016-10-05 12:37:00,20.040,20.040,20.040,20.040,8385,100
2016-10-07 11:43:00,20.010,20.010,20.010,20.010,200,200
2016-10-07 15:11:00,20.060,20.060,20.060,20.060,9830,9500
2016-10-07 15:15:00,20.060,20.060,20.060,20.060,10130,300
2016-10-11 09:31:00,20.380,20.380,20.380,20.380,100,100
2016-10-11 13:35:00,20.020,20.020,20.020,20.020,9508,9400
2016-10-11 15:50:00,20.020,20.020,20.020,20.020,9613,100
2016-10-12 10:03:00,20.100,20.100,20.100,20.100,200,200
2016-10-12 12:25:00,20.240,20.240,20.240,20.240,6026,5800
2016-10-12 12:36:00,20.250,20.250,20.250,20.250,6126,100
2016-10-12 15:03:00,20.280,20.280,20.280,20.280,6475,300
2016-10-12 15:41:00,20.260,20.260,20.260,20.260,6675,200
2016-10-13 12:58:00,20.320,20.320,20.320,20.320,2811,2700
2016-10-13 14:42:00,20.310,20.310,20.310,20.310,2911,100
2016-10-14 11:04:00,20.300,20.300,20.300,20.300,100,100
2016-10-14 12:55:00,20.340,20.340,20.340,20.340,6200,6100
2016-10-14 13:06:00,20.310,20.310,20.310,20.310,6300,100
2016-10-14 13:47:00,20.350,20.350,20.350,20.350,7812,1500
2016-10-17 09:31:00,20.520,20.520,20.520,20.520,100,100
2016-10-17 13:48:00,20.410,20.410,20.410,20.410,5004,4900
2016-10-17 15:51:00,20.390,20.380,20.390,20.380,5287,200
2016-10-18 09:31:00,20.500,20.500,20.500,20.500,100,100
2016-10-18 12:35:00,20.460,20.460,20.460,20.460,742,600
2016-10-18 13:16:00,20.480,20.480,20.480,20.480,8142,7400
2016-10-18 14:33:00,20.440,20.440,20.440,20.440,8307,100
2016-10-19 10:33:00,20.400,20.400,20.400,20.400,200,200
2016-10-19 11:02:00,20.450,20.430,20.430,20.450,865,600
2016-10-19 11:19:00,20.450,20.450,20.450,20.450,1065,200
2016-10-19 12:40:00,20.460,20.460,20.460,20.460,1465,400
2016-10-21 14:02:00,20.460,20.460,20.460,20.460,6541,6500
2016-10-25 10:44:00,20.360,20.360,20.360,20.360,100,100
2016-10-26 12:38:00,20.220,20.220,20.220,20.220,2900,2900
2016-10-26 15:03:00,20.150,20.150,20.150,20.150,3109,100
2016-10-27 09:35:00,20.030,20.030,20.030,20.030,4022,4000
2016-10-27 13:29:00,19.800,19.800,19.800,19.800,8022,4000
2016-10-27 13:31:00,19.810,19.810,19.810,19.810,12022,4000
2016-10-28 12:34:00,19.870,19.870,19.870,19.870,4500,4500
2016-10-28 14:48:00,19.740,19.740,19.740,19.740,4607,100
2016-10-28 14:53:00,19.740,19.740,19.740,19.740,4707,100
2016-10-31 11:39:00,19.850,19.850,19.850,19.850,102,100
2016-11-01 11:55:00,19.710,19.710,19.710,19.710,212,100
2016-11-01 12:09:00,19.690,19.690,19.690,19.690,317,100
2016-11-01 12:51:00,19.630,19.630,19.630,19.630,4217,3900
2016-11-01 12:53:00,19.630,19.630,19.630,19.630,7017,2800
2016-11-01 15:47:00,19.630,19.630,19.630,19.630,7179,100
2016-11-02 15:16:00,19.450,19.450,19.450,19.450,250,200
2016-11-03 14:24:00,19.310,19.310,19.310,19.310,100,100
2016-11-04 13:57:00,19.370,19.370,19.370,19.370,3451,3400
2016-11-04 14:41:00,19.370,19.370,19.370,19.370,3851,400
2016-11-04 15:38:00,19.360,19.360,19.360,19.360,4351,500
2016-11-04 15:46:00,19.350,19.350,19.350,19.350,4551,200
2016-11-07 11:27:00,19.450,19.450,19.450,19.450,4002,4000
2016-11-07 14:11:00,19.490,19.490,19.490,19.490,8002,4000
2016-11-07 14:12:00,19.500,19.500,19.500,19.500,12002,4000
2016-11-07 14:14:00,19.500,19.500,19.500,19.500,16002,4000
2016-11-07 14:15:00,19.500,19.500,19.500,19.500,17702,1700
2016-11-07 15:22:00,19.460,19.460,19.460,19.460,17802,100
2016-11-08 09:31:00,19.730,19.730,19.730,19.730,100,100
2016-11-08 14:26:00,19.570,19.570,19.570,19.570,345,200
2016-11-08 14:44:00,19.590,19.590,19.590,19.590,7545,7200
2016-11-09 09:31:00,18.920,18.920,18.920,18.920,200,200
2016-11-09 10:04:00,19.440,19.440,19.440,19.440,1656,1400
2016-11-09 14:39:00,19.500,19.500,19.500,19.500,4367,2600
2016-11-10 09:36:00,19.450,19.450,19.450,19.450,5900,5900
2016-11-10 09:48:00,19.250,19.250,19.250,19.250,6025,100
2016-11-10 12:59:00,19.270,19.270,19.270,19.270,9775,3700
2016-11-10 13:00:00,19.270,19.270,19.270,19.270,11875,2100
2016-11-10 14:18:00,19.150,19.150,19.150,19.150,12203,300
2016-11-11 14:04:00,19.230,19.230,19.230,19.230,4855,4800
2016-11-14 13:42:00,19.380,19.380,19.380,19.380,5273,5200
2016-11-14 15:42:00,19.420,19.420,19.420,19.420,5449,100
2016-11-15 12:53:00,19.320,19.320,19.320,19.320,5431,5400
2016-11-15 15:20:00,19.370,19.370,19.370,19.370,5733,300
2016-11-15 15:44:00,19.380,19.380,19.380,19.380,5833,100
2016-11-16 14:35:00,19.370,19.370,19.370,19.370,4700,4700
2016-11-16 15:58:00,19.380,19.380,19.380,19.380,5440,700
2016-11-16 16:00:00,19.370,19.370,19.370,19.370,5540,100
2016-11-17 13:45:00,19.480,19.480,19.480,19.480,3331,3300
2016-11-17 15:40:00,19.420,19.420,19.420,19.420,5093,1700
2016-11-17 15:52:00,19.400,19.400,19.400,19.400,5493,400
2016-11-18 09:31:00,19.300,19.200,19.200,19.300,1700,1700
2016-11-18 15:32:00,19.470,19.470,19.470,19.470,1949,200
2016-11-21 09:31:00,19.960,19.960,19.960,19.960,100,100
2016-11-21 11:26:00,19.490,19.490,19.490,19.490,203,100
2016-11-21 12:29:00,19.520,19.510,19.510,19.520,604,400
2016-11-21 12:46:00,19.510,19.500,19.500,19.510,4484,3800
2016-11-21 13:39:00,19.520,19.520,19.520,19.520,4684,200
2016-11-21 13:40:00,19.510,19.510,19.510,19.510,4784,100
2016-11-21 14:48:00,19.510,19.510,19.510,19.510,4884,100
2016-11-21 15:36:00,19.440,19.440,19.440,19.440,4984,100
2016-11-22 12:12:00,19.610,19.610,19.610,19.610,200,200
2016-11-22 15:37:00,19.700,19.690,19.690,19.700,716,500
2016-11-22 15:54:00,19.690,19.690,19.690,19.690,816,100
2016-11-22 15:57:00,19.720,19.700,19.700,19.720,5316,4500
2016-11-23 09:31:00,19.640,19.640,19.640,19.640,100,100
2016-11-23 09:39:00,19.660,19.660,19.660,19.660,200,100
2016-11-23 10:05:00,19.640,19.630,19.630,19.640,7000,6800
2016-11-23 10:14:00,19.630,19.630,19.630,19.630,8200,1200
2016-11-23 10:22:00,19.640,19.640,19.640,19.640,16200,8000
2016-11-23 12:54:00,19.660,19.660,19.660,19.660,19240,3000
2016-11-23 14:35:00,19.640,19.640,19.640,19.640,19449,200
2016-11-25 12:16:00,19.750,19.750,19.750,19.750,3216,3200
2016-11-25 12:48:00,19.790,19.790,19.790,19.790,13278,10000
2016-11-25 12:50:00,19.760,19.760,19.760,19.760,13806,500
2016-11-28 13:16:00,19.730,19.730,19.730,19.730,2203,2200
2016-11-29 13:14:00,19.950,19.950,19.950,19.950,2700,2700
2016-11-30 12:18:00,19.780,19.780,19.780,19.780,6005,6000
2016-11-30 14:53:00,19.830,19.830,19.830,19.830,6205,200
2016-12-01 14:22:00,19.700,19.700,19.700,19.700,4941,4900
2016-12-02 12:23:00,19.920,19.920,19.920,19.920,2485,2400
2016-12-02 15:39:00,19.800,19.800,19.800,19.800,2585,100
2016-12-05 10:05:00,19.800,19.800,19.800,19.800,100,100
2016-12-05 12:52:00,19.770,19.770,19.770,19.770,5194,5000
2016-12-06 13:34:00,19.890,19.890,19.890,19.890,1000,1000
2016-12-07 10:37:00,20.020,20.020,20.020,20.020,100,100
2016-12-07 15:44:00,20.140,20.140,20.140,20.140,432,200
2016-12-08 15:37:00,20.290,20.290,20.290,20.290,3836,3800
2016-12-09 14:16:00,20.390,20.390,20.390,20.390,189,100
2016-12-09 14:51:00,20.370,20.370,20.370,20.370,302,100
2016-12-09 15:33:00,20.370,20.370,20.370,20.370,461,100
2016-12-12 13:07:00,20.360,20.350,20.350,20.360,9852,9800
2016-12-12 15:24:00,20.370,20.370,20.370,20.370,10004,100
2016-12-13 10:20:00,20.320,20.320,20.320,20.320,2500,2500
2016-12-13 12:29:00,20.330,20.330,20.330,20.330,6400,3900
2016-12-13 13:30:00,20.290,20.290,20.290,20.290,6900,500
2016-12-13 13:51:00,20.340,20.340,20.340,20.340,7200,300
2016-12-13 14:12:00,20.330,20.330,20.330,20.330,7783,500
2016-12-13 14:34:00,20.330,20.330,20.330,20.330,14657,6800
2016-12-14 10:11:00,20.250,20.250,20.250,20.250,107,100
2016-12-14 11:56:00,20.190,20.190,20.190,20.190,3508,3400
2016-12-14 14:22:00,20.130,20.130,20.130,20.130,3645,100
2016-12-14 15:22:00,20.060,20.060,20.060,20.060,7574,3900
2016-12-15 09:31:00,19.850,19.850,19.850,19.850,200,200
2016-12-15 11:20:00,20.080,20.080,20.080,20.080,501,300
2016-12-15 13:31:00,20.050,20.050,20.050,20.050,1516,1000
2016-12-15 13:36:00,20.060,20.060,20.060,20.060,5516,4000
2016-12-15 13:51:00,19.990,19.990,19.990,19.990,5816,300
2016-12-16 13:35:00,20.260,20.260,20.260,20.260,5311,5300
2016-12-16 15:32:00,20.220,20.220,20.220,20.220,5837,500
2016-12-19 10:44:00,20.320,20.320,20.320,20.320,100,100
2016-12-19 12:15:00,20.410,20.410,20.410,20.410,216,100
2016-12-19 12:59:00,20.480,20.470,20.470,20.480,3245,3000
2016-12-19 15:25:00,20.360,20.360,20.360,20.360,3645,400
2016-12-20 10:39:00,20.470,20.470,20.470,20.470,353,300
2016-12-20 11:26:00,20.430,20.430,20.430,20.430,1129,700
2016-12-20 14:38:00,20.420,20.420,20.420,20.420,3260,1900
2016-12-21 14:29:00,20.420,20.420,20.420,20.420,2530,2500
2016-12-22 10:54:00,20.310,20.310,20.310,20.310,100,100
2016-12-22 13:10:00,20.310,20.310,20.310,20.310,4400,4300
2016-12-23 14:41:00,20.430,20.430,20.430,20.430,4200,4200
2016-12-23 14:54:00,20.390,20.390,20.390,20.390,4300,100
2016-12-28 10:19:00,20.260,20.260,20.260,20.260,200,200
2016-12-28 13:29:00,20.250,20.250,20.250,20.250,7522,7300
2016-12-28 15:34:00,20.210,20.210,20.210,20.210,7823,300
2016-12-28 15:46:00,20.230,20.230,20.230,20.230,8023,200
2016-12-29 15:03:00,20.450,20.450,20.450,20.450,2095,2000
2016-12-29 15:32:00,20.390,20.390,20.390,20.390,2299,200
2016-12-30 12:17:00,20.580,20.580,20.580,20.580,6477,6400
2016-12-30 12:52:00,20.580,20.580,20.580,20.580,7277,800
2016-12-30 15:44:00,20.590,20.570,20.590,20.570,7893,400
2017-01-03 09:52:00,20.570,20.570,20.570,20.570,461,400
2017-01-03 13:58:00,20.530,20.530,20.530,20.530,10546,10000
2017-01-04 09:32:00,20.600,20.600,20.600,20.600,100,100
2017-01-04 15:24:00,20.840,20.840,20.840,20.840,5887,5700
2017-01-05 09:31:00,20.990,20.990,20.990,20.990,200,200
2017-01-05 15:41:00,20.840,20.840,20.840,20.840,6396,5900
2017-01-06 11:14:00,20.830,20.830,20.830,20.830,500,500
2017-01-06 12:06:00,20.850,20.850,20.850,20.850,600,100
2017-01-06 14:21:00,20.880,20.880,20.880,20.880,5521,4900
2017-01-06 15:45:00,20.850,20.850,20.850,20.850,5667,100
2017-01-06 15:51:00,20.860,20.860,20.860,20.860,5767,100
2017-01-09 09:31:00,21.080,21.080,21.080,21.080,200,200
2017-01-09 14:09:00,20.720,20.720,20.720,20.720,6602,6300
2017-01-10 10:42:00,20.650,20.650,20.650,20.650,101,100
2017-01-10 11:02:00,20.680,20.670,20.680,20.670,501,400
2017-01-10 13:12:00,20.680,20.680,20.680,20.680,705,100
2017-01-10 13:24:00,20.670,20.670,20.670,20.670,910,200
2017-01-10 14:06:00,20.650,20.650,20.650,20.650,1010,100
2017-01-10 14:19:00,20.650,20.650,20.650,20.650,5810,4800
2017-01-10 14:29:00,20.650,20.650,20.650,20.650,5916,100
2017-01-10 14:33:00,20.640,20.640,20.640,20.640,6116,200
2017-01-11 13:27:00,20.620,20.620,20.620,20.620,8301,8300
2017-01-11 14:09:00,20.610,20.610,20.610,20.610,8953,600
2017-01-12 13:02:00,20.510,20.500,20.500,20.510,4251,4200
2017-01-12 15:49:00,20.500,20.500,20.500,20.500,4611,300
2017-01-13 14:07:00,20.520,20.520,20.520,20.520,1020,1000
2017-01-16 13:41:00,20.200,20.200,20.200,20.200,119,100
2017-01-17 14:30:00,20.700,20.700,20.700,20.700,174,100
2017-01-17 14:38:00,20.700,20.700,20.700,20.700,4174,4000
2017-01-17 14:58:00,20.670,20.670,20.670,20.670,4274,100
2017-01-17 15:35:00,20.660,20.660,20.660,20.660,4474,200
2017-01-18 09:31:00,20.880,20.880,20.880,20.880,200,200
2017-01-18 15:13:00,20.700,20.700,20.700,20.700,5167,4900
2017-01-19 09:56:00,20.600,20.600,20.600,20.600,400,400
2017-01-19 15:06:00,20.540,20.540,20.540,20.540,564,100
2017-01-20 12:44:00,20.680,20.680,20.680,20.680,14000,14000
2017-01-20 13:30:00,20.660,20.660,20.660,20.660,14162,100
2017-01-20 13:36:00,20.670,20.670,20.670,20.670,14262,100
2017-01-23 10:32:00,20.660,20.660,20.660,20.660,123,100
2017-01-23 10:50:00,20.630,20.630,20.630,20.630,1162,1000
2017-01-23 11:59:00,20.600,20.600,20.600,20.600,1266,100
2017-01-23 13:11:00,20.610,20.610,20.610,20.610,11148,9800
2017-01-24 09:31:00,20.900,20.900,20.900,20.900,500,500
2017-01-24 12:03:00,20.710,20.700,20.700,20.710,5200,4700
2017-01-24 15:07:00,20.730,20.730,20.730,20.730,5301,100
2017-01-24 15:14:00,20.720,20.720,20.720,20.720,5401,100
2017-01-24 15:18:00,20.730,20.730,20.730,20.730,5701,300
2017-01-24 15:26:00,20.720,20.720,20.720,20.720,5801,100
2017-01-24 15:36:00,20.710,20.710,20.710,20.710,9247,3400
2017-01-24 15:55:00,20.750,20.750,20.750,20.750,9447,200
2017-01-25 09:39:00,20.800,20.800,20.800,20.800,540,500
2017-01-25 11:46:00,20.750,20.750,20.750,20.750,865,300
2017-01-25 14:28:00,20.770,20.770,20.770,20.770,4930,4000
2017-01-26 10:56:00,20.820,20.820,20.820,20.820,2200,2200
2017-01-26 15:08:00,20.820,20.820,20.820,20.820,2404,200
2017-01-26 15:49:00,20.820,20.820,20.820,20.820,4304,1900
2017-01-26 15:53:00,20.820,20.820,20.820,20.820,14304,10000
2017-01-27 15:52:00,20.550,20.550,20.550,20.550,1500,1500
2017-01-30 15:16:00,20.370,20.370,20.370,20.370,2041,2000
2017-01-30 15:54:00,20.400,20.400,20.400,20.400,2141,100
2017-01-31 15:55:00,20.550,20.530,20.550,20.530,1410,1400
2017-02-01 13:36:00,20.440,20.440,20.440,20.440,6500,6500
2017-02-02 15:48:00,20.490,20.490,20.490,20.490,1060,1000
2017-02-02 15:54:00,20.540,20.540,20.540,20.540,2873,1800
2017-02-02 15:55:00,20.540,20.540,20.540,20.540,2973,100
2017-02-03 15:48:00,20.650,20.650,20.650,20.650,8738,8700
2017-02-06 14:18:00,20.580,20.580,20.580,20.580,8905,8900
2017-02-07 13:46:00,20.590,20.590,20.590,20.590,201,100
2017-02-07 14:12:00,20.620,20.620,20.620,20.620,816,600
2017-02-07 15:15:00,20.600,20.600,20.600,20.600,1046,200
2017-02-07 15:31:00,20.570,20.560,20.570,20.560,1346,300
2017-02-08 14:47:00,20.710,20.710,20.710,20.710,10030,10000
2017-02-08 15:31:00,20.680,20.680,20.680,20.680,10130,100
2017-02-09 13:46:00,20.740,20.740,20.740,20.740,9005,9000
2017-02-10 15:43:00,20.890,20.890,20.890,20.890,3898,3800
2017-02-13 09:31:00,21.040,21.040,21.040,21.040,300,300
2017-02-13 15:16:00,20.900,20.900,20.900,20.900,11732,11200
2017-02-14 11:17:00,20.720,20.720,20.720,20.720,194,100
2017-02-14 11:18:00,20.720,20.720,20.720,20.720,294,100
2017-02-14 13:53:00,20.800,20.800,20.800,20.800,10329,10000
2017-02-14 14:08:00,20.800,20.800,20.800,20.800,10429,100
2017-02-14 14:40:00,20.790,20.790,20.790,20.790,10722,200
2017-02-15 09:31:00,21.010,21.010,21.010,21.010,200,200
2017-02-15 09:32:00,20.800,20.800,20.800,20.800,1175,900
2017-02-15 13:30:00,20.730,20.730,20.730,20.730,11420,10100
2017-02-15 14:59:00,20.810,20.810,20.810,20.810,11568,100
2017-02-15 15:50:00,20.800,20.790,20.800,20.790,11980,400
2017-02-16 13:13:00,20.960,20.960,20.960,20.960,800,800
2017-02-16 15:11:00,20.890,20.890,20.890,20.890,1700,900
2017-02-17 13:07:00,20.840,20.840,20.840,20.840,6521,6500
2017-02-17 14:36:00,20.820,20.820,20.820,20.820,6621,100
2017-02-17 15:46:00,20.870,20.870,20.870,20.870,6721,100
2017-02-21 09:31:00,20.900,20.900,20.900,20.900,200,200
2017-02-21 15:03:00,20.990,20.990,20.990,20.990,689,300
2017-02-22 15:30:00,20.910,20.910,20.910,20.910,610,600
2017-02-23 09:31:00,21.110,21.100,21.110,21.100,1100,1100
2017-02-23 09:36:00,20.880,20.880,20.880,20.880,2224,1100
2017-02-23 14:47:00,20.910,20.910,20.910,20.910,2659,300
2017-02-23 15:31:00,20.950,20.950,20.950,20.950,2859,200
2017-02-24 09:35:00,20.800,20.800,20.800,20.800,1124,1100
2017-02-24 13:58:00,20.780,20.770,20.780,20.770,1354,200
2017-02-27 13:33:00,20.890,20.890,20.890,20.890,14020,14000
2017-02-28 14:10:00,20.850,20.850,20.850,20.850,550,400
2017-02-28 14:24:00,20.840,20.840,20.840,20.840,1050,500
2017-02-28 14:43:00,20.890,20.890,20.890,20.890,11050,10000
2017-03-01 10:47:00,20.900,20.900,20.900,20.900,954,900
2017-03-01 15:14:00,20.900,20.900,20.900,20.900,9723,8600
2017-03-02 09:31:00,21.000,21.000,21.000,21.000,100,100
2017-03-02 13:36:00,20.880,20.880,20.880,20.880,581,400
2017-03-02 15:34:00,20.880,20.880,20.880,20.880,12781,12200
2017-03-03 11:59:00,20.650,20.650,20.650,20.650,1141,900
2017-03-03 14:39:00,20.700,20.700,20.700,20.700,14541,13400
2017-03-06 11:49:00,20.650,20.650,20.650,20.650,103,100
2017-03-06 11:57:00,20.640,20.640,20.640,20.640,303,200
2017-03-06 15:44:00,20.730,20.730,20.730,20.730,14389,14000
2017-03-07 13:41:00,20.680,20.680,20.680,20.680,1522,1500
2017-03-07 15:31:00,20.670,20.670,20.670,20.670,1922,400
2017-03-08 09:33:00,20.620,20.620,20.620,20.620,100,100
2017-03-08 09:34:00,20.620,20.620,20.620,20.620,1000,900
2017-03-08 09:36:00,20.610,20.610,20.610,20.610,1650,600
2017-03-08 12:34:00,20.490,20.490,20.490,20.490,1939,100
2017-03-08 15:36:00,20.420,20.420,20.420,20.420,6804,4800
2017-03-08 15:38:00,20.410,20.410,20.410,20.410,7004,200
2017-03-09 12:19:00,20.400,20.400,20.400,20.400,169,100
2017-03-09 12:25:00,20.390,20.390,20.390,20.390,369,200
2017-03-09 13:25:00,20.330,20.330,20.330,20.330,619,200
2017-03-09 14:46:00,20.180,20.180,20.180,20.180,736,100
2017-03-09 14:47:00,20.170,20.170,20.170,20.170,1036,300
2017-03-09 15:22:00,20.160,20.160,20.160,20.160,1736,700
2017-03-09 15:23:00,20.160,20.160,20.160,20.160,10736,9000
2017-03-10 14:51:00,20.120,20.110,20.110,20.120,14025,14000
2017-03-10 15:27:00,20.140,20.140,20.140,20.140,14225,200
2017-03-14 09:34:00,20.090,20.090,20.090,20.090,200,200
2017-03-14 15:40:00,20.110,20.110,20.110,20.110,362,100
2017-03-15 12:23:00,20.230,20.230,20.230,20.230,1325,1300
2017-03-15 14:32:00,20.280,20.280,20.280,20.280,1425,100
2017-03-15 15:30:00,20.340,20.340,20.340,20.340,1525,100
2017-03-16 11:48:00,20.380,20.370,20.380,20.370,1300,1300
2017-03-16 14:49:00,20.380,20.380,20.380,20.380,2800,1500
2017-03-17 09:31:00,20.550,20.550,20.550,20.550,400,400
2017-03-17 11:07:00,20.420,20.420,20.420,20.420,2012,1500
2017-03-17 13:53:00,20.440,20.440,20.440,20.440,2712,700
2017-03-17 14:53:00,20.460,20.460,20.460,20.460,2812,100
2017-03-17 15:29:00,20.440,20.430,20.440,20.430,5212,2400
2017-03-17 15:54:00,20.460,20.460,20.460,20.460,5312,100
2017-03-20 14:34:00,20.380,20.380,20.380,20.380,1200,1200
2017-03-21 15:54:00,20.280,20.280,20.280,20.280,2121,2000
2017-03-22 10:48:00,20.140,20.140,20.140,20.140,100,100
2017-03-22 14:38:00,20.210,20.210,20.210,20.210,2804,2700
2017-03-23 14:32:00,20.460,20.460,20.460,20.460,1510,1500
2017-03-23 15:09:00,20.450,20.450,20.450,20.450,4710,3200
2017-03-24 11:20:00,20.420,20.420,20.420,20.420,1714,1700
2017-03-24 14:36:00,20.450,20.450,20.450,20.450,2114,400
2017-03-24 14:48:00,20.450,20.450,20.450,20.450,3284,1100
2017-03-24 15:03:00,20.420,20.420,20.420,20.420,3684,400
2017-03-24 15:05:00,20.425,20.425,20.425,20.425,7484,3800
2017-03-24 15:08:00,20.420,20.420,20.420,20.420,9084,1600
2017-03-27 15:27:00,20.270,20.270,20.270,20.270,174,100
2017-03-29 10:30:00,20.320,20.320,20.320,20.320,1274,1200
2017-03-29 14:11:00,20.330,20.330,20.330,20.330,1435,100
2017-03-29 15:18:00,20.360,20.360,20.360,20.360,1535,100
2017-03-29 15:45:00,20.390,20.390,20.390,20.390,1635,100
2017-03-30 15:37:00,20.420,20.420,20.420,20.420,4000,4000
2017-03-31 15:28:00,20.470,20.470,20.470,20.470,700,700
2017-03-31 15:36:00,20.440,20.440,20.440,20.440,2200,1500
2017-04-03 11:40:00,20.410,20.410,20.410,20.410,1663,1500
2017-04-03 15:27:00,20.410,20.410,20.410,20.410,8363,6700
2017-04-05 10:47:00,20.600,20.590,20.590,20.600,200,200
2017-04-05 13:48:00,20.600,20.600,20.600,20.600,300,100
2017-04-05 15:43:00,20.560,20.560,20.560,20.560,8400,8100
2017-04-06 10:16:00,20.540,20.540,20.540,20.540,1800,1800
2017-04-06 14:16:00,20.630,20.630,20.630,20.630,2012,100
2017-04-06 14:39:00,20.630,20.630,20.630,20.630,2123,100
2017-04-07 14:38:00,20.690,20.690,20.690,20.690,3995,3900
2017-04-07 14:52:00,20.660,20.660,20.660,20.660,4245,100
2017-04-07 15:35:00,20.660,20.660,20.660,20.660,8304,4000
2017-04-10 15:24:00,20.720,20.720,20.720,20.720,1641,1600
2017-04-11 09:31:00,20.700,20.700,20.700,20.700,100,100
2017-04-11 09:41:00,20.700,20.700,20.700,20.700,200,100
2017-04-11 14:49:00,20.800,20.800,20.800,20.800,1250,1000
2017-04-11 15:42:00,20.800,20.800,20.800,20.800,3350,2100
2017-04-12 09:31:00,20.670,20.670,20.670,20.670,400,400
2017-04-12 10:24:00,20.780,20.780,20.780,20.780,500,100
2017-04-12 12:06:00,20.810,20.810,20.810,20.810,1300,800
2017-04-12 15:29:00,20.770,20.760,20.760,20.770,11300,10000
2017-04-13 14:47:00,20.690,20.690,20.690,20.690,600,600
2017-04-13 14:50:00,20.680,20.680,20.680,20.680,700,100
2017-04-17 09:31:00,20.650,20.650,20.650,20.650,100,100
2017-04-17 11:49:00,20.780,20.780,20.780,20.780,578,400
2017-04-17 11:58:00,20.780,20.780,20.780,20.780,1578,1000
2017-04-17 12:21:00,20.770,20.760,20.770,20.760,2178,600
2017-04-17 12:54:00,20.780,20.780,20.780,20.780,2378,200
2017-04-17 14:21:00,20.790,20.790,20.790,20.790,2853,400
2017-04-17 14:50:00,20.810,20.810,20.810,20.810,5988,3100
2017-04-17 14:59:00,20.790,20.790,20.790,20.790,6588,600
2017-04-18 11:34:00,20.880,20.880,20.880,20.880,100,100
2017-04-18 14:36:00,20.900,20.900,20.900,20.900,5900,5800
2017-04-19 15:01:00,20.980,20.980,20.980,20.980,3800,3800
2017-04-19 15:29:00,20.980,20.980,20.980,20.980,5400,1600
2017-04-20 09:31:00,21.100,21.100,21.100,21.100,200,200
2017-04-20 09:38:00,20.950,20.950,20.950,20.950,2837,2600
2017-04-20 13:54:00,20.980,20.980,20.980,20.980,4237,1400
2017-04-20 15:47:00,20.950,20.950,20.950,20.950,4360,100
2017-04-21 14:42:00,20.930,20.930,20.930,20.930,1600,1600
2017-04-24 09:31:00,21.280,21.280,21.280,21.280,500,500
2017-04-24 09:44:00,20.850,20.850,20.850,20.850,800,300
2017-04-24 12:45:00,20.750,20.750,20.750,20.750,1700,900
2017-04-24 13:46:00,20.730,20.730,20.730,20.730,3350,1600
2017-04-24 15:29:00,20.760,20.760,20.760,20.760,3450,100
2017-04-25 14:05:00,20.830,20.830,20.830,20.830,3900,3900
2017-04-25 14:45:00,20.830,20.830,20.830,20.830,4400,500
2017-04-25 15:12:00,20.850,20.850,20.850,20.850,4500,100
2017-04-26 09:31:00,20.820,20.820,20.820,20.820,1400,1400
2017-04-26 09:36:00,20.720,20.720,20.720,20.720,2000,600
2017-04-26 10:02:00,20.610,20.590,20.610,20.590,6550,4400
2017-04-26 15:30:00,20.670,20.670,20.670,20.670,11166,4600
2017-04-26 15:51:00,20.620,20.620,20.620,20.620,12166,1000
2017-04-27 09:36:00,20.600,20.600,20.600,20.600,100,100
2017-04-27 09:40:00,20.600,20.600,20.600,20.600,500,400
2017-04-27 11:10:00,20.570,20.570,20.570,20.570,1100,600
2017-04-27 15:01:00,20.610,20.610,20.610,20.610,1350,100
2017-04-27 15:40:00,20.550,20.550,20.550,20.550,1450,100
2017-04-28 15:16:00,20.320,20.320,20.320,20.320,100,100
2017-04-28 15:40:00,20.320,20.320,20.320,20.320,1900,1800
2017-05-01 11:38:00,20.420,20.420,20.420,20.420,500,500
2017-05-01 12:15:00,20.410,20.410,20.410,20.410,650,100
2017-05-01 15:43:00,20.410,20.410,20.410,20.410,6963,6200
2017-05-02 09:42:00,20.440,20.410,20.440,20.410,251,200
2017-05-02 09:55:00,20.400,20.400,20.400,20.400,1111,800
2017-05-02 11:06:00,20.425,20.425,20.425,20.425,1611,400
2017-05-02 11:49:00,20.420,20.420,20.420,20.420,3211,1600
2017-05-02 15:31:00,20.390,20.390,20.390,20.390,5886,2600
2017-05-03 09:33:00,20.420,20.420,20.420,20.420,100,100
2017-05-03 09:34:00,20.420,20.420,20.420,20.420,1000,900
2017-05-03 09:36:00,20.400,20.400,20.400,20.400,1400,400
2017-05-03 10:36:00,20.250,20.250,20.250,20.250,2400,1000
2017-05-03 14:43:00,20.080,20.080,20.080,20.080,3070,600
2017-05-03 15:10:00,20.110,20.110,20.110,20.110,4270,1100
2017-05-04 15:17:00,19.610,19.610,19.610,19.610,4095,4000
2017-05-05 14:17:00,19.800,19.800,19.800,19.800,100,100
2017-05-05 15:39:00,19.830,19.830,19.830,19.830,2900,2800
2017-05-08 09:31:00,19.800,19.800,19.800,19.800,500,500
2017-05-08 10:10:00,19.790,19.790,19.790,19.790,1300,800
2017-05-08 10:11:00,19.790,19.790,19.790,19.790,2700,1400
2017-05-08 10:12:00,19.780,19.780,19.780,19.780,3300,600
2017-05-08 10:24:00,19.750,19.750,19.750,19.750,3500,100
2017-05-08 15:43:00,19.790,19.790,19.790,19.790,4200,700
2017-05-09 09:31:00,20.000,20.000,20.000,20.000,500,500
2017-05-09 09:39:00,19.790,19.790,19.790,19.790,1800,1300
2017-05-09 09:42:00,19.760,19.760,19.760,19.760,6035,4100
2017-05-09 11:28:00,19.710,19.710,19.710,19.710,6331,100
2017-05-09 12:29:00,19.680,19.680,19.680,19.680,7331,1000
2017-05-09 14:18:00,19.650,19.650,19.650,19.650,7431,100
2017-05-09 14:22:00,19.650,19.650,19.650,19.650,7531,100
2017-05-09 14:40:00,19.650,19.650,19.650,19.650,17731,10200
2017-05-10 09:31:00,19.650,19.650,19.650,19.650,1400,1400
2017-05-10 11:27:00,19.730,19.730,19.730,19.730,2230,700
2017-05-10 13:53:00,19.770,19.770,19.770,19.770,6285,4000
2017-05-10 15:29:00,19.790,19.790,19.790,19.790,11385,5100
2017-05-11 09:33:00,19.750,19.750,19.750,19.750,1000,1000
2017-05-11 10:03:00,19.540,19.540,19.540,19.540,1700,700
2017-05-11 13:11:00,19.580,19.580,19.580,19.580,3025,1300
2017-05-11 13:14:00,19.620,19.620,19.620,19.620,5675,2600
2017-05-12 11:56:00,19.580,19.580,19.580,19.580,300,300
2017-05-12 12:04:00,19.580,19.580,19.580,19.580,400,100
2017-05-12 14:31:00,19.570,19.570,19.570,19.570,800,400
2017-05-12 15:11:00,19.550,19.550,19.550,19.550,1500,700
2017-05-12 15:41:00,19.560,19.560,19.560,19.560,2050,500
2017-05-15 09:31:00,19.790,19.790,19.790,19.790,500,500
2017-05-15 11:17:00,19.680,19.680,19.680,19.680,1510,1000
2017-05-15 15:15:00,19.580,19.580,19.580,19.580,8110,6600
2017-05-16 09:31:00,19.490,19.490,19.490,19.490,100,100
2017-05-16 11:51:00,19.500,19.500,19.500,19.500,234,100
2017-05-16 15:37:00,19.490,19.490,19.490,19.490,5434,5200
2017-05-17 09:43:00,19.450,19.450,19.450,19.450,300,300
2017-05-17 10:15:00,19.370,19.370,19.370,19.370,1125,800
2017-05-17 12:11:00,19.380,19.380,19.380,19.380,2225,1100
2017-05-17 14:28:00,19.420,19.420,19.420,19.420,5141,2900
2017-05-17 14:36:00,19.390,19.390,19.390,19.390,5341,200
2017-05-18 09:31:00,19.540,19.400,19.540,19.400,1760,1700
2017-05-18 09:39:00,19.290,19.290,19.290,19.290,1885,100
2017-05-18 10:05:00,19.350,19.340,19.350,19.340,2685,800
2017-05-18 15:38:00,19.490,19.490,19.490,19.490,6985,4300
2017-05-19 13:52:00,19.620,19.620,19.620,19.620,4000,4000
2017-05-19 15:36:00,19.600,19.600,19.600,19.600,6400,2300
2017-05-23 14:06:00,19.660,19.660,19.660,19.660,10007,10000
2017-05-24 14:17:00,19.680,19.660,19.660,19.680,4126,4100
2017-05-25 13:11:00,19.670,19.670,19.670,19.670,747,700
2017-05-25 13:13:00,19.680,19.680,19.680,19.680,872,100
2017-05-25 14:20:00,19.670,19.670,19.670,19.670,972,100
2017-05-25 15:45:00,19.690,19.690,19.690,19.690,3272,2300
2017-05-25 15:54:00,19.670,19.670,19.670,19.670,4572,1300
2017-05-26 15:31:00,19.570,19.570,19.570,19.570,4705,4700
2017-05-26 15:37:00,19.570,19.570,19.570,19.570,4905,200
2017-05-26 15:40:00,19.540,19.540,19.540,19.540,5062,100
2017-05-29 15:36:00,19.760,19.660,19.660,19.760,369,300
2017-05-29 15:43:00,19.790,19.760,19.760,19.790,2069,1700
2017-05-30 15:12:00,19.470,19.470,19.470,19.470,172,100
2017-05-30 15:26:00,19.480,19.480,19.480,19.480,6072,5900
2017-05-31 15:53:00,19.470,19.470,19.470,19.470,3600,3600
2017-06-01 15:09:00,19.650,19.650,19.650,19.650,300,300
2017-06-01 15:39:00,19.690,19.690,19.690,19.690,10300,10000
2017-06-02 10:40:00,19.750,19.750,19.750,19.750,200,200
2017-06-06 09:32:00,19.650,19.650,19.650,19.650,300,300
2017-06-06 09:33:00,19.640,19.640,19.640,19.640,600,300
2017-06-06 15:31:00,19.620,19.620,19.620,19.620,7425,6800
2017-06-06 15:36:00,19.600,19.600,19.600,19.600,17225,9800
2017-06-07 11:12:00,19.600,19.600,19.600,19.600,600,600
2017-06-07 13:57:00,19.670,19.670,19.670,19.670,1412,800
2017-06-08 15:03:00,19.670,19.670,19.670,19.670,4715,4700
2017-06-09 15:34:00,19.780,19.780,19.780,19.780,8610,8600
2017-06-12 14:01:00,19.890,19.890,19.890,19.890,5413,5400
2017-06-12 14:32:00,19.830,19.830,19.830,19.830,5513,100
2017-06-13 09:35:00,19.840,19.840,19.840,19.840,500,500
2017-06-13 10:54:00,19.880,19.880,19.880,19.880,605,100
2017-06-13 12:21:00,19.880,19.880,19.880,19.880,745,100
2017-06-13 14:36:00,19.870,19.870,19.870,19.870,7538,6700
2017-06-14 15:48:00,19.810,19.810,19.810,19.810,6400,6400
2017-06-15 14:51:00,19.850,19.850,19.850,19.850,5490,5400
2017-06-15 15:04:00,19.850,19.850,19.850,19.850,5690,200
2017-06-19 15:46:00,19.830,19.830,19.830,19.830,4650,4600
2017-06-20 15:35:00,19.790,19.790,19.790,19.790,1600,1600
2017-06-21 10:50:00,19.790,19.790,19.790,19.790,2200,2200
2017-06-21 15:29:00,19.660,19.660,19.660,19.660,7400,5200
2017-06-22 09:31:00,19.670,19.670,19.670,19.670,500,500
2017-06-22 14:40:00,19.700,19.700,19.700,19.700,3200,2700
2017-06-23 15:16:00,19.780,19.780,19.780,19.780,2800,2800
2017-06-26 14:53:00,19.860,19.860,19.860,19.860,200,200
2017-06-27 10:21:00,19.820,19.820,19.820,19.820,127,100
2017-06-27 15:46:00,19.770,19.770,19.770,19.770,5632,5500
2017-06-28 09:31:00,19.550,19.550,19.550,19.550,100,100
2017-06-28 09:57:00,19.700,19.700,19.700,19.700,1268,1000
2017-06-28 15:02:00,19.750,19.750,19.750,19.750,2268,1000
2017-06-29 14:36:00,19.440,19.440,19.440,19.440,2600,2600
2017-06-30 09:56:00,19.400,19.400,19.400,19.400,400,400
2017-06-30 10:05:00,19.400,19.400,19.400,19.400,2500,2100
2017-06-30 15:44:00,19.380,19.380,19.380,19.380,12403,9800
2017-06-30 15:56:00,19.400,19.400,19.400,19.400,12503,100
2017-06-30 15:59:00,19.360,19.360,19.360,19.360,13003,500
2017-07-04 09:31:00,19.560,19.560,19.560,19.560,300,300
2017-07-05 10:32:00,19.470,19.470,19.470,19.470,1100,1100
2017-07-05 13:43:00,19.420,19.420,19.420,19.420,1200,100
2017-07-05 15:32:00,19.410,19.410,19.410,19.410,11272,10000
2017-07-06 14:24:00,19.240,19.240,19.240,19.240,2700,2700
2017-07-07 14:07:00,19.150,19.140,19.150,19.140,503,500
2017-07-07 15:21:00,19.140,19.140,19.140,19.140,603,100
2017-07-10 14:28:00,19.070,19.070,19.070,19.070,8800,8800
2017-07-11 15:44:00,19.010,19.010,19.010,19.010,1859,1800
2017-07-12 15:09:00,19.160,19.160,19.160,19.160,6375,6300
2017-07-13 11:47:00,19.170,19.170,19.170,19.170,300,300
2017-07-13 15:40:00,19.200,19.200,19.200,19.200,6500,6200
2017-07-14 09:31:00,19.300,19.300,19.300,19.300,500,500
2017-07-14 15:14:00,19.330,19.330,19.330,19.330,7900,7400
2017-07-17 10:29:00,19.420,19.420,19.420,19.420,1000,1000
2017-07-17 15:43:00,19.400,19.400,19.400,19.400,6000,5000
2017-07-18 10:49:00,19.280,19.280,19.280,19.280,519,500
2017-07-18 15:36:00,19.290,19.290,19.290,19.290,2419,1900
2017-07-18 15:44:00,19.250,19.250,19.250,19.250,2619,200
2017-07-19 09:31:00,19.170,19.170,19.170,19.170,600,600
2017-07-19 09:45:00,19.280,19.280,19.280,19.280,730,100
2017-07-19 15:33:00,19.410,19.400,19.400,19.410,5530,4800
2017-07-20 10:37:00,19.370,19.370,19.370,19.370,100,100
2017-07-20 15:00:00,19.440,19.430,19.430,19.440,4950,4800
2017-07-20 15:35:00,19.380,19.380,19.380,19.380,6850,1900
2017-07-21 12:32:00,19.280,19.280,19.280,19.280,100,100
2017-07-24 09:36:00,19.280,19.280,19.280,19.280,1800,1800
2017-07-24 13:36:00,19.240,19.240,19.240,19.240,2100,300
2017-07-24 14:58:00,19.250,19.250,19.250,19.250,2300,200
2017-07-24 15:18:00,19.290,19.290,19.290,19.290,7800,5500
2017-07-25 14:24:00,19.300,19.300,19.300,19.300,5700,5700
2017-07-25 15:01:00,19.270,19.270,19.270,19.270,5800,100
2017-07-26 15:39:00,19.320,19.320,19.320,19.320,2206,2200
2017-07-27 11:52:00,19.250,19.250,19.250,19.250,200,200
2017-07-28 09:41:00,19.270,19.270,19.270,19.270,1100,1100
2017-07-28 15:41:00,19.180,19.180,19.180,19.180,6950,5800
2017-07-31 09:31:00,19.320,19.320,19.320,19.320,500,500
2017-07-31 09:53:00,19.150,19.150,19.150,19.150,725,200
2017-07-31 09:56:00,19.140,19.140,19.140,19.140,1925,1200
2017-07-31 15:48:00,19.220,19.220,19.220,19.220,4075,2100
2017-08-01 15:16:00,19.270,19.270,19.270,19.270,4600,4600
2017-08-02 12:44:00,19.030,19.030,19.030,19.030,600,600
2017-08-02 15:15:00,19.010,19.010,19.010,19.010,730,100
2017-08-03 11:00:00,19.065,19.065,19.065,19.065,100,100
2017-08-03 15:02:00,18.990,18.990,18.990,18.990,8800,8700
2017-08-03 15:39:00,18.960,18.960,18.960,18.960,9000,200
2017-08-04 12:02:00,19.070,19.070,19.070,19.070,200,200
2017-08-04 12:19:00,19.070,19.070,19.070,19.070,327,100
2017-08-04 12:21:00,19.070,19.070,19.070,19.070,427,100
2017-08-04 14:41:00,19.110,19.110,19.110,19.110,5927,5500
2017-08-08 15:39:00,19.020,19.020,19.020,19.020,7400,7400
2017-08-09 14:06:00,18.860,18.860,18.860,18.860,110,100
2017-08-10 10:33:00,18.860,18.860,18.860,18.860,500,500
2017-08-10 10:52:00,18.850,18.850,18.850,18.850,600,100
2017-08-10 10:55:00,18.840,18.810,18.840,18.810,1000,400
2017-08-10 12:35:00,18.830,18.830,18.830,18.830,1176,100
2017-08-10 15:47:00,18.840,18.840,18.840,18.840,4176,3000
2017-08-11 09:33:00,18.750,18.750,18.750,18.750,100,100
2017-08-11 09:57:00,18.750,18.750,18.750,18.750,300,200
2017-08-11 09:58:00,18.750,18.750,18.750,18.750,520,200
2017-08-11 10:01:00,18.740,18.740,18.740,18.740,740,200
2017-08-11 10:18:00,18.710,18.710,18.710,18.710,1290,500
2017-08-14 09:44:00,18.860,18.860,18.860,18.860,100,100
2017-08-14 13:35:00,18.960,18.960,18.960,18.960,200,100
2017-08-15 10:18:00,18.860,18.860,18.860,18.860,1300,1300
2017-08-15 15:38:00,19.000,19.000,19.000,19.000,5352,4000
2017-08-16 11:20:00,19.100,19.100,19.100,19.100,300,300
2017-08-16 15:45:00,19.070,19.070,19.070,19.070,1643,1300
2017-08-17 10:20:00,19.080,19.080,19.080,19.080,100,100
2017-08-17 12:10:00,19.090,19.090,19.090,19.090,220,100
2017-08-17 15:25:00,19.010,19.010,19.010,19.010,10270,10000
2017-08-18 15:18:00,18.890,18.890,18.890,18.890,600,600
2017-08-21 14:52:00,18.940,18.940,18.940,18.940,1799,1700
2017-08-22 09:36:00,18.950,18.950,18.950,18.950,400,400
2017-08-22 15:40:00,18.920,18.920,18.920,18.920,2000,1600
2017-08-23 15:34:00,18.930,18.930,18.930,18.930,1024,1000
2017-08-24 15:35:00,18.920,18.920,18.920,18.920,5000,5000
2017-08-25 13:44:00,18.960,18.960,18.960,18.960,1000,1000
2017-08-25 14:06:00,19.010,19.010,19.010,19.010,3668,2600
2017-08-28 15:54:00,18.870,18.870,18.870,18.870,5800,5800
2017-08-29 14:51:00,18.760,18.760,18.760,18.760,2900,2900
2017-08-30 14:40:00,18.900,18.900,18.900,18.900,3200,3200
2017-08-30 14:49:00,18.860,18.860,18.860,18.860,7400,4200
2017-08-31 11:54:00,18.990,18.990,18.990,18.990,10000,10000
2017-08-31 14:54:00,18.990,18.990,18.990,18.990,12812,2800
2017-08-31 15:41:00,18.990,18.990,18.990,18.990,37041,24200
2017-09-01 09:31:00,19.130,19.130,19.130,19.130,100,100
2017-09-05 09:31:00,19.010,19.010,19.010,19.010,100,100
2017-09-05 10:06:00,19.000,19.000,19.000,19.000,290,100
2017-09-05 10:18:00,19.000,19.000,19.000,19.000,390,100
2017-09-05 10:24:00,19.000,19.000,19.000,19.000,690,300
2017-09-05 14:29:00,18.890,18.890,18.890,18.890,9336,8600
2017-09-06 15:52:00,18.900,18.900,18.900,18.900,700,700
2017-09-07 11:00:00,18.860,18.860,18.860,18.860,425,400
2017-09-07 15:49:00,18.890,18.890,18.890,18.890,8600,8100
2017-09-08 14:19:00,18.910,18.910,18.910,18.910,202,100
2017-09-08 15:09:00,18.920,18.920,18.920,18.920,413,100
2017-09-08 15:10:00,18.920,18.920,18.920,18.920,1913,1500
2017-09-11 11:53:00,18.980,18.980,18.980,18.980,700,700
2017-09-11 15:44:00,19.010,19.000,19.000,19.010,6801,6100
2017-09-12 15:27:00,18.940,18.940,18.940,18.940,6900,6900
2017-09-12 15:47:00,18.890,18.890,18.890,18.890,9300,2400
2017-09-13 15:19:00,18.880,18.880,18.880,18.880,220,200
2017-09-14 15:50:00,19.000,19.000,19.000,19.000,100,100
2017-09-15 15:46:00,19.070,19.070,19.070,19.070,5634,5600
2017-09-18 12:39:00,19.010,19.010,19.010,19.010,5479,5400
2017-09-18 15:40:00,19.030,19.030,19.030,19.030,13879,8400
2017-09-19 14:20:00,18.960,18.960,18.960,18.960,1500,1500
2017-09-21 14:02:00,18.940,18.940,18.940,18.940,557,500
2017-09-22 10:50:00,18.970,18.970,18.970,18.970,600,600
2017-09-22 15:16:00,18.900,18.900,18.900,18.900,5903,5300
2017-09-25 15:14:00,19.150,19.140,19.140,19.150,2200,2200
2017-09-25 15:18:00,19.145,19.145,19.145,19.145,3000,800
2017-09-26 13:24:00,19.130,19.130,19.130,19.130,3600,3600
2017-09-27 15:09:00,19.070,19.070,19.070,19.070,1100,1100
2017-09-27 15:22:00,19.060,19.060,19.060,19.060,4100,3000
2017-09-28 15:37:00,19.080,19.080,19.080,19.080,3762,3700
2017-09-29 15:08:00,19.130,19.130,19.130,19.130,200,200
2017-10-02 15:29:00,19.240,19.240,19.240,19.240,6014,6000
2017-10-03 15:24:00,19.220,19.220,19.220,19.220,180,100
2017-10-03 15:42:00,19.230,19.230,19.230,19.230,4780,4600
2017-10-05 14:42:00,19.340,19.340,19.340,19.340,800,800
2017-10-06 09:45:00,19.260,19.260,19.260,19.260,116,100
2017-10-06 15:21:00,19.300,19.300,19.300,19.300,14174,14000
2017-10-11 11:27:00,19.350,19.350,19.350,19.350,400,400
2017-10-11 15:46:00,19.360,19.360,19.360,19.360,1100,700
2017-10-12 14:25:00,19.440,19.440,19.440,19.440,600,600
2017-10-12 15:42:00,19.460,19.450,19.450,19.460,6700,6100
2017-10-13 15:45:00,19.500,19.500,19.500,19.500,4700,4700
2017-10-16 14:48:00,19.390,19.390,19.390,19.390,5466,5400
2017-10-16 15:16:00,19.360,19.360,19.360,19.360,5566,100
2017-10-17 15:35:00,19.370,19.370,19.370,19.370,131,100
2017-10-17 15:56:00,19.390,19.390,19.390,19.390,10931,10800
2017-10-18 15:45:00,19.390,19.390,19.390,19.390,10000,10000
2017-10-19 12:53:00,19.350,19.350,19.350,19.350,106,100
2017-10-19 15:35:00,19.320,19.320,19.320,19.320,5761,5600
2017-10-20 15:34:00,19.230,19.230,19.230,19.230,5910,5900
2017-10-20 15:51:00,19.190,19.190,19.190,19.190,13010,7100
2017-10-23 15:30:00,19.160,19.160,19.160,19.160,9200,9200
2017-10-24 11:59:00,19.120,19.120,19.120,19.120,203,200
2017-10-24 15:39:00,19.160,19.160,19.160,19.160,4803,4600
2017-10-25 15:26:00,19.090,19.090,19.090,19.090,900,900
2017-10-26 10:35:00,19.020,19.020,19.020,19.020,5000,5000
2017-10-26 14:34:00,19.080,19.080,19.080,19.080,8644,3600
2017-10-26 15:59:00,19.040,19.040,19.040,19.040,9244,600
2017-10-27 15:19:00,19.120,19.120,19.120,19.120,7624,7600
2017-10-30 15:33:00,18.970,18.970,18.970,18.970,1749,1700
2017-10-31 15:13:00,19.050,19.050,19.050,19.050,6300,6300
2017-11-01 15:37:00,19.100,19.100,19.100,19.100,5800,5800
2017-11-02 12:56:00,19.150,19.150,19.150,19.150,321,300
2017-11-02 15:50:00,19.210,19.210,19.210,19.210,1696,1300
2017-11-03 13:46:00,19.000,18.990,19.000,18.990,900,900
2017-11-03 15:03:00,19.020,19.020,19.020,19.020,10900,10000
2017-11-03 15:13:00,19.000,19.000,19.000,19.000,11100,200
2017-11-03 15:33:00,18.990,18.990,18.990,18.990,11700,600
2017-11-03 16:00:00,19.010,19.010,19.010,19.010,11800,100
2017-11-06 09:43:00,19.000,19.000,19.000,19.000,500,500
2017-11-07 11:58:00,19.090,19.090,19.090,19.090,205,200
2017-11-07 13:47:00,19.170,19.170,19.170,19.170,505,300
2017-11-07 15:18:00,19.250,19.250,19.250,19.250,1955,1400
2017-11-08 10:19:00,19.310,19.310,19.310,19.310,2602,2600
2017-11-08 15:32:00,19.330,19.330,19.330,19.330,13302,10700
2017-11-09 09:58:00,19.270,19.270,19.270,19.270,700,700
2017-11-09 15:53:00,19.290,19.290,19.290,19.290,3900,3200
2017-11-10 11:47:00,19.300,19.300,19.300,19.300,100,100
2017-11-10 15:38:00,19.320,19.310,19.310,19.320,10301,10200
2017-11-10 15:53:00,19.280,19.280,19.280,19.280,12301,2000
2017-11-13 10:01:00,19.320,19.320,19.320,19.320,126,100
2017-11-13 11:41:00,19.260,19.260,19.260,19.260,426,300
2017-11-13 15:32:00,19.350,19.350,19.350,19.350,5741,5300
2017-11-14 09:31:00,19.470,19.470,19.470,19.470,200,200
2017-11-14 10:19:00,19.360,19.360,19.360,19.360,350,100
2017-11-14 14:19:00,19.320,19.320,19.320,19.320,450,100
2017-11-14 15:38:00,19.300,19.300,19.300,19.300,2150,1700
2017-11-15 15:15:00,19.160,19.150,19.160,19.150,234,200
2017-11-16 13:47:00,19.280,19.280,19.280,19.280,200,200
2017-11-16 15:09:00,19.270,19.270,19.270,19.270,9654,9400
2017-11-17 15:40:00,19.250,19.250,19.250,19.250,653,600
2017-11-17 15:50:00,19.280,19.280,19.280,19.280,7553,6900
2017-11-20 14:13:00,19.240,19.240,19.240,19.240,427,400
2017-11-20 15:41:00,19.260,19.260,19.260,19.260,6227,5800
2017-11-21 15:10:00,19.380,19.380,19.380,19.380,6300,6300
2017-11-22 15:13:00,19.370,19.370,19.370,19.370,1500,1500
2017-11-24 11:21:00,19.320,19.320,19.320,19.320,100,100
2017-11-24 12:39:00,19.320,19.320,19.320,19.320,1500,1400
2017-11-24 14:29:00,19.310,19.310,19.310,19.310,1600,100
2017-11-24 15:11:00,19.310,19.310,19.310,19.310,2435,800
2017-11-27 11:00:00,19.290,19.290,19.290,19.290,2600,2600
2017-11-27 15:29:00,19.280,19.280,19.280,19.280,8100,5500
2017-11-28 12:04:00,19.170,19.170,19.170,19.170,402,400
2017-11-28 15:30:00,19.180,19.180,19.180,19.180,7002,6600
2017-11-29 11:44:00,19.090,19.080,19.090,19.080,2446,2400
2017-11-29 15:30:00,19.150,19.150,19.150,19.150,7746,5300
2017-11-30 15:42:00,19.190,19.190,19.190,19.190,4101,4100
2017-12-01 14:50:00,19.140,19.140,19.140,19.140,100,100
2017-12-01 15:20:00,19.160,19.160,19.160,19.160,9300,9200
2017-12-04 15:16:00,19.190,19.190,19.190,19.190,7900,7900
2017-12-05 15:41:00,19.070,19.070,19.070,19.070,1900,1900
2017-12-06 12:48:00,18.940,18.940,18.940,18.940,411,400
2017-12-06 13:26:00,18.950,18.950,18.950,18.950,711,300
2017-12-06 15:21:00,19.000,19.000,19.000,19.000,10634,9900
2017-12-07 15:19:00,19.080,19.080,19.080,19.080,1504,1500
2017-12-08 15:35:00,19.170,19.170,19.170,19.170,5822,5700
2017-12-11 10:37:00,19.180,19.180,19.180,19.180,102,100
2017-12-11 10:52:00,19.180,19.180,19.180,19.180,5052,4900
2017-12-11 14:46:00,19.190,19.190,19.190,19.190,5155,100
2017-12-11 15:44:00,19.160,19.160,19.160,19.160,10755,5600
2017-12-12 13:15:00,19.210,19.210,19.210,19.210,4900,4900
2017-12-12 15:38:00,19.240,19.240,19.240,19.240,14845,9900
2017-12-13 15:25:00,19.230,19.230,19.230,19.230,245,200
2017-12-13 15:45:00,19.230,19.230,19.230,19.230,6495,6200
2017-12-14 15:29:00,19.240,19.240,19.240,19.240,1000,1000
2017-12-15 10:08:00,19.270,19.270,19.270,19.270,361,300
2017-12-15 15:35:00,19.270,19.270,19.270,19.270,2611,2200
2017-12-18 09:31:00,19.500,19.500,19.500,19.500,200,200
2017-12-18 09:51:00,19.370,19.370,19.370,19.370,454,100
2017-12-18 15:21:00,19.330,19.330,19.330,19.330,554,100
2017-12-19 15:06:00,19.130,19.130,19.130,19.130,100,100
2017-12-19 15:18:00,19.130,19.130,19.130,19.130,3400,3300
2017-12-20 10:30:00,19.090,19.090,19.090,19.090,100,100
2017-12-20 13:20:00,19.060,19.060,19.060,19.060,800,700
2017-12-20 13:21:00,19.060,19.060,19.060,19.060,1700,900
2017-12-20 15:59:00,19.020,19.020,19.020,19.020,4300,2600
2017-12-21 09:31:00,19.140,19.140,19.140,19.140,600,600
2017-12-21 15:23:00,18.920,18.920,18.920,18.920,4901,4200
2017-12-21 15:30:00,18.900,18.900,18.900,18.900,5001,100
2017-12-22 11:31:00,18.955,18.955,18.955,18.955,100,100
2017-12-22 15:38:00,18.960,18.960,18.960,18.960,3800,3700
2017-12-22 15:48:00,18.960,18.960,18.960,18.960,4300,500
2017-12-28 15:03:00,19.080,19.080,19.080,19.080,3512,3500
2017-12-29 10:05:00,19.030,19.030,19.030,19.030,300,300
2017-12-29 14:47:00,19.060,19.060,19.060,19.060,13500,13200
2018-01-02 09:37:00,19.030,19.030,19.030,19.030,100,100
2018-01-02 09:51:00,19.000,19.000,19.000,19.000,200,100
2018-01-02 12:17:00,19.020,19.020,19.020,19.020,505,300
2018-01-03 12:27:00,18.950,18.950,18.950,18.950,201,200
2018-01-04 09:31:00,19.100,19.100,19.100,19.100,1800,1800
2018-01-05 14:23:00,18.780,18.780,18.780,18.780,100,100
2018-01-05 15:37:00,18.780,18.780,18.780,18.780,12300,12200
2018-01-08 10:11:00,18.840,18.840,18.840,18.840,175,100
2018-01-08 10:14:00,18.830,18.830,18.830,18.830,775,600
2018-01-08 15:19:00,18.870,18.870,18.870,18.870,987,100
2018-01-08 15:39:00,18.890,18.890,18.890,18.890,14887,13900
2018-01-09 09:42:00,18.940,18.940,18.940,18.940,195,100
2018-01-09 15:10:00,18.860,18.840,18.860,18.840,2934,2700
2018-01-09 15:47:00,18.870,18.870,18.870,18.870,4534,1600
2018-01-10 10:11:00,18.650,18.650,18.650,18.650,200,100
2018-01-10 15:42:00,18.680,18.680,18.680,18.680,5605,5400
2018-01-11 15:32:00,18.580,18.580,18.580,18.580,3837,3700
2018-01-12 09:31:00,18.720,18.720,18.720,18.720,1300,1300
2018-01-12 10:37:00,18.540,18.540,18.540,18.540,1635,200
2018-01-12 10:50:00,18.550,18.550,18.550,18.550,1735,100
2018-01-12 13:25:00,18.490,18.490,18.490,18.490,1835,100
2018-01-12 13:38:00,18.485,18.485,18.485,18.485,1935,100
2018-01-12 14:08:00,18.490,18.490,18.490,18.490,2035,100
2018-01-12 15:48:00,18.520,18.520,18.520,18.520,9398,7300
2018-01-17 15:54:00,18.710,18.710,18.710,18.710,6944,6900
2018-01-18 09:36:00,18.680,18.680,18.680,18.680,142,100
2018-01-18 15:22:00,18.630,18.630,18.630,18.630,7742,7600
2018-01-18 15:37:00,18.570,18.560,18.570,18.560,9242,1500
2018-01-19 15:58:00,18.700,18.700,18.700,18.700,5400,5400
2018-01-22 09:31:00,18.820,18.820,18.820,18.820,200,200
2018-01-22 15:16:00,18.790,18.790,18.790,18.790,356,100
2018-01-23 14:56:00,18.940,18.940,18.940,18.940,9559,9500
2018-01-23 15:15:00,18.930,18.930,18.930,18.930,10009,400
2018-01-24 10:12:00,18.950,18.950,18.950,18.950,101,100
2018-01-24 11:15:00,18.910,18.910,18.910,18.910,1001,900
2018-01-24 15:33:00,18.900,18.900,18.900,18.900,9601,8500
2018-01-25 09:31:00,19.050,19.050,19.050,19.050,100,100
2018-01-25 14:50:00,18.880,18.880,18.880,18.880,4900,4800
2018-01-26 11:08:00,18.900,18.900,18.900,18.900,500,500
2018-01-26 12:49:00,18.900,18.900,18.900,18.900,600,100
2018-01-26 14:48:00,18.900,18.900,18.900,18.900,1610,1000
2018-01-26 15:23:00,18.950,18.950,18.950,18.950,11710,10100
2018-01-29 09:31:00,18.900,18.900,18.900,18.900,100,100
2018-01-29 15:41:00,18.810,18.810,18.810,18.810,14154,14000
2018-01-30 15:01:00,18.590,18.590,18.590,18.590,2800,2800
2018-01-31 09:31:00,18.720,18.720,18.720,18.720,100,100
2018-01-31 10:12:00,18.720,18.720,18.720,18.720,223,100
2018-01-31 15:00:00,18.720,18.720,18.720,18.720,1423,1200
2018-01-31 15:10:00,18.680,18.680,18.680,18.680,1523,100