2018-02-05 09:31:00,437.5500,435.1900,436.9800,435.5150,5526,4918
2018-02-05 09:32:00,437.0500,436.2300,436.2300,436.9800,7308,1604
2018-02-05 09:33:00,437.6910,435.7900,437.6910,437.6700,8134,620
2018-02-05 09:35:00,438.4700,438.3400,438.3400,438.4700,8626,200
2018-02-05 09:36:00,438.3700,438.3700,438.3700,438.3700,8750,100
2018-02-05 09:37:00,438.7000,437.1125,437.1125,438.7000,10534,700
2018-02-05 09:38:00,439.8500,438.5200,439.7200,438.5200,11507,639
2018-02-05 09:39:00,438.2700,437.1500,438.2700,437.1500,12607,800
2018-02-05 09:40:00,438.5500,437.6600,437.6600,438.5500,13576,649
2018-02-05 09:42:00,438.5000,437.6000,438.5000,437.6000,14185,300
2018-02-05 09:43:00,438.5400,437.5750,437.5750,438.5400,14464,210
2018-02-05 09:44:00,439.2000,438.5750,438.5750,439.2000,14690,200
2018-02-05 09:45:00,439.5000,439.3000,439.4700,439.3000,15950,921
2018-02-05 09:46:00,439.9900,439.4700,439.4700,439.5800,16829,400
2018-02-05 09:47:00,440.0600,439.2600,440.0000,439.9910,18134,700
2018-02-05 09:48:00,440.5200,440.5158,440.5158,440.5200,18598,430
2018-02-05 09:49:00,440.8700,439.5100,440.1150,439.5100,21478,2300
2018-02-05 09:50:00,439.7900,439.3100,439.7100,439.7900,22449,700
2018-02-05 09:51:00,441.0570,440.3000,440.6300,440.3000,23855,600
2018-02-05 09:52:00,440.6950,439.8000,440.2200,440.2300,25683,1400
2018-02-05 09:53:00,440.6800,440.0850,440.3400,440.4000,27352,1403
2018-02-05 09:54:00,440.7465,440.1000,440.1000,440.7465,28547,600
2018-02-05 09:55:00,440.7600,440.7600,440.7600,440.7600,28652,100
2018-02-05 09:56:00,440.9000,440.8650,440.8650,440.9000,29327,400
2018-02-05 09:57:00,440.3000,440.3000,440.3000,440.3000,29458,100
2018-02-05 09:58:00,441.2500,440.9450,441.2500,441.0950,30574,1102
2018-02-05 09:59:00,441.1650,440.5100,441.1650,440.5100,32031,500
2018-02-05 10:01:00,440.7350,440.1250,440.7350,440.1250,36757,4200
2018-02-05 10:02:00,441.4200,441.2900,441.2900,441.4200,37322,200
2018-02-05 10:03:00,441.4400,441.0400,441.0400,441.1550,40090,2200
2018-02-05 10:04:00,441.2600,441.2600,441.2600,441.2600,40718,100
2018-02-05 10:05:00,441.5300,441.1000,441.1800,441.5300,41774,600
2018-02-05 10:06:00,440.6800,439.6300,440.6800,440.0500,43436,1500
2018-02-05 10:07:00,440.4200,439.6700,440.4200,439.6700,43732,200
2018-02-05 10:09:00,440.0000,440.0000,440.0000,440.0000,44103,277
2018-02-05 10:10:00,440.0350,439.0400,439.9800,439.0400,62811,18300
2018-02-05 10:12:00,439.4600,439.4600,439.4600,439.4600,63385,100
2018-02-05 10:13:00,439.3300,439.3300,439.3300,439.3300,63726,100
2018-02-05 10:14:00,440.5000,439.6900,439.6900,440.1100,66327,1500
2018-02-05 10:15:00,440.4500,440.1450,440.4000,440.1500,67657,1100
2018-02-05 10:16:00,440.4500,439.6800,440.1600,439.6800,70181,2100
2018-02-05 10:17:00,440.0250,440.0250,440.0250,440.0250,70292,100
2018-02-05 10:18:00,440.0000,440.0000,440.0000,440.0000,70419,100
2018-02-05 10:19:00,440.3900,439.6200,440.0000,439.6200,72115,1400
2018-02-05 10:22:00,439.1700,438.8000,439.1700,439.1350,73374,1100
2018-02-05 10:23:00,439.1600,439.1600,439.1600,439.1600,73480,100
2018-02-05 10:26:00,440.4900,440.0000,440.0100,440.0550,76412,1943
2018-02-05 10:27:00,440.0800,440.0100,440.0800,440.0800,77133,600
2018-02-05 10:29:00,440.0350,440.0300,440.0300,440.0350,77526,300
2018-02-05 10:31:00,440.1300,439.8000,440.1300,440.1300,78274,700
2018-02-05 10:32:00,440.3000,439.8000,440.3000,439.9050,79703,1050
2018-02-05 10:36:00,439.9900,439.9900,439.9900,439.9900,80289,100
2018-02-05 10:37:00,440.4300,440.4300,440.4300,440.4300,80407,100
2018-02-05 10:38:00,440.9200,440.1900,440.1900,440.8050,82783,1800
2018-02-05 10:39:00,441.1100,441.0350,441.0350,441.1100,83205,400
2018-02-05 10:40:00,441.4400,441.1450,441.1450,441.4400,83518,300
2018-02-05 10:41:00,440.9600,440.9300,440.9600,440.9500,84863,700
2018-02-05 10:42:00,441.4470,441.4470,441.4470,441.4470,85246,340
2018-02-05 10:43:00,441.2013,441.0450,441.0550,441.2013,86343,949
2018-02-05 10:47:00,441.3900,441.0000,441.0050,441.2050,92297,5700
2018-02-05 10:48:00,441.2500,440.9400,441.0100,440.9900,93589,1000
2018-02-05 10:50:00,440.8000,440.8000,440.8000,440.8000,93758,100
2018-02-05 10:51:00,440.7900,440.1750,440.7900,440.1750,94681,500
2018-02-05 10:52:00,440.3950,439.2700,440.3950,440.3000,95119,400
2018-02-05 10:55:00,439.8750,439.1501,439.8750,439.1501,95575,400
2018-02-05 10:57:00,439.7050,439.1700,439.1700,439.7050,95856,200
2018-02-05 11:01:00,439.6950,439.6950,439.6950,439.6950,96017,100
2018-02-05 11:02:00,440.1400,440.0900,440.0900,440.1400,96584,400
2018-02-05 11:03:00,441.1700,440.1400,440.1400,440.9800,101041,3200
2018-02-05 11:05:00,440.4100,440.4100,440.4100,440.4100,101324,100
2018-02-05 11:06:00,441.0000,441.0000,441.0000,441.0000,101424,100
2018-02-05 11:08:00,441.1000,440.7500,441.1000,440.9400,103246,700
2018-02-05 11:09:00,441.0120,441.0120,441.0120,441.0120,103729,186
2018-02-05 11:12:00,440.6100,440.2801,440.2801,440.6100,104370,545
2018-02-05 11:13:00,440.6250,440.3800,440.4800,440.6250,105205,523
2018-02-05 11:14:00,440.4600,440.2800,440.4600,440.3300,105932,600
2018-02-05 11:16:00,440.1427,440.1427,440.1427,440.1427,106338,363
2018-02-05 11:20:00,440.2100,439.7900,440.2100,439.7900,108248,1400
2018-02-05 11:21:00,440.3700,439.4400,440.3700,439.4400,108650,400
2018-02-05 11:22:00,439.9200,439.5100,439.5100,439.9200,109074,300
2018-02-05 11:25:00,440.7250,440.3300,440.3400,440.4000,113579,3268
2018-02-05 11:26:00,441.0950,440.3900,440.5400,440.4050,118802,4363
2018-02-05 11:27:00,440.4600,440.4600,440.4600,440.4600,119006,100
2018-02-05 11:28:00,440.7600,440.7200,440.7200,440.7600,120574,500
2018-02-05 11:30:00,440.7200,440.7200,440.7200,440.7200,120964,100
2018-02-05 11:31:00,440.4850,440.1900,440.4850,440.1900,121557,500
2018-02-05 11:32:00,440.7700,440.4000,440.4850,440.4000,124544,2649
2018-02-05 11:36:00,440.2450,439.8200,439.8900,439.8200,125333,600
2018-02-05 11:37:00,440.6000,440.2500,440.2900,440.3000,126748,1026
2018-02-05 11:38:00,440.4500,440.0600,440.2500,440.0600,128747,1700
2018-02-05 11:39:00,440.6650,440.3800,440.3890,440.3850,132352,2600
2018-02-05 11:40:00,440.3850,440.2315,440.3050,440.2315,132921,548
2018-02-05 11:41:00,440.6500,439.9300,440.0500,440.6000,133609,600
2018-02-05 11:44:00,440.2200,439.8900,439.9000,440.2200,134147,400
2018-02-05 11:45:00,440.2750,439.9200,440.2750,439.9200,134575,300
2018-02-05 11:48:00,440.2200,440.2200,440.2200,440.2200,134890,100
2018-02-05 11:50:00,440.7000,440.5600,440.5600,440.6200,136878,1300
2018-02-05 11:51:00,441.0750,440.4800,440.7000,440.4800,138369,900
2018-02-05 11:52:00,441.6200,440.7100,440.7100,440.7400,141952,2944
2018-02-05 11:53:00,441.1450,441.1225,441.1400,441.1450,143505,1500
2018-02-05 11:54:00,441.1450,441.1450,441.1450,441.1450,143680,100
2018-02-05 11:55:00,441.4400,441.1500,441.4400,441.1950,144408,400
2018-02-05 11:56:00,441.5300,441.1950,441.1950,441.4400,146529,2000
2018-02-05 11:57:00,441.4600,441.2050,441.4600,441.2300,147236,600
2018-02-05 11:58:00,441.5400,441.1500,441.2300,441.4650,149055,1800
2018-02-05 11:59:00,441.7300,441.4400,441.4900,441.5900,151576,2000
2018-02-05 12:00:00,441.8400,441.5900,441.5900,441.6300,152276,700
2018-02-05 12:02:00,441.8300,441.1500,441.5850,441.2550,155733,2900
2018-02-05 12:03:00,441.6000,441.1150,441.1150,441.6000,156915,900
2018-02-05 12:04:00,441.8000,441.1400,441.1400,441.5550,157367,400
2018-02-05 12:05:00,441.5200,441.1900,441.5200,441.1900,158419,500
2018-02-05 12:07:00,440.6800,440.3250,440.3250,440.6800,158701,200
2018-02-05 12:11:00,440.2300,440.2300,440.2300,440.2300,158909,100
2018-02-05 12:13:00,440.4100,440.0000,440.2000,440.4100,160599,1000
2018-02-05 12:15:00,440.1214,439.8900,439.8900,440.1214,161290,500
2018-02-05 12:16:00,440.4000,440.4000,440.4000,440.4000,161395,100
2018-02-05 12:18:00,440.1900,439.7900,439.8300,439.8200,162946,1100
2018-02-05 12:19:00,440.0700,440.0700,440.0700,440.0700,163085,100
2018-02-05 12:21:00,439.6789,439.6789,439.6789,439.6789,163296,200
2018-02-05 12:23:00,439.6000,439.0400,439.6000,439.3400,164462,922
2018-02-05 12:24:00,439.3400,439.3400,439.3400,439.3400,164679,200
2018-02-05 12:25:00,439.7200,439.7200,439.7200,439.7200,164897,100
2018-02-05 12:27:00,440.4800,439.7900,439.7900,440.1700,167830,2487
2018-02-05 12:31:00,440.2000,440.2000,440.2000,440.2000,168100,200
2018-02-05 12:32:00,440.4100,440.4100,440.4100,440.4100,168229,100
2018-02-05 12:33:00,440.4400,440.2100,440.2400,440.4400,168694,400
2018-02-05 12:37:00,440.2200,440.1750,440.1750,440.2200,168952,200
2018-02-05 12:38:00,440.1500,439.8600,439.8600,440.1500,171239,1700
2018-02-05 12:39:00,440.3300,440.0900,440.0900,440.3300,172353,800
2018-02-05 12:40:00,440.4400,440.4400,440.4400,440.4400,172453,100
2018-02-05 12:42:00,440.4700,440.3150,440.4000,440.3150,174579,1800
2018-02-05 12:43:00,440.3800,439.9200,440.3800,439.9200,175567,600
2018-02-05 12:44:00,440.2600,440.0850,440.1600,440.2600,176651,900
2018-02-05 12:45:00,440.2600,439.8400,440.0000,439.8500,181286,3800
2018-02-05 12:46:00,440.6400,439.8900,440.5250,439.8900,183135,1400
2018-02-05 12:47:00,440.0600,439.8900,439.9100,439.9100,184612,800
2018-02-05 12:48:00,440.1100,440.1000,440.1000,440.1100,185409,500
2018-02-05 12:49:00,440.0200,439.7800,440.0200,439.7800,187552,1500
2018-02-05 12:50:00,440.1400,439.9850,440.0400,440.1400,188660,600
2018-02-05 12:51:00,440.0700,440.0415,440.0700,440.0415,188873,200
2018-02-05 12:52:00,440.1000,439.8600,440.1000,440.0000,190955,1460
2018-02-05 12:53:00,440.2300,440.0300,440.2300,440.0300,193196,1399
2018-02-05 12:54:00,440.5100,440.0400,440.5100,440.2065,197664,4200
2018-02-05 12:55:00,440.2050,440.2050,440.2050,440.2050,198125,400
2018-02-05 12:56:00,440.4100,440.1500,440.2050,440.1500,198482,300
2018-02-05 12:58:00,440.1500,440.0800,440.1500,440.0800,198915,200
2018-02-05 13:00:00,439.6919,439.6919,439.6919,439.6919,199143,186
2018-02-05 13:02:00,438.9400,438.8200,438.9400,438.8200,199737,200
2018-02-05 13:03:00,438.5600,437.9689,438.5400,437.9689,200468,600
2018-02-05 13:05:00,437.7800,437.6100,437.7700,437.7800,201114,500
2018-02-05 13:06:00,437.5950,437.5300,437.5600,437.5950,201666,400
2018-02-05 13:07:00,437.5800,437.1000,437.1000,437.5800,203067,1400
2018-02-05 13:10:00,437.1200,437.1100,437.1100,437.1200,203878,300
2018-02-05 13:11:00,436.7900,436.7900,436.7900,436.7900,204070,100
2018-02-05 13:13:00,436.7600,436.7600,436.7600,436.7600,204514,113
2018-02-05 13:16:00,437.3300,436.9950,437.2800,437.1300,208200,2400
2018-02-05 13:17:00,436.7400,435.7900,436.7000,435.7900,209355,700
2018-02-05 13:18:00,435.7900,435.7900,435.7900,435.7900,209789,300
2018-02-05 13:20:00,436.0400,435.8000,435.8000,436.0400,210203,300
2018-02-05 13:21:00,435.7100,435.7100,435.7100,435.7100,210303,100
2018-02-05 13:23:00,436.0000,435.9000,435.9600,435.9000,210865,400
2018-02-05 13:25:00,436.2700,435.5034,435.5034,435.8700,211546,458
2018-02-05 13:27:00,435.9300,435.9300,435.9300,435.9300,213274,1600
2018-02-05 13:28:00,435.9050,435.9050,435.9050,435.9050,213397,100
2018-02-05 13:29:00,435.5800,435.5500,435.5800,435.5500,214380,500
2018-02-05 13:30:00,435.0100,435.0100,435.0100,435.0100,214796,167
2018-02-05 13:31:00,435.2600,434.9400,434.9400,434.9932,215284,400
2018-02-05 13:33:00,435.2200,435.2050,435.2050,435.2200,215903,400
2018-02-05 13:34:00,435.2100,435.2100,435.2100,435.2100,216330,300
2018-02-05 13:35:00,435.2400,434.9500,435.2400,435.1200,217463,800
2018-02-05 13:37:00,435.2150,435.2150,435.2150,435.2150,217690,100
2018-02-05 13:38:00,435.2450,434.9800,435.1000,435.2200,220335,2048
2018-02-05 13:39:00,435.2200,435.2200,435.2200,435.2200,220435,100
2018-02-05 13:40:00,435.0100,434.7500,435.0100,434.7500,221512,600
2018-02-05 13:41:00,435.3000,434.8900,434.8900,435.3000,222481,700
2018-02-05 13:42:00,435.6000,435.2200,435.3300,435.6000,225042,2026
2018-02-05 13:43:00,435.1400,435.1400,435.1400,435.1400,225361,100
2018-02-05 13:45:00,435.5400,435.3700,435.5400,435.4650,226393,600
2018-02-05 13:46:00,435.4075,435.4075,435.4075,435.4075,226493,100
2018-02-05 13:47:00,435.7100,435.2890,435.7100,435.6600,226875,360
2018-02-05 13:48:00,435.5900,434.7000,435.1400,435.5900,227688,600
2018-02-05 13:52:00,435.7300,435.6900,435.7300,435.6900,228079,200
2018-02-05 13:53:00,435.8100,435.5300,435.7700,435.5850,229678,1100
2018-02-05 13:54:00,435.7500,435.7150,435.7150,435.7500,230054,300
2018-02-05 13:55:00,435.8800,435.8800,435.8800,435.8800,230164,100
2018-02-05 13:56:00,435.5300,435.2600,435.5100,435.5200,231394,1000
2018-02-05 13:58:00,435.7850,435.6100,435.6100,435.6100,232505,900
2018-02-05 13:59:00,435.5400,435.0300,435.3150,435.0300,233639,1100
2018-02-05 14:01:00,435.3950,435.1700,435.3400,435.1700,234303,500
2018-02-05 14:02:00,435.6200,435.6200,435.6200,435.6200,234601,100
2018-02-05 14:03:00,435.5800,435.1700,435.1900,435.5800,238170,2900
2018-02-05 14:04:00,435.5900,435.2000,435.3900,435.5900,238649,379
2018-02-05 14:05:00,435.8500,435.1500,435.2400,435.8500,241711,2000
2018-02-05 14:06:00,435.3100,435.3000,435.3100,435.3100,242939,904
2018-02-05 14:07:00,435.3300,435.2800,435.2800,435.3300,243147,200
2018-02-05 14:08:00,435.2500,434.9500,435.2500,434.9500,244452,700
2018-02-05 14:09:00,435.2900,435.0250,435.0250,435.2900,245120,500
2018-02-05 14:13:00,435.2500,435.0000,435.0000,435.2500,245539,200
2018-02-05 14:14:00,435.5167,435.0000,435.2300,435.5167,246370,732
2018-02-05 14:15:00,435.5223,435.5223,435.5223,435.5223,246526,100
2018-02-05 14:16:00,435.1700,434.5400,435.1700,434.8500,247357,700
2018-02-05 14:17:00,434.4400,433.9800,434.4400,434.3400,248954,1304
2018-02-05 14:18:00,434.1300,433.8200,434.0500,434.1300,249918,500
2018-02-05 14:19:00,434.0000,433.6100,433.8200,434.0000,251303,780
2018-02-05 14:21:00,433.9700,433.9700,433.9700,433.9700,251432,100
2018-02-05 14:22:00,434.2800,434.2800,434.2800,434.2800,251559,100
2018-02-05 14:23:00,434.3700,434.0100,434.1800,434.3700,253205,700
2018-02-05 14:24:00,434.5000,434.5000,434.5000,434.5000,253430,100
2018-02-05 14:26:00,434.0200,434.0200,434.0200,434.0200,253541,100
2018-02-05 14:27:00,434.0900,433.7000,434.0900,433.7000,254545,600
2018-02-05 14:28:00,433.5150,433.1777,433.5100,433.1777,255529,685
2018-02-05 14:29:00,433.7200,433.7200,433.7200,433.7200,255776,100
2018-02-05 14:30:00,433.9100,433.5300,433.7900,433.7600,257333,1200
2018-02-05 14:31:00,433.7900,433.3800,433.6850,433.3800,258619,700
2018-02-05 14:32:00,433.3700,433.3700,433.3700,433.3700,258836,100
2018-02-05 14:33:00,433.5800,433.0100,433.5250,433.3950,260986,1600
2018-02-05 14:35:00,433.1400,432.6200,433.1400,433.0800,264776,2785
2018-02-05 14:36:00,433.0200,433.0200,433.0200,433.0200,265044,100
2018-02-05 14:38:00,432.9600,432.9600,432.9600,432.9600,265489,300
2018-02-05 14:39:00,432.6100,432.5100,432.6100,432.5100,266145,400
2018-02-05 14:40:00,432.6400,432.6400,432.6400,432.6400,266255,100
2018-02-05 14:41:00,432.7100,432.5400,432.6000,432.5400,267292,700
2018-02-05 14:43:00,432.9230,432.5900,432.9230,432.5900,267651,212
2018-02-05 14:45:00,432.2300,431.8300,432.2300,431.9500,268757,500
2018-02-05 14:46:00,432.1000,431.8600,432.1000,431.8600,269279,300
2018-02-05 14:47:00,432.1100,432.1000,432.1000,432.1100,270261,800
2018-02-05 14:50:00,431.7550,431.7550,431.7550,431.7550,270710,100
2018-02-05 14:51:00,431.5000,431.3900,431.5000,431.3900,272098,1000
2018-02-05 14:52:00,431.4900,430.9600,431.1500,431.4900,273463,800
2018-02-05 14:53:00,431.8300,431.4730,431.4950,431.7525,301151,27157
2018-02-05 14:54:00,431.9100,431.5670,431.5670,431.7800,302372,600
2018-02-05 14:55:00,431.8600,431.8600,431.8600,431.8600,302596,100
2018-02-05 14:56:00,431.6150,431.5600,431.5600,431.6150,303420,300
2018-02-05 14:57:00,431.0500,431.0300,431.0300,431.0500,303874,200
2018-02-05 14:59:00,431.4900,430.5500,430.6300,430.5500,305240,1100
2018-02-05 15:00:00,430.9350,430.9200,430.9350,430.9200,305454,200
2018-02-05 15:01:00,430.9000,430.3300,430.9000,430.3300,305999,200
2018-02-05 15:03:00,430.1700,430.1600,430.1700,430.1600,306927,300
2018-02-05 15:04:00,430.3050,430.1100,430.3050,430.1200,308094,700
2018-02-05 15:05:00,430.0500,428.7000,430.0500,428.7000,311189,2031
2018-02-05 15:06:00,429.1300,429.0050,429.0900,429.0050,312607,700
2018-02-05 15:07:00,428.5100,428.4600,428.5100,428.5100,313134,300
2018-02-05 15:08:00,428.9600,428.0100,428.4500,428.6250,317640,3400
2018-02-05 15:09:00,428.0950,427.3900,428.0900,427.4600,320922,2569
2018-02-05 15:10:00,427.7400,427.3100,427.4500,427.4650,324615,2712
2018-02-05 15:11:00,428.6700,427.0000,427.1100,428.2400,332714,4950
2018-02-05 15:12:00,428.2100,428.1900,428.1900,428.2100,333013,200
2018-02-05 15:13:00,428.9400,427.4700,427.5200,428.9400,335619,1730
2018-02-05 15:14:00,429.7300,428.6200,429.7300,428.6200,337020,300
2018-02-05 15:15:00,428.5700,427.8100,428.2300,428.5700,338551,1000
2018-02-05 15:19:00,431.1500,430.6000,430.6000,430.6675,341637,1700
2018-02-05 15:20:00,430.6000,430.2000,430.6000,430.4300,343104,1100
2018-02-05 15:21:00,430.1300,430.0200,430.0200,430.1000,344410,800
2018-02-05 15:22:00,430.6800,430.1200,430.1200,430.6800,346166,900
2018-02-05 15:23:00,430.7200,430.0013,430.7200,430.0013,347661,1000
2018-02-05 15:24:00,431.7200,430.9700,430.9800,430.9900,349348,1004
2018-02-05 15:26:00,432.0800,431.4800,431.5100,431.5650,352546,1125
2018-02-05 15:27:00,432.1600,431.4700,431.6587,431.4700,354556,1570
2018-02-05 15:28:00,433.0500,431.7600,431.8100,433.0500,356045,1258
2018-02-05 15:29:00,432.9900,432.0350,432.0350,432.9500,361541,5285
2018-02-05 15:30:00,433.9400,432.6900,432.6900,433.4500,365045,2600
2018-02-05 15:31:00,433.8400,432.7400,433.8400,433.4200,369706,3695
2018-02-05 15:32:00,433.1350,432.3200,433.1350,432.3200,371790,1500
2018-02-05 15:33:00,432.8450,431.9600,432.0100,432.8450,373412,1000
2018-02-05 15:34:00,433.3600,432.8450,432.8450,433.3600,374103,473
2018-02-05 15:35:00,433.3700,432.8800,433.2082,432.9700,378427,3523
2018-02-05 15:36:00,433.0000,432.9900,433.0000,432.9900,379136,600
2018-02-05 15:37:00,433.4100,432.7200,433.1600,432.9550,386888,7284
2018-02-05 15:38:00,434.1500,433.3700,433.3700,434.1500,388144,800
2018-02-05 15:39:00,434.4300,433.2900,433.2900,433.8350,389052,600
2018-02-05 15:40:00,434.2100,433.7700,433.7700,434.2100,389409,200
2018-02-05 15:41:00,433.7900,432.4750,433.7900,432.8100,394670,3407
2018-02-05 15:42:00,433.4600,431.8400,432.5000,433.4600,396975,1700
2018-02-05 15:43:00,433.8800,433.1900,433.8800,433.1900,397442,300
2018-02-05 15:44:00,433.2200,432.3500,433.0100,432.7600,399911,1690
2018-02-05 15:45:00,433.1100,433.1100,433.1100,433.1100,400441,100
2018-02-05 15:46:00,432.8050,431.1500,432.8050,431.1500,404900,2816
2018-02-05 15:47:00,431.8950,430.9100,431.7600,430.9100,408848,2336
2018-02-05 15:48:00,430.6900,429.9764,430.6100,430.6800,413417,3288
2018-02-05 15:49:00,430.3450,429.7500,430.0500,430.0000,419202,3066
2018-02-05 15:50:00,430.0700,429.7200,430.0700,430.0700,425609,4302
2018-02-05 15:51:00,430.3900,429.2700,430.0000,429.9800,433616,5480
2018-02-05 15:52:00,430.0900,429.7500,430.0900,429.9750,440851,5545
2018-02-05 15:53:00,429.9500,429.5000,429.8650,429.5000,445219,3266
2018-02-05 15:54:00,430.1900,429.7300,429.7400,430.0600,459837,11101
2018-02-05 15:55:00,430.3700,429.9500,430.0000,430.1000,472302,9986
2018-02-05 15:56:00,430.6000,429.9400,430.0900,430.4000,479555,5970
2018-02-05 15:57:00,431.3000,429.9601,430.3000,431.1375,482533,1900
2018-02-05 15:58:00,431.5800,430.9300,431.1500,431.2500,486045,2202
2018-02-05 15:59:00,431.6600,430.9300,430.9300,431.6200,499693,9619
2018-02-05 16:00:00,431.6000,429.7900,431.2500,429.8000,521745,13709
2018-02-06 09:31:00,428.0000,425.0200,426.5700,427.7200,13511,12365
2018-02-06 09:32:00,428.0000,425.3712,427.5100,428.0000,19121,4360
2018-02-06 09:33:00,428.0000,427.1500,427.6800,428.0000,22947,3508
2018-02-06 09:34:00,430.0000,426.1000,428.0000,429.6600,36563,11212
2018-02-06 09:35:00,430.1900,428.1400,428.9700,429.8200,50729,12128
2018-02-06 09:36:00,430.2400,428.8800,429.5200,428.8800,52363,1200
2018-02-06 09:37:00,429.4900,428.9700,429.4900,428.9700,53294,750
2018-02-06 09:38:00,428.3750,427.8000,428.3750,427.8000,54544,700
2018-02-06 09:39:00,428.3650,425.8700,427.8000,426.5400,57499,2400
2018-02-06 09:40:00,426.9400,425.7700,425.7700,426.9400,60245,2186
2018-02-06 09:41:00,427.0100,425.9900,425.9900,426.6700,61251,400
2018-02-06 09:42:00,427.8600,426.5900,426.7000,426.5900,63111,1385
2018-02-06 09:43:00,427.5100,425.8150,425.8150,427.0450,65666,1650
2018-02-06 09:44:00,428.5125,427.0500,427.5700,427.8400,67949,1200
2018-02-06 09:45:00,426.5000,425.9000,426.5000,425.9000,69698,1453
2018-02-06 09:46:00,427.4300,425.8100,427.4300,425.8100,71008,900
2018-02-06 09:47:00,427.6000,427.1650,427.2400,427.4900,73496,1800
2018-02-06 09:48:00,428.1139,427.2250,428.1139,427.2250,74048,300
2018-02-06 09:49:00,427.5000,427.3800,427.4450,427.3800,77180,2802
2018-02-06 09:50:00,427.8200,427.1100,427.4000,427.2815,77850,571
2018-02-06 09:51:00,427.6600,427.1200,427.4700,427.6600,85780,6522
2018-02-06 09:52:00,427.5150,427.1100,427.5150,427.4850,87122,1100
2018-02-06 09:53:00,427.7000,427.3600,427.4500,427.4725,88719,1247
2018-02-06 09:54:00,429.6300,427.8900,427.8900,429.6300,90831,1200
2018-02-06 09:55:00,429.6400,427.9600,429.6100,429.6400,91637,615
2018-02-06 09:56:00,432.3600,430.5400,430.5400,431.8600,95184,2400
2018-02-06 09:57:00,433.1100,431.8700,432.3300,432.8500,100813,4449
2018-02-06 09:58:00,432.7500,431.2500,431.5100,432.7400,103966,2504
2018-02-06 09:59:00,431.2500,428.9500,431.2500,429.8500,106619,1889
2018-02-06 10:00:00,431.6900,430.8900,430.9100,430.8900,108850,1700
2018-02-06 10:02:00,431.8050,430.9500,430.9500,430.9500,109779,700
2018-02-06 10:03:00,431.7750,430.9500,430.9500,431.7750,110173,300
2018-02-06 10:04:00,431.7850,431.7850,431.7850,431.7850,110282,100
2018-02-06 10:05:00,432.0600,432.0500,432.0600,432.0500,111254,300
2018-02-06 10:06:00,434.0400,432.0500,432.6000,433.1300,115567,3099
2018-02-06 10:07:00,433.4700,433.4700,433.4700,433.4700,115880,100
2018-02-06 10:08:00,433.2000,432.6100,432.8000,433.1200,120037,3300
2018-02-06 10:09:00,433.3900,432.0800,433.3900,432.1400,120423,300
2018-02-06 10:10:00,432.0850,432.0850,432.0850,432.0850,120976,400
2018-02-06 10:11:00,432.6000,431.9450,432.0850,431.9450,122750,1300
2018-02-06 10:12:00,431.8300,431.8300,431.8300,431.8300,123340,200
2018-02-06 10:13:00,431.7750,430.2000,431.7750,430.9200,126620,2437
2018-02-06 10:14:00,431.0000,430.4800,430.4800,431.0000,128754,1500
2018-02-06 10:15:00,430.7300,430.4400,430.5350,430.7300,129583,453
2018-02-06 10:16:00,430.2100,430.0500,430.2100,430.2100,130274,500
2018-02-06 10:17:00,430.2700,429.9200,429.9700,430.1400,140727,6449
2018-02-06 10:18:00,430.1900,429.5000,430.1700,429.5000,144884,2598
2018-02-06 10:19:00,430.6500,429.4100,429.5900,430.4150,149065,3197
2018-02-06 10:20:00,430.8200,429.9600,430.5300,429.9600,151560,1200
2018-02-06 10:21:00,430.2500,430.1800,430.1800,430.2500,151770,200
2018-02-06 10:22:00,430.4750,430.4600,430.4600,430.4750,152752,200
2018-02-06 10:23:00,430.6030,430.6030,430.6030,430.6030,152864,100
2018-02-06 10:24:00,430.8250,430.8250,430.8250,430.8250,152968,100
2018-02-06 10:25:00,430.1900,430.1900,430.1900,430.1900,153638,100
2018-02-06 10:26:00,430.3000,430.3000,430.3000,430.3000,153993,100
2018-02-06 10:27:00,431.0444,430.3400,431.0444,430.3400,154270,205
2018-02-06 10:28:00,429.6800,429.6700,429.6700,429.6800,154568,200
2018-02-06 10:29:00,429.7800,429.7800,429.7800,429.7800,154770,100
2018-02-06 10:31:00,430.6250,429.6200,429.6800,430.6250,156640,1224
2018-02-06 10:32:00,430.7500,430.7500,430.7500,430.7500,156843,100
2018-02-06 10:33:00,429.6700,428.8950,429.5300,428.8950,159958,2597
2018-02-06 10:34:00,428.2800,428.0000,428.2800,428.1800,161196,900
2018-02-06 10:35:00,428.3800,428.3800,428.3800,428.3800,161336,100
2018-02-06 10:37:00,429.0600,427.2700,427.3800,428.0000,164904,2400
2018-02-06 10:38:00,428.0000,427.5000,427.5000,427.5000,166239,1200
2018-02-06 10:39:00,428.0400,427.0000,427.5000,428.0400,170203,3539
2018-02-06 10:40:00,428.3000,427.5000,427.5150,428.3000,176586,4100
2018-02-06 10:41:00,428.3700,427.9400,427.9650,427.9600,178555,1800
2018-02-06 10:42:00,428.2000,427.5400,428.0650,428.2000,179191,400
2018-02-06 10:43:00,428.3000,427.2550,427.4364,428.3000,179574,355
2018-02-06 10:44:00,427.9621,427.6550,427.6550,427.9621,180068,460
2018-02-06 10:45:00,428.6100,428.1600,428.3000,428.1800,182692,1900
2018-02-06 10:46:00,429.6400,428.5750,428.5750,429.6400,184222,1040
2018-02-06 10:48:00,429.0600,428.4100,428.9400,428.4100,185393,1000
2018-02-06 10:49:00,429.6900,428.7210,429.0800,429.6900,186164,300
2018-02-06 10:50:00,429.9400,429.0000,429.8100,429.0000,190331,3232
2018-02-06 10:51:00,429.6950,428.4610,428.4610,428.6200,190679,300
2018-02-06 10:53:00,429.9900,429.2500,429.2500,429.6600,192295,900
2018-02-06 10:54:00,430.6300,430.5700,430.5700,430.6300,192508,200
2018-02-06 10:55:00,431.3600,430.1400,430.6300,431.3600,193654,997
2018-02-06 10:56:00,431.5700,431.0018,431.5700,431.0018,194557,400
2018-02-06 10:57:00,431.3520,430.6000,430.6400,431.3520,196022,800
2018-02-06 11:00:00,431.6200,430.7600,431.5000,430.7800,199168,2200
2018-02-06 11:01:00,430.6550,429.9400,430.6550,429.9400,201279,1200
2018-02-06 11:03:00,430.2650,429.5900,430.2650,429.5900,202781,1200
2018-02-06 11:04:00,429.1900,428.5600,429.1900,428.5600,203660,400
2018-02-06 11:06:00,429.1900,428.3100,428.4600,428.8100,205086,1100
2018-02-06 11:07:00,428.9000,428.4800,428.8725,428.8500,207258,1100
2018-02-06 11:08:00,428.8700,428.8700,428.8700,428.8700,207372,100
2018-02-06 11:09:00,428.6650,428.0000,428.5400,428.0910,215802,6379
2018-02-06 11:10:00,428.3170,427.2200,428.3000,427.2200,222021,5518
2018-02-06 11:12:00,428.2900,427.4550,427.4550,428.2900,226870,3550
2018-02-06 11:14:00,428.1600,427.7950,427.8662,427.7950,227503,450
2018-02-06 11:15:00,427.7900,427.7900,427.7900,427.7900,227608,100
2018-02-06 11:16:00,428.2500,427.1000,428.1720,427.4950,233073,3726
2018-02-06 11:17:00,427.8600,427.7900,427.7900,427.8600,233666,200
2018-02-06 11:18:00,428.1200,428.1200,428.1200,428.1200,233822,100
2018-02-06 11:19:00,427.7800,427.7800,427.7800,427.7800,233935,100
2018-02-06 11:20:00,428.0500,427.8400,427.8400,428.0500,234559,400
2018-02-06 11:21:00,428.2600,427.5700,427.8800,427.7882,237076,1900
2018-02-06 11:22:00,428.0000,427.7950,427.7950,427.8233,237677,600
2018-02-06 11:23:00,427.8250,427.8250,427.8250,427.8250,237783,100
2018-02-06 11:24:00,427.9200,427.6000,427.9200,427.6000,238198,300
2018-02-06 11:25:00,427.6400,427.6100,427.6300,427.6400,238924,400
2018-02-06 11:26:00,427.7550,426.7600,427.3000,427.2550,245040,5560
2018-02-06 11:27:00,427.2600,426.9050,427.2550,427.2600,246061,800
2018-02-06 11:28:00,427.2600,426.8500,426.8500,427.0000,247200,1060
2018-02-06 11:29:00,427.0000,426.9400,427.0000,426.9400,247632,300
2018-02-06 11:30:00,427.0000,426.7100,426.9300,426.7100,251715,2800
2018-02-06 11:31:00,427.0348,426.8600,427.0348,426.8850,254877,2783
2018-02-06 11:32:00,427.7500,427.0000,427.4600,427.0000,257588,1400
2018-02-06 11:33:00,427.7600,427.3100,427.3100,427.5700,263466,3501
2018-02-06 11:34:00,427.4400,426.9550,427.3100,426.9550,265818,1700
2018-02-06 11:35:00,427.0000,426.9500,427.0000,426.9500,266339,400
2018-02-06 11:36:00,426.9750,426.9450,426.9750,426.9450,266620,200
2018-02-06 11:37:00,427.0000,427.0000,427.0000,427.0000,266720,100
2018-02-06 11:38:00,428.2400,427.1200,427.5199,428.2400,270166,2200
2018-02-06 11:39:00,427.0700,427.0700,427.0700,427.0700,270282,100
2018-02-06 11:41:00,428.2300,427.6550,427.6550,428.2300,270582,200
2018-02-06 11:42:00,427.6600,427.6600,427.6600,427.6600,270997,400
2018-02-06 11:44:00,427.6900,427.6800,427.6900,427.6800,272196,900
2018-02-06 11:45:00,427.6700,427.6050,427.6600,427.6050,273384,696
2018-02-06 11:46:00,429.0500,427.9300,427.9300,429.0500,274332,600
2018-02-06 11:47:00,429.0200,429.0200,429.0200,429.0200,274531,100
2018-02-06 11:48:00,428.6750,428.6600,428.6600,428.6750,274998,200
2018-02-06 11:50:00,429.0700,428.8150,429.0200,428.9050,276296,1000
2018-02-06 11:51:00,429.2300,429.1350,429.2300,429.1350,276514,200
2018-02-06 11:52:00,429.6400,429.4200,429.5750,429.4200,277408,700
2018-02-06 11:53:00,429.2050,429.2000,429.2000,429.2050,277729,300
2018-02-06 11:54:00,429.2050,429.2000,429.2000,429.2050,278134,300
2018-02-06 11:55:00,429.6300,428.7200,429.2050,429.6300,283546,4900
2018-02-06 11:56:00,428.8150,428.8150,428.8150,428.8150,283669,100
2018-02-06 11:59:00,428.9850,428.3900,428.8800,428.3900,284575,429
2018-02-06 12:00:00,428.7550,428.7550,428.7550,428.7550,285123,100
2018-02-06 12:01:00,428.5800,428.5800,428.5800,428.5800,285237,100
2018-02-06 12:02:00,428.8700,428.8700,428.8700,428.8700,285363,100
2018-02-06 12:03:00,428.8150,428.7000,428.7500,428.8150,285969,600
2018-02-06 12:04:00,428.5000,428.4700,428.5000,428.4700,286320,200
2018-02-06 12:05:00,428.6550,428.3900,428.6550,428.3900,287097,500
2018-02-06 12:06:00,428.5100,428.1800,428.1800,428.4000,287676,500
2018-02-06 12:07:00,428.7900,428.5400,428.5400,428.7900,289313,1400
2018-02-06 12:08:00,428.5500,428.5500,428.5500,428.5500,289477,100
2018-02-06 12:09:00,429.0200,428.7800,428.8300,428.8850,290246,500
2018-02-06 12:10:00,428.7900,428.6800,428.7900,428.6800,291262,600
2018-02-06 12:11:00,428.4000,428.1200,428.4000,428.4000,292549,900
2018-02-06 12:12:00,428.0300,427.7500,428.0300,427.7500,293516,600
2018-02-06 12:13:00,428.1329,427.7600,428.1329,427.7600,294986,1440
2018-02-06 12:14:00,427.6300,427.6300,427.6300,427.6300,295105,100
2018-02-06 12:16:00,427.6000,427.6000,427.6000,427.6000,298596,3400
2018-02-06 12:17:00,427.8800,427.1900,427.8500,427.1900,300838,1500
2018-02-06 12:18:00,427.1900,427.1900,427.1900,427.1900,300956,100
2018-02-06 12:19:00,427.1068,426.3100,427.1068,426.3100,301777,563
2018-02-06 12:20:00,426.1600,426.1600,426.1600,426.1600,301915,100
2018-02-06 12:21:00,426.5400,426.0400,426.4500,426.1100,304799,2100
2018-02-06 12:22:00,426.2000,425.7600,426.2000,425.7600,306509,1204
2018-02-06 12:23:00,426.0500,425.7150,426.0500,425.7150,306914,400
2018-02-06 12:24:00,426.1000,425.9600,426.0400,425.9600,309291,1900
2018-02-06 12:25:00,426.1700,425.9400,426.1500,425.9400,312523,2100
2018-02-06 12:26:00,426.6900,425.8300,425.9400,426.6900,321769,7017
2018-02-06 12:27:00,426.7200,426.4900,426.7200,426.4900,322619,500
2018-02-06 12:28:00,426.7200,426.7200,426.7200,426.7200,322902,200
2018-02-06 12:30:00,427.4450,426.7900,426.7900,427.4450,324086,400
2018-02-06 12:31:00,427.9700,427.5450,427.5450,427.5650,324977,754
2018-02-06 12:32:00,427.5700,427.2450,427.5600,427.2450,326348,940
2018-02-06 12:33:00,427.3800,427.3800,427.3800,427.3800,326450,100
2018-02-06 12:35:00,427.3600,427.3600,427.3600,427.3600,326624,100
2018-02-06 12:36:00,428.7800,427.4350,427.4350,428.2100,336480,8800
2018-02-06 12:37:00,428.1800,427.4200,428.0200,427.4200,338239,1000
2018-02-06 12:39:00,429.1800,427.8600,427.8600,429.1800,339603,800
2018-02-06 12:40:00,429.3850,429.3850,429.3850,429.3850,339803,200
2018-02-06 12:41:00,429.6000,429.6000,429.6000,429.6000,340073,100
2018-02-06 12:42:00,429.4550,429.4550,429.4550,429.4550,340199,100
2018-02-06 12:43:00,429.6800,429.3350,429.6800,429.3400,340903,600
2018-02-06 12:44:00,429.1100,428.6100,429.1100,428.6100,342127,700
2018-02-06 12:45:00,428.5200,428.4800,428.5200,428.4800,342600,300
2018-02-06 12:46:00,428.3100,427.7400,428.3100,427.7400,343071,400
2018-02-06 12:47:00,427.9900,427.4400,427.9900,427.4400,343506,300
2018-02-06 12:48:00,428.6278,428.1000,428.6278,428.1000,343707,201
2018-02-06 12:51:00,428.0700,427.5950,427.9235,428.0700,344444,508
2018-02-06 12:52:00,427.7600,426.7200,427.5600,427.5000,345871,1100
2018-02-06 12:53:00,426.9000,426.9000,426.9000,426.9000,346134,200
2018-02-06 12:55:00,427.2800,426.1900,426.8350,426.8650,352547,5527
2018-02-06 12:56:00,427.0000,425.9900,426.0000,425.9900,353054,300
2018-02-06 12:58:00,427.3200,426.1900,427.0000,426.1900,354759,900
2018-02-06 12:59:00,427.2900,427.2200,427.2200,427.2900,354962,200
2018-02-06 13:00:00,428.0700,426.9450,427.3200,427.7450,357619,2000
2018-02-06 13:01:00,427.6500,427.3200,427.5000,427.3200,358882,800
2018-02-06 13:02:00,426.8500,426.8500,426.8500,426.8500,359046,100
2018-02-06 13:03:00,426.2800,426.2800,426.2800,426.2800,359432,220
2018-02-06 13:05:00,426.2340,426.2340,426.2340,426.2340,360238,325
2018-02-06 13:06:00,426.4400,425.7200,426.4200,425.7200,363746,3192
2018-02-06 13:07:00,426.4050,425.4800,425.4800,426.4050,364492,400
2018-02-06 13:10:00,425.6300,425.5300,425.6300,425.5300,365715,709
2018-02-06 13:11:00,425.7600,424.6400,425.0000,425.6900,371358,3860
2018-02-06 13:14:00,425.5700,425.5700,425.5700,425.5700,371812,100
2018-02-06 13:15:00,425.6100,425.3200,425.6100,425.3200,372561,500
2018-02-06 13:16:00,426.0600,425.4800,425.4800,426.0600,374737,1200
2018-02-06 13:17:00,426.3500,426.3500,426.3500,426.3500,375040,100
2018-02-06 13:18:00,425.8100,425.2750,425.8100,425.2750,377076,1200
2018-02-06 13:19:00,425.3400,425.2650,425.2700,425.2650,377476,400
2018-02-06 13:20:00,425.5100,425.5100,425.5100,425.5100,377655,100
2018-02-06 13:21:00,425.3200,425.3000,425.3200,425.3000,378533,590
2018-02-06 13:22:00,425.1325,425.1250,425.1325,425.1250,378935,200
2018-02-06 13:25:00,425.2800,424.5500,425.2800,424.5500,379764,400
2018-02-06 13:26:00,425.0500,424.9450,425.0400,425.0000,381005,800
2018-02-06 13:28:00,425.0200,425.0200,425.0200,425.0200,381511,300
2018-02-06 13:31:00,424.6200,424.0700,424.0700,424.6200,383002,561
2018-02-06 13:32:00,423.9000,423.2200,423.7600,423.6350,386918,3100
2018-02-06 13:33:00,423.6000,423.2900,423.2900,423.3600,388798,1400
2018-02-06 13:34:00,423.0000,422.8400,423.0000,422.8400,389509,400
2018-02-06 13:35:00,422.3400,421.3700,422.3200,421.8400,392832,2034
2018-02-06 13:37:00,422.5700,422.5700,422.5700,422.5700,393080,100
2018-02-06 13:38:00,422.5250,422.2864,422.2864,422.5250,393565,404
2018-02-06 13:39:00,423.3700,422.9000,422.9200,423.3600,397520,2646
2018-02-06 13:42:00,423.7250,423.5400,423.5400,423.7250,397983,300
2018-02-06 13:43:00,424.3600,424.3600,424.3600,424.3600,398299,100
2018-02-06 13:44:00,424.3600,423.7450,424.2900,423.7800,399607,1000
2018-02-06 13:45:00,424.0150,422.9000,424.0150,422.9000,402619,2000
2018-02-06 13:46:00,423.5200,422.9000,422.9000,423.5200,405995,3100
2018-02-06 13:47:00,423.9200,423.5300,423.6350,423.8700,407747,1500
2018-02-06 13:48:00,423.9095,423.1900,423.7400,423.1900,409339,1400
2018-02-06 13:49:00,423.0800,422.9000,422.9000,422.9000,412841,2700
2018-02-06 13:50:00,423.3600,423.2200,423.2600,423.3000,414555,1292
2018-02-06 13:51:00,423.3000,422.8900,423.3000,423.0400,417284,1500
2018-02-06 13:52:00,423.3300,423.0900,423.0900,423.1900,418907,1000
2018-02-06 13:54:00,422.9100,422.9000,422.9100,422.9000,419620,500
2018-02-06 13:55:00,423.1900,422.9000,423.1900,422.9000,420774,900
2018-02-06 13:56:00,423.4700,422.9000,422.9000,423.1900,422386,1300
2018-02-06 13:57:00,423.1900,422.9987,423.1900,423.0600,424496,1937
2018-02-06 13:58:00,423.3400,422.6650,422.9500,422.6650,436786,9924
2018-02-06 13:59:00,422.8800,422.8800,422.8800,422.8800,436907,100
2018-02-06 14:00:00,422.9200,422.7200,422.9200,422.7200,437187,200
2018-02-06 14:01:00,422.7800,422.6000,422.6992,422.6000,438297,1063
2018-02-06 14:02:00,422.5275,422.4800,422.5000,422.5275,439296,878
2018-02-06 14:03:00,422.8650,422.8650,422.8650,422.8650,439483,100
2018-02-06 14:04:00,422.5800,422.5600,422.5600,422.5800,440283,800
2018-02-06 14:05:00,422.8500,422.8500,422.8500,422.8500,440619,100
2018-02-06 14:06:00,422.4300,421.9600,422.4300,421.9600,441927,800
2018-02-06 14:07:00,422.1900,421.8500,421.8500,422.1900,443196,700
2018-02-06 14:08:00,422.4300,422.1700,422.1900,422.2200,449561,5493
2018-02-06 14:09:00,422.5900,422.1900,422.1900,422.4200,452573,2380
2018-02-06 14:10:00,422.3900,422.1100,422.3900,422.3400,455410,2636
2018-02-06 14:11:00,422.9400,421.9600,421.9600,422.9400,458261,2262
2018-02-06 14:12:00,423.2300,423.2300,423.2300,423.2300,458368,100
2018-02-06 14:13:00,424.2800,424.2800,424.2800,424.2800,458470,100
2018-02-06 14:14:00,424.0000,423.2300,423.9200,423.2300,459715,1060
2018-02-06 14:15:00,423.4700,423.3000,423.3576,423.4700,462103,1800
2018-02-06 14:16:00,422.9000,422.9000,422.9000,422.9000,462362,100
2018-02-06 14:17:00,422.6900,422.2200,422.6800,422.2200,464494,1522
2018-02-06 14:18:00,422.5500,422.5300,422.5500,422.5400,465027,500
2018-02-06 14:19:00,422.0000,422.0000,422.0000,422.0000,465534,100
2018-02-06 14:20:00,422.1525,421.8400,422.1525,421.8400,466530,500
2018-02-06 14:21:00,421.9200,421.9200,421.9200,421.9200,466887,100
2018-02-06 14:22:00,422.2800,422.1300,422.2800,422.1300,467309,200
2018-02-06 14:24:00,421.8750,421.8200,421.8200,421.8750,468233,500
2018-02-06 14:25:00,421.5350,421.5350,421.5350,421.5350,468491,100
2018-02-06 14:26:00,421.5300,421.2050,421.5300,421.2050,469039,400
2018-02-06 14:27:00,421.7200,421.5850,421.6800,421.5850,470201,500
2018-02-06 14:28:00,422.0400,422.0400,422.0400,422.0400,470528,100
2018-02-06 14:29:00,421.8800,421.6700,421.7600,421.8700,471026,400
2018-02-06 14:31:00,421.6100,421.6100,421.6100,421.6100,471437,100
2018-02-06 14:33:00,422.0900,421.6650,421.6650,422.0500,473145,700
2018-02-06 14:36:00,422.5050,422.5050,422.5050,422.5050,473538,100
2018-02-06 14:37:00,422.1700,421.9400,422.1700,421.9400,475102,1300
2018-02-06 14:40:00,422.0600,421.9100,422.0500,421.9100,476466,600
2018-02-06 14:41:00,422.2050,422.2050,422.2050,422.2050,476570,100
2018-02-06 14:42:00,422.2150,421.9500,422.2150,422.1700,477184,300
2018-02-06 14:43:00,422.2300,421.9500,422.0400,422.0400,478057,700
2018-02-06 14:45:00,422.4800,422.0600,422.4700,422.4700,479840,800
2018-02-06 14:46:00,422.7100,422.4700,422.4700,422.7100,481360,900
2018-02-06 14:47:00,423.4300,422.7000,423.1300,423.4300,482622,800
2018-02-06 14:50:00,423.6200,423.6200,423.6200,423.6200,483021,200
2018-02-06 14:51:00,424.2400,423.6550,424.2200,424.2400,483638,427
2018-02-06 14:52:00,424.5100,424.2400,424.5050,424.5000,485284,1203
2018-02-06 14:53:00,424.9800,424.0000,424.0100,424.9800,487011,1000
2018-02-06 14:54:00,424.4150,424.4150,424.4150,424.4150,487148,100
2018-02-06 14:55:00,425.5400,425.0000,425.0000,425.5000,491469,2601
2018-02-06 14:56:00,426.9900,426.9900,426.9900,426.9900,492007,100
2018-02-06 14:57:00,427.0900,426.9150,427.0900,427.0000,492939,500
2018-02-06 14:58:00,427.2600,427.1800,427.2600,427.1800,493341,200
2018-02-06 14:59:00,429.4600,429.3250,429.4600,429.3250,494344,300
2018-02-06 15:00:00,428.8500,428.8500,428.8500,428.8500,494503,100
2018-02-06 15:01:00,428.8650,428.8650,428.8650,428.8650,495038,500
2018-02-06 15:03:00,429.3699,428.4400,429.3699,428.4400,497447,1509
2018-02-06 15:04:00,428.4800,428.1100,428.2700,428.1100,498624,700
2018-02-06 15:05:00,428.3450,428.0200,428.3450,428.0200,498826,200
2018-02-06 15:06:00,428.8850,428.3000,428.3000,428.6900,502267,2322
2018-02-06 15:07:00,429.0400,428.9700,429.0400,428.9700,502950,500
2018-02-06 15:08:00,429.9000,428.9700,428.9700,429.5900,504248,600
2018-02-06 15:09:00,429.8700,429.6150,429.6150,429.8700,504534,200
2018-02-06 15:10:00,430.0900,429.5900,429.5900,430.0900,505225,536
2018-02-06 15:11:00,430.7500,430.0000,430.7500,430.5400,508901,2400
2018-02-06 15:12:00,430.7000,430.7000,430.7000,430.7000,509092,100
2018-02-06 15:13:00,430.4700,430.4600,430.4700,430.4600,509700,400
2018-02-06 15:14:00,430.1000,429.4600,429.4600,430.1000,510126,200
2018-02-06 15:15:00,429.3000,429.1000,429.2800,429.3000,510991,700
2018-02-06 15:16:00,429.8800,429.3600,429.6600,429.8500,512996,900
2018-02-06 15:17:00,429.7950,428.8300,429.3000,429.3000,515387,2000
2018-02-06 15:18:00,429.3000,428.5400,429.3000,428.5400,517892,1300
2018-02-06 15:19:00,429.0400,428.2900,428.7500,428.6300,524479,4566
2018-02-06 15:20:00,428.4600,428.2500,428.4600,428.3550,526117,1100
2018-02-06 15:21:00,428.4000,427.6800,427.6800,428.2750,528325,871
2018-02-06 15:22:00,428.9900,428.7300,428.7700,428.8500,529715,700
2018-02-06 15:23:00,429.3000,428.3000,428.8600,428.3700,532176,1605
2018-02-06 15:24:00,428.6400,428.6400,428.6400,428.6400,532395,100
2018-02-06 15:25:00,428.6500,428.6000,428.6100,428.6500,534163,1300
2018-02-06 15:26:00,429.1500,429.1500,429.1500,429.1500,534709,100
2018-02-06 15:27:00,429.6300,429.1800,429.1800,429.6300,535882,900
2018-02-06 15:28:00,429.1500,429.1400,429.1500,429.1500,537173,700
2018-02-06 15:29:00,429.6450,428.9750,429.4500,429.6450,540449,2200
2018-02-06 15:30:00,430.1300,429.4600,429.4600,430.1300,541099,400
2018-02-06 15:31:00,429.9200,429.4600,429.6200,429.9200,541972,600
2018-02-06 15:32:00,429.2200,428.9000,429.0200,429.2200,542770,300
2018-02-06 15:33:00,430.1550,429.5000,429.5000,430.1550,544305,700
2018-02-06 15:34:00,430.5500,430.1300,430.1300,430.5500,546267,600
2018-02-06 15:35:00,430.8000,430.2000,430.2800,430.2700,547695,700
2018-02-06 15:36:00,430.4000,429.7700,430.0000,430.3347,549843,918
2018-02-06 15:38:00,430.9347,430.5200,430.6050,430.9347,551596,1130
2018-02-06 15:39:00,430.5000,430.3600,430.5000,430.3700,552087,300
2018-02-06 15:40:00,430.9000,430.6600,430.6600,430.9000,552581,200
2018-02-06 15:41:00,431.5500,430.6700,430.9300,431.5500,557526,3625
2018-02-06 15:42:00,431.6900,431.0000,431.1750,431.6900,560106,1400
2018-02-06 15:43:00,431.2100,431.2100,431.2100,431.2100,560412,100
2018-02-06 15:44:00,431.8100,431.1700,431.4100,431.8100,563257,1500
2018-02-06 15:45:00,431.7800,430.8800,431.7800,431.0300,565486,1600
2018-02-06 15:46:00,431.0900,430.5700,430.8800,430.8950,567089,1100
2018-02-06 15:47:00,430.5800,430.4200,430.5700,430.5800,567572,357
2018-02-06 15:48:00,430.3750,429.3100,430.3750,429.3100,570496,1833
2018-02-06 15:49:00,429.5600,428.9900,429.3000,428.9900,583026,11651
2018-02-06 15:50:00,429.3400,428.6000,429.3400,428.6000,587010,2881
2018-02-06 15:51:00,429.2500,428.8850,429.1200,428.8850,590076,1400
2018-02-06 15:52:00,429.1500,428.5200,429.1500,428.5200,592938,1790
2018-02-06 15:53:00,428.9000,428.5400,428.7700,428.8400,599038,4426
2018-02-06 15:54:00,429.3400,429.0200,429.2600,429.3400,601991,2410
2018-02-06 15:55:00,429.7900,429.2100,429.6700,429.2100,604323,1676
2018-02-06 15:56:00,429.3500,428.8700,428.9700,429.3500,607332,1688
2018-02-06 15:57:00,430.1900,429.3300,429.3300,430.1900,611097,2513
2018-02-06 15:58:00,430.3000,430.0000,430.2800,430.2248,616572,3264
2018-02-06 15:59:00,430.4700,429.9100,430.2100,429.9800,625029,5918
2018-02-06 16:00:00,430.8700,429.4200,429.7900,430.8700,642042,10931
2018-02-07 09:31:00,430.1013,429.8200,430.0000,429.8200,5327,3634
2018-02-07 09:32:00,430.1450,430.1450,430.1450,430.1450,5820,100
2018-02-07 09:33:00,429.9900,429.4900,429.5478,429.4900,7046,1009
2018-02-07 09:34:00,431.5270,431.5270,431.5270,431.5270,7288,168
2018-02-07 09:36:00,431.3550,431.3550,431.3550,431.3550,7581,200
2018-02-07 09:37:00,431.4100,431.3100,431.3100,431.4100,9186,1432
2018-02-07 09:39:00,432.0750,432.0750,432.0750,432.0750,9433,100
2018-02-07 09:41:00,433.1500,431.9701,432.4900,432.2700,11437,1300
2018-02-07 09:42:00,433.7500,433.7500,433.7500,433.7500,11676,200
2018-02-07 09:44:00,434.8200,433.0400,434.8200,433.0400,11909,200