2018-02-05 09:31:00,94.5000,93.6500,93.6500,94.1000,6999,6667
2018-02-05 09:33:00,94.0250,93.9129,94.0250,93.9129,7972,800
2018-02-05 09:34:00,94.5000,94.5000,94.5000,94.5000,8096,100
2018-02-05 09:36:00,94.5000,94.2500,94.2500,94.2750,9165,801
2018-02-05 09:37:00,94.1000,94.0000,94.1000,94.0000,9544,200
2018-02-05 09:38:00,94.9500,94.2500,94.2500,94.9500,12453,2826
2018-02-05 09:40:00,94.7500,94.6000,94.7500,94.7000,16359,3242
2018-02-05 09:41:00,95.1500,94.6500,94.6500,95.1500,17390,1000
2018-02-05 09:43:00,95.1500,94.9000,94.9000,95.1500,18510,936
2018-02-05 09:46:00,95.1500,95.0500,95.1500,95.0500,19075,300
2018-02-05 09:47:00,95.4500,95.4500,95.4500,95.4500,19515,200
2018-02-05 09:48:00,95.6000,95.1000,95.1050,95.6000,22776,3060
2018-02-05 09:49:00,95.9000,95.5500,95.5500,95.9000,23091,300
2018-02-05 09:50:00,95.6219,95.6219,95.6219,95.6219,23251,100
2018-02-05 09:51:00,95.6850,95.6850,95.6850,95.6850,24292,1000
2018-02-05 09:52:00,96.0000,95.9000,95.9000,96.0000,24668,300
2018-02-05 09:53:00,96.1500,95.8500,95.9500,95.8500,25271,400
2018-02-05 09:54:00,96.2500,95.7995,96.0000,96.2500,28685,3119
2018-02-05 09:55:00,96.0247,95.9465,95.9465,96.0247,29155,465
2018-02-05 09:56:00,96.0750,96.0750,96.0750,96.0750,29468,200
2018-02-05 09:57:00,96.1000,96.1000,96.1000,96.1000,29896,120
2018-02-05 09:59:00,96.2500,96.2500,96.2500,96.2500,30139,100
2018-02-05 10:01:00,96.3500,96.2500,96.3000,96.3500,30972,700
2018-02-05 10:02:00,96.2500,96.2500,96.2500,96.2500,31113,100
2018-02-05 10:03:00,96.5500,96.3500,96.3500,96.5500,31939,700
2018-02-05 10:04:00,96.7500,96.4500,96.5000,96.4500,32710,500
2018-02-05 10:05:00,96.4500,96.2000,96.4500,96.2500,34244,1332
2018-02-05 10:06:00,96.2500,96.0500,96.2500,96.1500,35501,1247
2018-02-05 10:07:00,96.1500,95.7800,96.0500,95.7800,36989,1433
2018-02-05 10:08:00,96.0500,95.8500,95.9250,96.0500,37968,900
2018-02-05 10:09:00,96.3500,96.0700,96.0700,96.3500,38207,200
2018-02-05 10:10:00,96.5000,96.4500,96.4500,96.5000,39383,800
2018-02-05 10:11:00,97.2000,96.9396,96.9500,97.2000,40194,800
2018-02-05 10:12:00,96.9000,96.9000,96.9000,96.9000,40478,200
2018-02-05 10:13:00,97.1000,96.8500,96.8500,97.1000,41315,487
2018-02-05 10:14:00,97.5000,97.2500,97.2500,97.5000,42227,849
2018-02-05 10:16:00,97.7500,97.2500,97.5000,97.2500,43759,1200
2018-02-05 10:17:00,97.5050,97.1500,97.2000,97.2500,45462,1265
2018-02-05 10:18:00,97.3000,97.2500,97.2500,97.3000,46290,800
2018-02-05 10:19:00,97.5500,97.5000,97.5000,97.5500,46591,300
2018-02-05 10:20:00,97.7000,97.5000,97.5000,97.6250,49825,3151
2018-02-05 10:21:00,97.5500,97.5500,97.5500,97.5500,50152,300
2018-02-05 10:22:00,97.5500,97.3500,97.5500,97.4000,52861,2600
2018-02-05 10:23:00,97.7000,97.4750,97.4750,97.7000,55194,2100
2018-02-05 10:24:00,97.6000,97.3500,97.5000,97.3500,56023,600
2018-02-05 10:25:00,97.7500,97.4750,97.6000,97.7500,56924,900
2018-02-05 10:26:00,97.8000,97.7500,97.7500,97.8000,57189,200
2018-02-05 10:27:00,97.8500,97.7000,97.8500,97.7000,57689,500
2018-02-05 10:28:00,97.4500,97.4500,97.4500,97.4500,58035,275
2018-02-05 10:29:00,97.4500,97.4500,97.4500,97.4500,58235,100
2018-02-05 10:30:00,97.4500,97.3500,97.4500,97.4250,58968,700
2018-02-05 10:31:00,97.2000,97.0500,97.2000,97.0500,59768,685
2018-02-05 10:32:00,97.1750,97.0500,97.1750,97.0500,60009,200
2018-02-05 10:33:00,97.1000,96.8000,96.8000,97.1000,64107,3800
2018-02-05 10:34:00,97.1000,96.8500,97.1000,96.8500,64914,300
2018-02-05 10:36:00,96.7000,96.6000,96.7000,96.6000,65606,500
2018-02-05 10:38:00,96.6000,96.3640,96.6000,96.3640,67326,1500
2018-02-05 10:39:00,96.2000,96.2000,96.2000,96.2000,67626,100
2018-02-05 10:40:00,96.1000,96.1000,96.1000,96.1000,68629,800
2018-02-05 10:41:00,96.4000,96.1000,96.1000,96.2937,70850,1989
2018-02-05 10:42:00,96.7000,96.3000,96.6000,96.5000,71750,900
2018-02-05 10:45:00,97.0000,96.7000,96.8000,96.7500,73560,1614
2018-02-05 10:46:00,96.7500,96.7000,96.7500,96.7000,74281,600
2018-02-05 10:48:00,97.0500,96.9500,96.9500,97.0000,75865,1300
2018-02-05 10:49:00,96.9500,96.9000,96.9000,96.9500,76566,380
2018-02-05 10:50:00,96.8500,96.6000,96.8500,96.6000,77377,800
2018-02-05 10:51:00,96.6000,96.5000,96.6000,96.5000,77882,500
2018-02-05 10:53:00,96.5500,96.5000,96.5500,96.5000,78616,643
2018-02-05 10:54:00,96.4000,96.4000,96.4000,96.4000,78955,100
2018-02-05 10:55:00,96.7000,96.4500,96.6000,96.4500,81110,1900
2018-02-05 10:58:00,96.4000,96.3000,96.4000,96.3000,81420,200
2018-02-05 10:59:00,96.3575,96.3575,96.3575,96.3575,81644,200
2018-02-05 11:00:00,96.2500,96.0000,96.2500,96.0000,82630,700
2018-02-05 11:01:00,96.2000,96.0000,96.1000,96.0000,83342,700
2018-02-05 11:03:00,96.0000,96.0000,96.0000,96.0000,83576,200
2018-02-05 11:04:00,96.1750,95.7500,96.1750,95.7500,87930,4248
2018-02-05 11:05:00,96.1000,95.7000,95.7000,95.8000,88984,1053
2018-02-05 11:06:00,96.0000,96.0000,96.0000,96.0000,89084,100
2018-02-05 11:07:00,96.2000,95.9000,95.9500,95.9000,91004,1600
2018-02-05 11:08:00,95.8500,95.8500,95.8500,95.8500,91105,100
2018-02-05 11:09:00,95.9750,95.9000,95.9000,95.9750,91354,200
2018-02-05 11:10:00,95.9750,95.8000,95.9750,95.8000,91995,600
2018-02-05 11:11:00,96.0000,96.0000,96.0000,96.0000,92095,100
2018-02-05 11:13:00,96.2500,96.1000,96.1000,96.2500,92755,600
2018-02-05 11:14:00,96.1000,96.1000,96.1000,96.1000,93037,249
2018-02-05 11:15:00,96.0000,95.8500,95.8500,96.0000,93547,500
2018-02-05 11:17:00,96.0000,96.0000,96.0000,96.0000,93748,200
2018-02-05 11:18:00,96.0000,96.0000,96.0000,96.0000,94148,400
2018-02-05 11:19:00,95.9000,95.9000,95.9000,95.9000,94622,300
2018-02-05 11:21:00,95.7000,95.6500,95.7000,95.6500,95037,300
2018-02-05 11:23:00,95.5000,95.5000,95.5000,95.5000,95143,100
2018-02-05 11:24:00,95.7500,95.6500,95.6500,95.7000,96677,1319
2018-02-05 11:25:00,95.6500,95.6500,95.6500,95.6500,96850,100
2018-02-05 11:26:00,95.5750,95.5500,95.5750,95.5500,97675,700
2018-02-05 11:28:00,95.7500,95.6000,95.7000,95.7500,98318,500
2018-02-05 11:29:00,95.7000,95.6000,95.7000,95.6000,99017,498
2018-02-05 11:30:00,95.4000,95.3500,95.4000,95.3500,99317,300
2018-02-05 11:31:00,95.7500,95.3500,95.3500,95.7500,99586,200
2018-02-05 11:32:00,95.4500,95.2712,95.4500,95.2712,100034,400
2018-02-05 11:33:00,95.5500,95.4500,95.4500,95.5500,100440,300
2018-02-05 11:34:00,95.5750,95.5500,95.5750,95.5500,100645,200
2018-02-05 11:35:00,95.6000,95.6000,95.6000,95.6000,100845,200
2018-02-05 11:39:00,95.4500,95.4500,95.4500,95.4500,101008,100
2018-02-05 11:41:00,95.4500,95.4500,95.4500,95.4500,101916,758
2018-02-05 11:43:00,95.3000,95.3000,95.3000,95.3000,102027,100
2018-02-05 11:44:00,95.4500,95.3500,95.4500,95.4000,102927,800
2018-02-05 11:46:00,95.4500,95.4500,95.4500,95.4500,103283,200
2018-02-05 11:48:00,95.5000,95.5000,95.5000,95.5000,103495,100
2018-02-05 11:50:00,95.4500,95.4000,95.4000,95.4500,104551,800
2018-02-05 11:53:00,95.7500,95.5500,95.5500,95.7500,105171,500
2018-02-05 11:56:00,95.8000,95.6500,95.7000,95.8000,106174,900
2018-02-05 11:57:00,95.7500,95.7500,95.7500,95.7500,106274,100
2018-02-05 11:58:00,96.0000,95.9500,95.9500,96.0000,106581,300
2018-02-05 12:02:00,95.9000,95.9000,95.9000,95.9000,106732,100
2018-02-05 12:03:00,95.9000,95.9000,95.9000,95.9000,107230,404
2018-02-05 12:04:00,96.0000,95.8489,95.9500,96.0000,108210,837
2018-02-05 12:05:00,96.0500,96.0500,96.0500,96.0500,108410,200
2018-02-05 12:06:00,95.9000,95.8500,95.9000,95.8500,108816,200
2018-02-05 12:07:00,95.7000,95.7000,95.7000,95.7000,108992,100
2018-02-05 12:10:00,95.6500,95.6500,95.6500,95.6500,109104,100
2018-02-05 12:13:00,95.9000,95.6500,95.7000,95.9000,110166,1000
2018-02-05 12:15:00,95.9000,95.8000,95.9000,95.8000,110367,200
2018-02-05 12:16:00,95.8000,95.5500,95.8000,95.5500,110969,500
2018-02-05 12:17:00,95.6000,95.6000,95.6000,95.6000,111320,151
2018-02-05 12:18:00,95.7000,95.6000,95.6000,95.7000,111936,600
2018-02-05 12:19:00,95.7500,95.7500,95.7500,95.7500,112036,100
2018-02-05 12:20:00,95.7000,95.6500,95.7000,95.7000,112424,300
2018-02-05 12:21:00,95.8500,95.7000,95.7000,95.8500,113625,1000
2018-02-05 12:22:00,96.0000,95.9500,95.9500,96.0000,114360,600
2018-02-05 12:23:00,95.8500,95.8002,95.8500,95.8002,114745,220
2018-02-05 12:25:00,95.9000,95.7500,95.7500,95.9000,115408,544
2018-02-05 12:27:00,95.7500,95.7500,95.7500,95.7500,115513,100
2018-02-05 12:28:00,95.8500,95.8500,95.8500,95.8500,115813,300
2018-02-05 12:29:00,95.8500,95.7000,95.7000,95.8500,116141,228
2018-02-05 12:31:00,95.7785,95.7785,95.7785,95.7785,116281,140
2018-02-05 12:32:00,96.1500,96.0000,96.0000,96.1500,116987,700
2018-02-05 12:33:00,96.0400,96.0000,96.0000,96.0400,117251,250
2018-02-05 12:35:00,96.1500,96.1500,96.1500,96.1500,117371,100
2018-02-05 12:36:00,96.0500,95.9500,96.0500,95.9500,117879,400
2018-02-05 12:39:00,95.9000,95.9000,95.9000,95.9000,118103,100
2018-02-05 12:40:00,95.7500,95.7500,95.7500,95.7500,118208,100
2018-02-05 12:41:00,96.0500,95.9500,95.9500,96.0500,118708,400
2018-02-05 12:43:00,96.1000,96.1000,96.1000,96.1000,118985,200
2018-02-05 12:44:00,96.1500,96.1500,96.1500,96.1500,119085,100
2018-02-05 12:45:00,96.2500,96.1500,96.1500,96.2500,119485,400
2018-02-05 12:46:00,96.6000,96.3500,96.3500,96.6000,119885,400
2018-02-05 12:47:00,96.4000,96.0325,96.4000,96.0325,120802,849
2018-02-05 12:49:00,96.0200,96.0200,96.0200,96.0200,120902,100
2018-02-05 12:50:00,96.3250,96.2000,96.2000,96.2500,121631,600
2018-02-05 12:51:00,96.3750,96.3750,96.3750,96.3750,121890,100
2018-02-05 12:52:00,96.2500,96.2500,96.2500,96.2500,122090,200
2018-02-05 12:54:00,96.4000,96.4000,96.4000,96.4000,122300,200
2018-02-05 12:56:00,96.2500,96.2500,96.2500,96.2500,122511,200
2018-02-05 12:58:00,96.2500,96.0000,96.2500,96.0000,123292,400
2018-02-05 12:59:00,96.0750,96.0750,96.0750,96.0750,123407,100
2018-02-05 13:01:00,96.0000,96.0000,96.0000,96.0000,123727,300
2018-02-05 13:02:00,95.7500,95.7500,95.7500,95.7500,124015,200
2018-02-05 13:03:00,96.0500,95.8000,95.8500,95.8000,125170,979
2018-02-05 13:04:00,95.7000,95.7000,95.7000,95.7000,125590,200
2018-02-05 13:06:00,95.7323,95.7323,95.7323,95.7323,125811,198
2018-02-05 13:07:00,95.7500,95.6500,95.7500,95.6500,126276,200
2018-02-05 13:10:00,95.6500,95.6500,95.6500,95.6500,126616,100
2018-02-05 13:11:00,95.6000,95.6000,95.6000,95.6000,127112,485
2018-02-05 13:12:00,95.6000,95.6000,95.6000,95.6000,127648,100
2018-02-05 13:13:00,95.7000,95.6000,95.6000,95.7000,128048,300
2018-02-05 13:14:00,95.7500,95.7000,95.7000,95.7500,128348,200
2018-02-05 13:16:00,95.6338,95.6338,95.6338,95.6338,128738,100
2018-02-05 13:18:00,95.5000,95.5000,95.5000,95.5000,128842,100
2018-02-05 13:19:00,95.5000,95.3500,95.3500,95.5000,129670,400
2018-02-05 13:20:00,95.4000,95.3500,95.4000,95.3500,130171,327
2018-02-05 13:21:00,95.5000,95.2500,95.2500,95.5000,130773,400
2018-02-05 13:23:00,95.3500,95.2500,95.3200,95.2500,132232,1317
2018-02-05 13:24:00,95.3500,95.3000,95.3500,95.3000,132801,400
2018-02-05 13:25:00,95.4500,95.4500,95.4500,95.4500,133314,300
2018-02-05 13:29:00,95.1000,95.0500,95.1000,95.0500,133815,300
2018-02-05 13:30:00,95.3000,95.0500,95.0500,95.3000,135412,1395
2018-02-05 13:31:00,95.2050,95.2050,95.2050,95.2050,135524,100
2018-02-05 13:32:00,95.2250,95.1500,95.2000,95.1500,136106,408
2018-02-05 13:33:00,95.3500,95.2000,95.2000,95.3500,136909,400
2018-02-05 13:34:00,95.3000,95.3000,95.3000,95.3000,137009,100
2018-02-05 13:35:00,95.3000,95.3000,95.3000,95.3000,137210,200
2018-02-05 13:36:00,95.4000,95.3250,95.4000,95.3250,137524,250
2018-02-05 13:38:00,95.3000,95.2500,95.2500,95.3000,137987,200
2018-02-05 13:39:00,95.4500,95.3500,95.3500,95.4500,138355,300
2018-02-05 13:40:00,95.4503,95.4503,95.4503,95.4503,138717,300
2018-02-05 13:41:00,95.4500,95.3500,95.3500,95.4500,139226,200
2018-02-05 13:44:00,95.6000,95.4000,95.6000,95.4000,139630,200
2018-02-05 13:47:00,95.4000,95.3500,95.4000,95.3500,140230,300
2018-02-05 13:49:00,95.6000,95.5000,95.5000,95.6000,140976,500
2018-02-05 13:50:00,95.8000,95.8000,95.8000,95.8000,141177,100
2018-02-05 13:52:00,95.8000,95.8000,95.8000,95.8000,141471,200
2018-02-05 13:53:00,95.7000,95.7000,95.7000,95.7000,141657,100
2018-02-05 13:55:00,95.9000,95.8000,95.8000,95.9000,142407,500
2018-02-05 13:58:00,96.4000,95.9000,95.9000,96.4000,143673,912
2018-02-05 13:59:00,96.3000,96.3000,96.3000,96.3000,143873,200
2018-02-05 14:00:00,96.3000,96.2500,96.3000,96.3000,144755,300
2018-02-05 14:01:00,96.2000,96.2000,96.2000,96.2000,144874,100
2018-02-05 14:02:00,96.4000,96.1500,96.1500,96.3500,148404,2989
2018-02-05 14:03:00,96.4500,96.3000,96.4500,96.3000,149500,893
2018-02-05 14:04:00,96.3500,96.3500,96.3500,96.3500,149910,200
2018-02-05 14:05:00,96.4500,96.4000,96.4000,96.4500,150154,200
2018-02-05 14:07:00,96.5000,96.5000,96.5000,96.5000,150254,100
2018-02-05 14:08:00,96.2000,96.0000,96.2000,96.0000,150934,200
2018-02-05 14:09:00,96.0000,96.0000,96.0000,96.0000,151662,600
2018-02-05 14:11:00,95.9000,95.8000,95.8000,95.9000,152031,300
2018-02-05 14:12:00,96.0500,96.0500,96.0500,96.0500,152231,200
2018-02-05 14:14:00,96.0000,95.9500,96.0000,96.0000,152831,400
2018-02-05 14:16:00,96.0000,95.8500,95.9000,95.8500,153765,534
2018-02-05 14:18:00,96.0000,95.9500,95.9500,96.0000,154287,500
2018-02-05 14:19:00,95.8000,95.8000,95.8000,95.8000,154691,216
2018-02-05 14:23:00,95.7000,95.6000,95.6000,95.6000,155630,501
2018-02-05 14:24:00,95.6250,95.5500,95.6250,95.6000,156076,400
2018-02-05 14:26:00,95.4000,95.4000,95.4000,95.4000,156399,100
2018-02-05 14:27:00,95.4500,95.3000,95.3500,95.4500,157614,1004
2018-02-05 14:28:00,95.4500,95.4500,95.4500,95.4500,157723,100
2018-02-05 14:29:00,95.4000,95.4000,95.4000,95.4000,157824,100
2018-02-05 14:30:00,95.4500,95.4500,95.4500,95.4500,158295,300
2018-02-05 14:31:00,95.3750,95.3750,95.3750,95.3750,158471,100
2018-02-05 14:32:00,95.2000,95.1500,95.2000,95.1500,159474,936
2018-02-05 14:34:00,95.1500,95.1500,95.1500,95.1500,159823,100
2018-02-05 14:35:00,95.1064,95.1000,95.1064,95.1000,160229,200
2018-02-05 14:36:00,95.2500,95.1500,95.1500,95.2500,161159,629
2018-02-05 14:37:00,95.3500,95.3500,95.3500,95.3500,161259,100
2018-02-05 14:38:00,95.4000,95.4000,95.4000,95.4000,161433,100
2018-02-05 14:40:00,95.3000,95.2000,95.3000,95.2500,162167,414
2018-02-05 14:41:00,95.4000,95.4000,95.4000,95.4000,162268,100
2018-02-05 14:42:00,95.3000,95.2000,95.3000,95.2500,163089,600
2018-02-05 14:43:00,95.3500,95.3000,95.3000,95.3500,163991,700
2018-02-05 14:45:00,95.2500,95.2500,95.2500,95.2500,164218,200
2018-02-05 14:46:00,95.2652,95.1500,95.2500,95.1500,165203,380
2018-02-05 14:47:00,95.2500,95.2500,95.2500,95.2500,165682,400
2018-02-05 14:48:00,95.0788,95.0788,95.0788,95.0788,166247,200
2018-02-05 14:49:00,95.1000,95.1000,95.1000,95.1000,166348,100
2018-02-05 14:51:00,94.9500,94.9000,94.9500,94.9000,166806,330
2018-02-05 14:52:00,94.9000,94.8500,94.8500,94.9000,167603,500
2018-02-05 14:53:00,94.9000,94.9000,94.9000,94.9000,167773,100
2018-02-05 14:54:00,95.0000,94.9500,94.9500,95.0000,168093,300
2018-02-05 14:55:00,94.9000,94.9000,94.9000,94.9000,168255,100
2018-02-05 14:56:00,94.8500,94.7500,94.7500,94.8500,168560,300
2018-02-05 14:57:00,94.7000,94.6250,94.6250,94.7000,168903,200
2018-02-05 14:58:00,94.7500,94.6252,94.6252,94.7000,169503,500
2018-02-05 14:59:00,94.9000,94.6500,94.6500,94.9000,170890,1100
2018-02-05 15:00:00,94.9000,94.8000,94.9000,94.8500,172034,900
2018-02-05 15:01:00,94.5500,94.4500,94.4500,94.5000,173533,1300
2018-02-05 15:02:00,94.8000,94.6500,94.6500,94.8000,174117,400
2018-02-05 15:03:00,94.8250,94.8122,94.8250,94.8122,174434,270
2018-02-05 15:04:00,95.1000,94.9500,94.9500,95.0000,178535,3767
2018-02-05 15:05:00,94.9000,94.7500,94.9000,94.7500,179445,609
2018-02-05 15:06:00,94.7000,94.2500,94.2500,94.7000,180967,1107
2018-02-05 15:07:00,94.5500,94.1500,94.5500,94.1500,182199,400
2018-02-05 15:08:00,94.1647,93.9000,94.1647,94.1000,184761,1500
2018-02-05 15:09:00,94.0110,93.9000,94.0110,93.9000,185142,330
2018-02-05 15:10:00,93.9000,93.5500,93.9000,93.6000,186920,862
2018-02-05 15:11:00,93.3500,93.0000,93.3500,93.0000,188591,1146
2018-02-05 15:12:00,93.0000,92.4000,92.7500,92.4000,192092,2200
2018-02-05 15:13:00,93.7000,92.8000,92.8500,93.6250,195377,2050
2018-02-05 15:14:00,93.8000,93.6000,93.8000,93.7000,197561,1400
2018-02-05 15:15:00,93.9000,93.5000,93.5500,93.9000,199253,1000
2018-02-05 15:16:00,94.1000,93.6550,93.9185,94.1000,204691,4819
2018-02-05 15:17:00,94.2000,93.8000,94.1000,93.9000,205671,700
2018-02-05 15:18:00,94.5500,94.2500,94.2500,94.5500,206472,500
2018-02-05 15:19:00,94.5000,94.2000,94.5000,94.2000,207976,1288
2018-02-05 15:20:00,94.6000,94.3000,94.4500,94.4000,210531,2127
2018-02-05 15:21:00,94.1500,94.0500,94.1500,94.0500,211148,300
2018-02-05 15:22:00,94.2500,93.8500,93.8500,94.1500,213237,1500
2018-02-05 15:23:00,94.2500,94.0000,94.2500,94.1500,214116,600
2018-02-05 15:24:00,94.6000,94.2000,94.2500,94.5500,215582,1300
2018-02-05 15:25:00,94.6000,94.4500,94.6000,94.4500,216518,800
2018-02-05 15:27:00,94.8500,94.3500,94.5750,94.8500,220224,3203
2018-02-05 15:28:00,95.1000,94.8500,94.8500,95.0500,221425,1200
2018-02-05 15:29:00,94.9500,94.8500,94.9000,94.9500,222935,1400
2018-02-05 15:30:00,95.1000,94.8800,94.8800,95.1000,223777,511
2018-02-05 15:31:00,95.2000,94.9000,94.9500,95.1000,228697,4400
2018-02-05 15:32:00,95.3500,95.0500,95.1500,95.2000,231191,2100
2018-02-05 15:33:00,95.6500,95.4000,95.4000,95.6500,232528,1100
2018-02-05 15:34:00,95.7000,95.5000,95.6500,95.6000,233464,800
2018-02-05 15:35:00,95.6500,95.4500,95.5500,95.4500,235728,2000
2018-02-05 15:36:00,95.3500,95.0500,95.3500,95.0500,236935,600
2018-02-05 15:37:00,95.2000,95.0500,95.1000,95.0500,238897,1386
2018-02-05 15:38:00,95.0000,94.9000,94.9000,95.0000,240384,1341
2018-02-05 15:39:00,94.9000,94.7500,94.9000,94.8000,242295,1200
2018-02-05 15:40:00,94.8500,94.6939,94.6960,94.6939,243001,680
2018-02-05 15:41:00,94.7000,94.4500,94.7000,94.5500,245932,2200
2018-02-05 15:42:00,94.7500,94.4500,94.5000,94.5000,251104,4902
2018-02-05 15:43:00,94.6500,94.6500,94.6500,94.6500,251214,100
2018-02-05 15:44:00,94.8500,94.6000,94.6500,94.7250,253552,1850
2018-02-05 15:45:00,94.8000,94.4500,94.8000,94.6500,254932,1000
2018-02-05 15:46:00,94.5000,94.1500,94.5000,94.2000,257322,1452
2018-02-05 15:47:00,94.2500,94.0500,94.2250,94.0500,258854,1000
2018-02-05 15:48:00,94.0000,93.8000,94.0000,93.8000,260060,1000
2018-02-05 15:49:00,93.9000,93.6500,93.7000,93.9000,262511,1733
2018-02-05 15:50:00,93.8000,93.1000,93.8000,93.7500,275976,12993
2018-02-05 15:51:00,93.7000,93.1500,93.2500,93.4500,280841,3800
2018-02-05 15:52:00,93.3500,93.1500,93.3000,93.2000,283089,1430
2018-02-05 15:53:00,93.2500,93.1750,93.2000,93.2500,284280,660
2018-02-05 15:54:00,93.5000,93.1500,93.1500,93.3000,288879,3112
2018-02-05 15:55:00,93.3000,93.0500,93.3000,93.0500,292922,3500
2018-02-05 15:56:00,93.5000,93.0500,93.0500,93.2750,299974,4990
2018-02-05 15:57:00,93.4000,93.1500,93.2000,93.3418,305974,4746
2018-02-05 15:58:00,93.3500,93.2000,93.2000,93.2500,317050,500
2018-02-05 15:59:00,93.3000,93.1500,93.2500,93.1500,321573,2543
2018-02-05 16:00:00,93.2000,92.6500,93.0000,92.6750,333856,9728
2018-02-06 09:31:00,90.8000,90.8000,90.8000,90.8000,507,300
2018-02-06 09:39:00,91.8500,90.9500,90.9500,91.8500,12853,10606
2018-02-06 09:40:00,92.2000,91.4000,91.9000,91.6500,15358,2110
2018-02-06 09:42:00,92.3505,92.3500,92.3505,92.3500,15672,250
2018-02-06 09:43:00,92.7500,92.3614,92.6500,92.7500,18306,2500
2018-02-06 09:44:00,93.1000,92.8500,92.9000,92.9000,21241,2800
2018-02-06 09:45:00,93.0500,93.0500,93.0500,93.0500,22391,1100
2018-02-06 09:46:00,93.3000,92.8500,92.8500,93.3000,23348,750
2018-02-06 09:47:00,93.4950,93.1000,93.3000,93.1000,26048,2700
2018-02-06 09:48:00,93.5000,93.3000,93.4000,93.5000,27804,1300
2018-02-06 09:49:00,94.0000,93.7500,93.8000,93.7500,29188,700
2018-02-06 09:50:00,93.7000,93.2000,93.7000,93.2000,32918,3035
2018-02-06 09:53:00,93.4500,93.1500,93.4500,93.4500,34535,1000
2018-02-06 09:54:00,93.8500,93.5602,93.6500,93.8500,37393,2777
2018-02-06 09:55:00,94.1000,93.9000,93.9000,94.1000,38055,600
2018-02-06 09:56:00,94.1500,94.1000,94.1500,94.1000,38355,300
2018-02-06 09:57:00,94.0450,93.7000,93.8500,93.7500,40939,2120
2018-02-06 09:58:00,93.9000,93.5000,93.7500,93.6500,42566,1400
2018-02-06 09:59:00,93.8000,93.1000,93.4500,93.1000,44534,1800
2018-02-06 10:00:00,93.3500,93.1000,93.1000,93.1500,45784,1200
2018-02-06 10:01:00,93.1750,93.0000,93.0000,93.1750,46481,500
2018-02-06 10:02:00,93.0000,93.0000,93.0000,93.0000,46710,100
2018-02-06 10:03:00,93.1750,92.8000,93.1300,93.0000,48302,1528
2018-02-06 10:04:00,93.3000,93.2000,93.2500,93.2500,50103,1700
2018-02-06 10:05:00,93.3250,93.2000,93.3250,93.2000,50403,300
2018-02-06 10:06:00,93.4000,93.2500,93.2500,93.2750,51787,1200
2018-02-06 10:07:00,93.2000,93.0000,93.2000,93.0000,52443,500
2018-02-06 10:08:00,92.9500,92.8000,92.8500,92.9250,53183,618
2018-02-06 10:09:00,92.7902,92.5500,92.7902,92.5500,53659,475
2018-02-06 10:10:00,92.5000,92.4500,92.5000,92.4500,54210,400
2018-02-06 10:11:00,92.8000,92.6500,92.6500,92.8000,54826,500
2018-02-06 10:12:00,92.6750,92.6750,92.6750,92.6750,56726,1900
2018-02-06 10:13:00,92.6750,92.6750,92.6750,92.6750,57026,300
2018-02-06 10:14:00,92.5000,92.4500,92.4500,92.4500,58260,1200
2018-02-06 10:15:00,92.2500,92.1000,92.2500,92.1000,58610,200
2018-02-06 10:17:00,91.8000,91.8000,91.8000,91.8000,59279,400
2018-02-06 10:19:00,91.9500,91.2500,91.5000,91.6500,64574,4862
2018-02-06 10:20:00,91.8500,91.6500,91.6500,91.6880,65324,650
2018-02-06 10:21:00,92.3500,91.9000,91.9000,92.3500,66526,1100
2018-02-06 10:23:00,92.3500,92.3500,92.3500,92.3500,66768,200
2018-02-06 10:24:00,92.1000,92.0500,92.1000,92.0500,67368,500
2018-02-06 10:25:00,92.0500,91.8000,91.9500,91.8000,68678,1200
2018-02-06 10:27:00,92.3500,91.7500,92.0000,92.3500,69295,400
2018-02-06 10:28:00,92.0000,91.7000,92.0000,91.7000,70675,1300
2018-02-06 10:29:00,91.9500,91.5500,91.9000,91.8000,71585,900
2018-02-06 10:31:00,92.1750,91.6000,91.9500,92.1750,71988,400
2018-02-06 10:32:00,92.2000,91.8500,92.1500,91.8500,73927,1600
2018-02-06 10:33:00,91.9000,91.5000,91.9000,91.5000,78129,4200
2018-02-06 10:34:00,91.9000,91.8500,91.8500,91.9000,78478,300
2018-02-06 10:35:00,91.9500,91.6500,91.8500,91.9500,78980,500
2018-02-06 10:36:00,91.6000,91.5000,91.6000,91.5000,79611,621
2018-02-06 10:37:00,91.5000,91.2500,91.5000,91.5000,80598,700
2018-02-06 10:38:00,91.4500,91.0000,91.2500,91.0500,88651,7565
2018-02-06 10:39:00,91.0000,91.0000,91.0000,91.0000,89114,350
2018-02-06 10:40:00,91.3500,90.9500,91.3500,90.9500,89967,750
2018-02-06 10:41:00,91.1000,90.9500,90.9500,91.1000,91060,800
2018-02-06 10:42:00,91.2500,90.9500,91.0000,91.2500,94326,2850
2018-02-06 10:43:00,91.3500,91.2000,91.2000,91.3500,94726,400
2018-02-06 10:45:00,91.6000,91.3000,91.6000,91.3000,97169,2200
2018-02-06 10:46:00,91.5500,91.4000,91.4000,91.5500,98304,1115
2018-02-06 10:48:00,91.9000,91.9000,91.9000,91.9000,98560,100
2018-02-06 10:49:00,91.9000,91.4500,91.6500,91.9000,99110,500
2018-02-06 10:50:00,92.0000,91.6000,92.0000,91.6000,100813,1600
2018-02-06 10:52:00,91.9500,91.9500,91.9500,91.9500,100923,100
2018-02-06 10:53:00,92.1500,91.9500,92.0000,92.1500,101449,500
2018-02-06 10:54:00,92.2500,92.2500,92.2500,92.2500,101594,100
2018-02-06 10:55:00,92.3500,92.1581,92.1581,92.3500,101931,300
2018-02-06 10:57:00,92.4500,92.4500,92.4500,92.4500,102119,100
2018-02-06 10:58:00,92.0500,92.0000,92.0500,92.0500,103019,900
2018-02-06 10:59:00,91.9753,91.9753,91.9753,91.9753,103120,100
2018-02-06 11:00:00,91.9000,91.8000,91.9000,91.8000,103835,559
2018-02-06 11:01:00,91.5500,91.1500,91.5500,91.1500,104071,200
2018-02-06 11:04:00,91.1000,91.1000,91.1000,91.1000,104178,100
2018-02-06 11:05:00,91.3000,91.0000,91.1050,91.3000,109306,5100
2018-02-06 11:06:00,91.3500,91.0500,91.2000,91.3500,110755,1300
2018-02-06 11:08:00,91.5000,91.1500,91.3700,91.5000,113408,2300
2018-02-06 11:09:00,91.3500,91.3500,91.3500,91.3500,113602,100
2018-02-06 11:10:00,91.1000,91.0500,91.0500,91.1000,114635,573
2018-02-06 11:11:00,91.1979,91.0250,91.1500,91.1979,114966,330
2018-02-06 11:12:00,91.3500,91.3500,91.3500,91.3500,115269,300
2018-02-06 11:13:00,91.5000,91.2500,91.5000,91.2500,115777,500
2018-02-06 11:14:00,91.2000,91.0000,91.2000,91.0000,117228,1408
2018-02-06 11:15:00,91.0000,90.8500,90.8500,91.0000,117443,200
2018-02-06 11:16:00,91.1000,90.9500,90.9500,91.1000,118148,700
2018-02-06 11:17:00,91.2000,91.1500,91.1500,91.2000,118648,300
2018-02-06 11:18:00,91.3000,91.1000,91.3000,91.1000,119450,700
2018-02-06 11:19:00,91.2500,91.1500,91.1500,91.2500,120145,400
2018-02-06 11:20:00,91.3000,91.2000,91.3000,91.2000,120452,300
2018-02-06 11:21:00,91.4500,91.2800,91.3252,91.4000,123256,2798
2018-02-06 11:22:00,91.4500,91.4500,91.4500,91.4500,123357,100
2018-02-06 11:23:00,91.4500,91.3000,91.4500,91.3000,124412,800
2018-02-06 11:24:00,91.4500,91.4500,91.4500,91.4500,124519,100
2018-02-06 11:25:00,91.4500,91.4000,91.4500,91.4000,125083,300
2018-02-06 11:26:00,91.2500,91.2500,91.2500,91.2500,125584,300
2018-02-06 11:27:00,91.5000,91.3000,91.3000,91.4000,126306,600
2018-02-06 11:28:00,91.3500,91.0000,91.3000,91.3500,127026,700
2018-02-06 11:29:00,91.3000,91.3000,91.3000,91.3000,127135,100
2018-02-06 11:30:00,91.3500,90.9500,91.3000,91.1000,129665,2050
2018-02-06 11:31:00,91.1000,91.0500,91.1000,91.0500,130167,300
2018-02-06 11:32:00,91.0500,90.9500,91.0500,91.0000,131025,700
2018-02-06 11:33:00,91.2500,91.0000,91.0000,91.2500,132369,1100
2018-02-06 11:34:00,91.2500,90.9500,90.9500,90.9500,132969,400
2018-02-06 11:35:00,90.9500,90.9500,90.9500,90.9500,133169,100
2018-02-06 11:36:00,91.0500,90.7500,91.0500,91.0000,134203,905
2018-02-06 11:41:00,91.2500,91.0849,91.0849,91.2500,135740,875
2018-02-06 11:42:00,91.2000,91.0000,91.2000,91.0000,137226,1000
2018-02-06 11:43:00,91.0584,90.9500,91.0584,90.9500,137835,500
2018-02-06 11:44:00,91.2500,90.9500,90.9500,91.1500,139279,1165
2018-02-06 11:45:00,91.2000,91.1000,91.1000,91.2000,139733,349
2018-02-06 11:46:00,91.3000,91.0000,91.0500,91.0000,140212,300
2018-02-06 11:47:00,91.0795,91.0000,91.0000,91.0795,140517,300
2018-02-06 11:48:00,90.9858,90.9500,90.9500,90.9500,141032,415
2018-02-06 11:50:00,91.2500,91.2500,91.2500,91.2500,141648,300
2018-02-06 11:51:00,91.5000,91.3000,91.3000,91.5000,142308,400
2018-02-06 11:52:00,91.5592,91.5000,91.5000,91.5000,144512,2058
2018-02-06 11:53:00,91.7500,91.5000,91.6000,91.6750,145243,500
2018-02-06 11:54:00,91.7500,91.7500,91.7500,91.7500,145443,200
2018-02-06 11:55:00,91.8500,91.3000,91.8500,91.3000,146829,1170
2018-02-06 11:56:00,91.8500,91.6000,91.6000,91.8500,147279,400
2018-02-06 11:59:00,91.7250,91.5500,91.7000,91.5500,148302,600
2018-02-06 12:00:00,91.6000,91.6000,91.6000,91.6000,148602,200
2018-02-06 12:01:00,91.8000,91.6000,91.6000,91.8000,149287,660
2018-02-06 12:05:00,92.0500,91.9000,91.9000,92.0500,150001,607
2018-02-06 12:06:00,92.0500,92.0000,92.0000,92.0500,150378,200
2018-02-06 12:07:00,92.2000,92.0500,92.1000,92.0500,151036,400
2018-02-06 12:08:00,92.2500,92.1500,92.1575,92.2250,152046,650
2018-02-06 12:11:00,92.3000,92.2000,92.3000,92.2000,153214,870
2018-02-06 12:12:00,92.0500,92.0500,92.0500,92.0500,153456,100
2018-02-06 12:13:00,92.0500,92.0500,92.0500,92.0500,153586,100
2018-02-06 12:14:00,92.3000,92.0500,92.1500,92.2500,154290,700
2018-02-06 12:17:00,92.5000,92.2500,92.3750,92.2500,155206,800
2018-02-06 12:18:00,92.2500,92.2500,92.2500,92.2500,155507,200
2018-02-06 12:19:00,92.2500,92.2500,92.2500,92.2500,155609,100
2018-02-06 12:20:00,92.1000,91.9000,92.1000,91.9000,156405,700
2018-02-06 12:21:00,92.0000,91.9000,91.9000,92.0000,156709,201
2018-02-06 12:22:00,91.9818,91.9000,91.9500,91.9500,157448,664
2018-02-06 12:23:00,92.1000,91.9000,91.9500,92.1000,158602,900
2018-02-06 12:25:00,92.2000,92.1500,92.1500,92.1500,159657,700
2018-02-06 12:27:00,92.4000,92.3000,92.3000,92.3000,160883,900
2018-02-06 12:28:00,92.5500,92.4398,92.4398,92.5500,161841,750
2018-02-06 12:29:00,92.6500,92.5000,92.6500,92.5000,162241,400
2018-02-06 12:30:00,92.8000,92.6000,92.7000,92.8000,163533,1100
2018-02-06 12:31:00,93.0000,92.7000,92.7500,92.9000,165156,1400
2018-02-06 12:32:00,92.6500,92.6500,92.6500,92.6500,165258,100
2018-02-06 12:33:00,92.5000,92.4500,92.4500,92.5000,165883,500
2018-02-06 12:34:00,92.5000,91.9000,92.3500,92.2500,167500,855
2018-02-06 12:35:00,92.3500,92.3000,92.3000,92.3250,168552,1050
2018-02-06 12:36:00,92.1550,92.1550,92.1550,92.1550,168995,400
2018-02-06 12:37:00,92.3000,92.3000,92.3000,92.3000,169098,100
2018-02-06 12:38:00,92.4000,92.3000,92.3000,92.3000,169749,600
2018-02-06 12:39:00,92.6500,92.3000,92.3000,92.6500,171789,1300
2018-02-06 12:40:00,92.7500,92.4000,92.4000,92.7500,172293,500
2018-02-06 12:41:00,92.7500,92.6500,92.6500,92.7500,172883,200
2018-02-06 12:42:00,92.9000,92.7500,92.9000,92.7500,173977,684
2018-02-06 12:43:00,92.6000,92.5500,92.6000,92.5500,174318,200
2018-02-06 12:44:00,92.5000,92.2500,92.5000,92.2500,174999,400
2018-02-06 12:47:00,92.1500,91.7000,92.1500,92.0500,176513,1100
2018-02-06 12:48:00,92.2498,92.2498,92.2498,92.2498,176718,105
2018-02-06 12:50:00,92.3000,92.3000,92.3000,92.3000,177037,200
2018-02-06 12:51:00,92.2000,92.1500,92.1500,92.2000,177743,500
2018-02-06 12:52:00,92.1000,91.9000,92.1000,91.9000,177995,200
2018-02-06 12:53:00,92.0000,91.7500,92.0000,91.7500,178427,300
2018-02-06 12:54:00,92.1500,91.9000,91.9000,92.1500,179747,1200
2018-02-06 12:55:00,92.1000,92.0500,92.0500,92.1000,180140,290
2018-02-06 12:56:00,92.3000,92.1500,92.1500,92.3000,180587,400
2018-02-06 12:58:00,92.4500,92.1000,92.3000,92.2500,183117,1654
2018-02-06 12:59:00,92.4000,92.2500,92.3000,92.4000,184468,1246
2018-02-06 13:00:00,92.5300,92.4000,92.5300,92.4000,184873,200
2018-02-06 13:01:00,92.4000,92.2000,92.4000,92.3000,187460,1800
2018-02-06 13:02:00,92.3000,92.3000,92.3000,92.3000,187926,400
2018-02-06 13:03:00,92.3000,92.0500,92.3000,92.0500,188506,300
2018-02-06 13:04:00,92.1000,92.0500,92.0500,92.1000,189151,600
2018-02-06 13:05:00,92.2000,92.2000,92.2000,92.2000,189253,100
2018-02-06 13:06:00,92.3000,92.2000,92.2500,92.2000,189616,300
2018-02-06 13:07:00,92.2000,92.1500,92.2000,92.1500,189921,300
2018-02-06 13:10:00,91.9500,91.8972,91.9500,91.8972,190452,350
2018-02-06 13:11:00,92.2500,91.7500,91.7500,92.2500,197923,7400
2018-02-06 13:13:00,92.5000,92.4500,92.4500,92.5000,198225,200
2018-02-06 13:14:00,92.7500,92.6500,92.7500,92.6500,198691,300
2018-02-06 13:15:00,92.8500,92.6500,92.6500,92.6500,199793,850
2018-02-06 13:16:00,92.8000,92.6000,92.6500,92.8000,200195,400
2018-02-06 13:17:00,92.6500,92.6500,92.6500,92.6500,200295,100
2018-02-06 13:18:00,92.7500,92.7500,92.7500,92.7500,200462,100
2018-02-06 13:20:00,92.8050,92.8050,92.8050,92.8050,200763,100
2018-02-06 13:21:00,92.9500,92.8500,92.9500,92.8500,201580,606
2018-02-06 13:22:00,92.9000,92.9000,92.9000,92.9000,201836,100
2018-02-06 13:23:00,92.8500,92.8500,92.8500,92.8500,202086,200
2018-02-06 13:24:00,92.8000,92.7500,92.7500,92.8000,203543,1129
2018-02-06 13:25:00,92.7741,92.7500,92.7500,92.7741,204280,400
2018-02-06 13:26:00,92.9500,92.6000,92.7500,92.9500,206259,1400
2018-02-06 13:27:00,92.9500,92.9500,92.9500,92.9500,207228,273
2018-02-06 13:28:00,92.8500,92.8500,92.8500,92.8500,207399,100
2018-02-06 13:29:00,92.7000,92.7000,92.7000,92.7000,207533,101
2018-02-06 13:30:00,92.8000,92.7000,92.8000,92.7000,207984,400
2018-02-06 13:31:00,92.6000,92.4500,92.4500,92.5500,208983,500
2018-02-06 13:33:00,92.6000,92.6000,92.6000,92.6000,209322,300
2018-02-06 13:34:00,92.6000,92.4000,92.6000,92.4000,210316,882
2018-02-06 13:37:00,92.6000,92.5000,92.5500,92.5000,211377,900
2018-02-06 13:38:00,92.6500,92.6500,92.6500,92.6500,211722,200
2018-02-06 13:39:00,92.6000,92.4000,92.6000,92.4000,212674,766
2018-02-06 13:40:00,92.5500,92.3500,92.3500,92.5500,213238,447
2018-02-06 13:41:00,92.5500,92.5500,92.5500,92.5500,213851,300
2018-02-06 13:43:00,92.3750,92.2500,92.3750,92.2500,216800,2700
2018-02-06 13:44:00,92.2500,92.2500,92.2500,92.2500,216900,100
2018-02-06 13:45:00,92.2500,92.1000,92.2000,92.1000,217599,300
2018-02-06 13:46:00,92.1500,92.1500,92.1500,92.1500,217847,200
2018-02-06 13:47:00,92.3500,92.0750,92.1500,92.3500,219460,1300
2018-02-06 13:49:00,92.2000,92.0500,92.2000,92.1000,220291,600
2018-02-06 13:51:00,92.2000,92.2000,92.2000,92.2000,220717,300
2018-02-06 13:52:00,92.0500,92.0500,92.0500,92.0500,221331,300
2018-02-06 13:54:00,92.2500,92.1000,92.1000,92.2500,221883,400
2018-02-06 13:55:00,92.1500,92.1500,92.1500,92.1500,222241,300
2018-02-06 13:59:00,92.1500,92.1000,92.1500,92.1000,223568,800
2018-02-06 14:00:00,92.2500,92.2000,92.2500,92.2000,223975,300
2018-02-06 14:02:00,92.2500,92.1500,92.1712,92.2500,224764,708
2018-02-06 14:03:00,92.4000,92.3500,92.3500,92.4000,225288,500
2018-02-06 14:04:00,92.3500,92.3000,92.3500,92.3000,225718,400
2018-02-06 14:06:00,92.2000,92.2000,92.2000,92.2000,226102,200
2018-02-06 14:07:00,92.1991,92.1991,92.1991,92.1991,226697,547
2018-02-06 14:08:00,92.1500,92.1500,92.1500,92.1500,226801,100
2018-02-06 14:09:00,92.1000,92.0000,92.1000,92.0000,227523,400
2018-02-06 14:10:00,92.0000,92.0000,92.0000,92.0000,227623,100
2018-02-06 14:11:00,92.4000,91.9500,92.0000,91.9500,230160,2140
2018-02-06 14:12:00,92.3000,92.3000,92.3000,92.3000,230293,100
2018-02-06 14:14:00,92.4500,92.4500,92.4500,92.4500,230458,100
2018-02-06 14:15:00,92.6500,92.4250,92.4250,92.6500,236658,6200
2018-02-06 14:16:00,92.4000,92.0500,92.4000,92.0500,237734,900
2018-02-06 14:17:00,92.4000,92.2000,92.2000,92.4000,238415,595
2018-02-06 14:19:00,92.0500,92.0500,92.0500,92.0500,238698,192
2018-02-06 14:21:00,92.1000,91.8500,91.8500,92.1000,239859,900
2018-02-06 14:23:00,92.1000,92.1000,92.1000,92.1000,240084,200
2018-02-06 14:25:00,92.0500,92.0000,92.0000,92.0500,240659,300
2018-02-06 14:26:00,91.9000,91.9000,91.9000,91.9000,240878,200
2018-02-06 14:27:00,92.0500,92.0500,92.0500,92.0500,241877,600
2018-02-06 14:29:00,92.1500,92.1500,92.1500,92.1500,242036,100
2018-02-06 14:31:00,92.0550,92.0500,92.0550,92.0500,242244,200
2018-02-06 14:33:00,92.2500,92.2500,92.2500,92.2500,242681,300
2018-02-06 14:34:00,92.7000,92.5500,92.7000,92.6500,243481,500
2018-02-06 14:35:00,92.7500,92.6500,92.6500,92.7500,244211,500
2018-02-06 14:36:00,93.1000,92.8500,92.8500,93.1000,244470,200
2018-02-06 14:37:00,93.0000,92.8000,93.0000,92.8000,245447,700
2018-02-06 14:38:00,93.0000,92.8500,92.8500,92.9000,246657,900
2018-02-06 14:40:00,93.1500,93.0000,93.0000,93.1500,247019,300
2018-02-06 14:41:00,93.2000,93.0500,93.0500,93.1500,247934,800
2018-02-06 14:42:00,93.1000,93.0000,93.1000,93.0000,248890,695
2018-02-06 14:43:00,93.0000,93.0000,93.0000,93.0000,248990,100
2018-02-06 14:44:00,92.9500,92.9500,92.9500,92.9500,249408,301
2018-02-06 14:45:00,93.1000,92.9500,92.9500,93.1000,250730,800
2018-02-06 14:46:00,93.2000,93.0500,93.1500,93.1000,253070,2180
2018-02-06 14:47:00,93.3500,93.1000,93.1000,93.1500,254074,954
2018-02-06 14:48:00,93.3500,93.2500,93.3500,93.2500,255249,700
2018-02-06 14:49:00,93.4500,93.2500,93.2500,93.3000,257305,1200
2018-02-06 14:50:00,93.3250,93.2000,93.3250,93.2000,258561,1160
2018-02-06 14:51:00,93.4500,93.4500,93.4500,93.4500,259294,700
2018-02-06 14:52:00,93.4500,93.3500,93.4500,93.3500,259720,400
2018-02-06 14:53:00,93.2500,93.2000,93.2000,93.2500,260024,200
2018-02-06 14:54:00,93.2500,93.2500,93.2500,93.2500,260240,199
2018-02-06 14:55:00,93.8000,93.3500,93.3500,93.8000,261649,1100
2018-02-06 14:56:00,93.8000,93.7500,93.7950,93.7500,262608,750
2018-02-06 14:57:00,93.8500,93.7500,93.8500,93.8000,263073,312
2018-02-06 14:58:00,94.0000,93.6000,93.6000,94.0000,269533,5705
2018-02-06 14:59:00,94.1000,94.0000,94.0500,94.0000,270542,800
2018-02-06 15:00:00,94.1500,94.1500,94.1500,94.1500,270792,200
2018-02-06 15:01:00,94.2500,94.1000,94.2500,94.1000,272012,900
2018-02-06 15:02:00,94.1000,94.1000,94.1000,94.1000,272112,100
2018-02-06 15:03:00,94.3000,94.0000,94.3000,94.1000,274975,1800
2018-02-06 15:04:00,94.1000,94.0500,94.0500,94.1000,276328,800
2018-02-06 15:05:00,94.5500,94.0000,94.0000,94.5500,277491,1000
2018-02-06 15:07:00,94.5000,94.3500,94.5000,94.5000,279076,1100
2018-02-06 15:09:00,94.4000,94.2500,94.3500,94.3250,280595,900
2018-02-06 15:10:00,94.4000,94.4000,94.4000,94.4000,281161,500
2018-02-06 15:11:00,94.2500,94.2500,94.2500,94.2500,281624,201
2018-02-06 15:12:00,94.2740,94.2740,94.2740,94.2740,282051,200
2018-02-06 15:13:00,94.2500,94.1500,94.1500,94.2500,282787,602
2018-02-06 15:15:00,94.0500,93.8000,94.0500,93.8000,283468,310
2018-02-06 15:16:00,94.0000,94.0000,94.0000,94.0000,283883,400
2018-02-06 15:17:00,93.9000,93.9000,93.9000,93.9000,284111,100
2018-02-06 15:19:00,93.9500,93.7500,93.9500,93.7500,287263,2120
2018-02-06 15:20:00,93.6500,93.4000,93.6500,93.5250,290373,2360
2018-02-06 15:21:00,93.9000,93.4000,93.4000,93.8000,292580,1900
2018-02-06 15:22:00,93.9000,93.8250,93.8250,93.8750,293072,400
2018-02-06 15:23:00,93.8750,93.5500,93.8750,93.5500,295231,1500
2018-02-06 15:24:00,93.5500,93.4500,93.5500,93.4500,295928,499
2018-02-06 15:25:00,93.5500,93.5500,93.5500,93.5500,296674,568
2018-02-06 15:26:00,93.6500,93.6000,93.6000,93.6500,297676,700
2018-02-06 15:27:00,93.8500,93.7500,93.7500,93.8250,298257,500
2018-02-06 15:28:00,93.8500,93.6500,93.7500,93.6960,299611,874
2018-02-06 15:29:00,93.7000,93.7000,93.7000,93.7000,299711,100
2018-02-06 15:30:00,93.8500,93.8000,93.8500,93.8500,300428,600
2018-02-06 15:31:00,93.8500,93.7000,93.8500,93.7500,303773,2101
2018-02-06 15:32:00,93.8500,93.3500,93.6500,93.8500,307807,3404
2018-02-06 15:33:00,93.9000,93.7500,93.9000,93.7500,309606,1407
2018-02-06 15:34:00,93.9500,93.8500,93.8500,93.9500,310728,900
2018-02-06 15:35:00,94.1000,94.0000,94.0500,94.0250,317041,5443
2018-02-06 15:36:00,94.2000,94.0750,94.1000,94.2000,317855,700
2018-02-06 15:37:00,94.3000,94.2500,94.3000,94.3000,318833,900
2018-02-06 15:38:00,94.4000,94.3050,94.3500,94.3050,322053,2367
2018-02-06 15:39:00,94.4500,94.4000,94.4000,94.4500,322853,600
2018-02-06 15:40:00,94.6000,94.5000,94.5000,94.6000,323874,700
2018-02-06 15:41:00,94.5500,94.4500,94.5500,94.4500,325867,1449
2018-02-06 15:42:00,94.6000,94.4750,94.5000,94.6000,327063,1100
2018-02-06 15:43:00,94.7000,94.5500,94.7000,94.6000,329540,1836
2018-02-06 15:44:00,94.7500,94.6000,94.6000,94.7500,332579,2885
2018-02-06 15:45:00,94.7500,94.6000,94.7500,94.7000,336210,3003
2018-02-06 15:46:00,94.8000,94.6000,94.7500,94.6500,340641,3800
2018-02-06 15:47:00,94.7500,94.6500,94.7000,94.7000,344144,3100
2018-02-06 15:48:00,94.7500,94.6000,94.7500,94.7000,345650,1000
2018-02-06 15:49:00,94.6500,94.4500,94.6500,94.6000,347287,1217
2018-02-06 15:50:00,94.7000,94.6000,94.6500,94.6000,349664,1664
2018-02-06 15:51:00,94.7000,94.4000,94.5500,94.7000,358708,7833
2018-02-06 15:52:00,94.7000,94.3500,94.6500,94.3500,360867,1707
2018-02-06 15:53:00,94.6000,94.3000,94.3000,94.5500,363158,1909
2018-02-06 15:54:00,94.7000,94.5000,94.5000,94.7000,365810,1701
2018-02-06 15:55:00,94.7000,94.5000,94.6500,94.5000,368915,1793
2018-02-06 15:56:00,94.6500,94.3500,94.4500,94.6500,371599,1763
2018-02-06 15:57:00,94.6500,94.5500,94.6000,94.6500,373655,1175
2018-02-06 15:58:00,94.7500,94.6000,94.7000,94.7000,377991,2952
2018-02-06 15:59:00,94.7500,94.3000,94.6750,94.3000,385252,4988
2018-02-06 16:00:00,94.6500,94.3000,94.3000,94.6500,394827,7612
2018-02-07 09:31:00,94.3000,94.0000,94.3000,94.0000,4856,4760
2018-02-07 09:34:00,94.2000,94.2000,94.2000,94.2000,5056,100
2018-02-07 09:35:00,94.2500,93.9500,94.2500,94.1000,7510,2200
2018-02-07 09:36:00,94.4500,94.1500,94.1500,94.4500,7861,300
2018-02-07 09:41:00,95.1500,94.6500,94.7000,94.6500,8687,600
2018-02-07 09:43:00,95.0055,94.7500,95.0055,94.7500,9054,260
2018-02-07 09:44:00,94.7000,94.5500,94.5500,94.7000,9526,200