2018-02-05 09:31:00,143.6000,142.1900,143.6000,142.2700,6018,5532
2018-02-05 09:32:00,142.7300,142.1800,142.2300,142.1800,6802,700
2018-02-05 09:33:00,142.6400,141.7700,142.0000,142.0200,12590,5045
2018-02-05 09:34:00,142.5450,142.0150,142.4400,142.0150,23463,1900
2018-02-05 09:35:00,142.3600,142.1700,142.3100,142.2700,26538,2300
2018-02-05 09:36:00,143.2600,142.4600,142.4600,143.2200,28419,1449
2018-02-05 09:38:00,142.9800,142.8200,142.9800,142.8938,29884,1099
2018-02-05 09:39:00,143.7100,142.9800,142.9800,143.4500,33261,2431
2018-02-05 09:40:00,143.2800,143.0300,143.2700,143.0300,36038,2232
2018-02-05 09:41:00,143.0150,142.8600,142.9400,143.0150,39925,3369
2018-02-05 09:42:00,143.2250,142.7000,142.9900,142.7000,41756,1654
2018-02-05 09:43:00,142.9600,142.8400,142.8400,142.9150,44945,2860
2018-02-05 09:44:00,142.8600,142.8600,142.8600,142.8600,45049,100
2018-02-05 09:45:00,143.0500,142.8700,142.8700,142.8800,53223,7800
2018-02-05 09:46:00,142.9600,142.6400,142.8000,142.8100,68474,14210
2018-02-05 09:47:00,142.7300,142.5400,142.7300,142.6500,70155,1500
2018-02-05 09:48:00,142.6400,142.5000,142.6400,142.5000,70855,700
2018-02-05 09:49:00,142.8100,142.4800,142.4800,142.6900,74332,3100
2018-02-05 09:50:00,142.7300,142.6500,142.6850,142.7300,76073,1500
2018-02-05 09:51:00,142.8400,142.6500,142.8100,142.6500,78001,1800
2018-02-05 09:52:00,142.7000,142.2400,142.7000,142.2400,82872,3642
2018-02-05 09:53:00,142.5000,142.2150,142.3600,142.5000,86057,2229
2018-02-05 09:54:00,142.7300,142.3750,142.7300,142.3750,86457,400
2018-02-05 09:55:00,142.6500,142.3500,142.4700,142.6500,87973,1200
2018-02-05 09:56:00,143.0500,142.7400,142.7600,142.9400,90858,2700
2018-02-05 09:57:00,143.2800,143.0200,143.2800,143.0690,94890,3000
2018-02-05 09:58:00,142.8400,142.5000,142.8400,142.5000,95886,600
2018-02-05 09:59:00,142.7000,142.4900,142.5000,142.6000,96989,1100
2018-02-05 10:01:00,142.8650,142.5800,142.7700,142.5800,99235,1200
2018-02-05 10:02:00,142.8200,142.6900,142.7400,142.6900,100794,1185
2018-02-05 10:03:00,143.3000,142.6800,142.6800,143.3000,102557,1500
2018-02-05 10:04:00,143.4900,143.2300,143.4900,143.3200,103709,800
2018-02-05 10:05:00,143.4200,143.2500,143.4200,143.2800,105260,1300
2018-02-05 10:06:00,143.6400,143.2100,143.4100,143.5450,117307,11000
2018-02-05 10:07:00,143.5300,143.5300,143.5300,143.5300,118170,600
2018-02-05 10:08:00,143.6900,143.5150,143.6500,143.5450,120502,1949
2018-02-05 10:09:00,143.8400,143.5550,143.5550,143.8400,122902,1900
2018-02-05 10:10:00,143.9800,143.9350,143.9350,143.9800,123367,300
2018-02-05 10:11:00,144.2200,143.9800,144.0200,144.2200,127146,3000
2018-02-05 10:12:00,144.2300,143.8100,144.2300,143.8100,129482,1802
2018-02-05 10:13:00,144.0600,143.8250,143.8250,144.0600,132658,2710
2018-02-05 10:14:00,144.1100,143.9100,143.9100,144.0650,134610,1800
2018-02-05 10:15:00,144.1100,144.0400,144.0650,144.0400,137742,2700
2018-02-05 10:16:00,144.0750,143.8800,144.0750,143.9100,139763,1500
2018-02-05 10:17:00,144.0400,143.9200,144.0400,143.9200,140481,700
2018-02-05 10:18:00,144.0150,144.0150,144.0150,144.0150,140832,300
2018-02-05 10:19:00,144.1100,143.9800,143.9800,144.0400,147465,5007
2018-02-05 10:20:00,144.1100,143.9500,144.1000,143.9900,151641,3700
2018-02-05 10:21:00,143.8900,143.8700,143.8900,143.8800,152701,1000
2018-02-05 10:22:00,144.0500,143.8800,144.0500,143.8800,153022,300
2018-02-05 10:23:00,143.8800,143.8700,143.8800,143.8700,153422,400
2018-02-05 10:24:00,144.1100,143.9900,144.0400,144.0650,161630,7300
2018-02-05 10:25:00,144.1100,143.9800,144.0100,144.0500,166004,3768
2018-02-05 10:26:00,144.1700,143.9500,144.0500,144.0000,169705,3000
2018-02-05 10:27:00,144.5000,144.1775,144.1900,144.5000,171313,1400
2018-02-05 10:28:00,144.5400,144.1900,144.5400,144.2000,173497,1700
2018-02-05 10:29:00,144.5600,144.2300,144.2300,144.4200,174763,700
2018-02-05 10:30:00,144.6000,144.4400,144.6000,144.5000,175844,700
2018-02-05 10:31:00,144.6450,144.6450,144.6450,144.6450,176246,300
2018-02-05 10:32:00,144.6400,144.4000,144.6350,144.4397,177892,1300
2018-02-05 10:33:00,144.5300,144.3100,144.3100,144.3600,181357,3100
2018-02-05 10:34:00,144.5100,144.4000,144.4350,144.4600,182281,500
2018-02-05 10:35:00,144.6200,144.4200,144.4200,144.6200,183674,1000
2018-02-05 10:36:00,144.7300,144.5750,144.6200,144.6050,184629,805
2018-02-05 10:37:00,144.8400,144.4400,144.7400,144.4400,187724,2600
2018-02-05 10:38:00,144.5200,144.3750,144.4100,144.5200,188526,700
2018-02-05 10:40:00,144.4500,144.1300,144.2500,144.3800,190188,1604
2018-02-05 10:41:00,144.5300,144.3800,144.5100,144.5300,192522,2333
2018-02-05 10:42:00,144.8800,144.6000,144.6000,144.8800,193852,1100
2018-02-05 10:43:00,144.8000,144.5500,144.8000,144.5500,197484,2800
2018-02-05 10:45:00,144.7650,144.7650,144.7650,144.7650,197787,100
2018-02-05 10:46:00,144.7650,144.7650,144.7650,144.7650,198621,800
2018-02-05 10:47:00,145.3100,144.9000,144.9000,145.0100,201266,2100
2018-02-05 10:48:00,145.4300,145.1800,145.1800,145.4300,202720,1400
2018-02-05 10:49:00,145.2600,145.1400,145.2600,145.2100,203940,966
2018-02-05 10:51:00,145.0250,144.5200,145.0250,144.5200,205239,800
2018-02-05 10:52:00,144.7300,144.3300,144.7300,144.3300,205645,400
2018-02-05 10:53:00,144.7100,144.3200,144.3200,144.7100,209802,3344
2018-02-05 10:54:00,144.8000,144.5600,144.6600,144.8000,210302,500
2018-02-05 10:55:00,144.8099,144.5700,144.6900,144.6900,211253,938
2018-02-05 10:56:00,144.6900,144.6900,144.6900,144.6900,211366,100
2018-02-05 10:57:00,144.7150,144.5800,144.7150,144.6100,212997,1000
2018-02-05 10:58:00,144.5200,144.5200,144.5200,144.5200,213097,100
2018-02-05 10:59:00,145.0500,144.7800,144.7800,145.0500,214397,900
2018-02-05 11:00:00,145.0000,144.7400,145.0000,144.7400,215670,800
2018-02-05 11:01:00,144.9700,144.7800,144.7800,144.8000,216990,1000
2018-02-05 11:02:00,145.0050,145.0050,145.0050,145.0050,218347,1300
2018-02-05 11:03:00,144.9800,144.9750,144.9750,144.9800,220655,2300
2018-02-05 11:04:00,144.9800,144.8100,144.9800,144.8800,222061,1200
2018-02-05 11:06:00,144.6700,144.6700,144.6700,144.6700,222406,100
2018-02-05 11:07:00,144.8500,144.7900,144.7900,144.8500,225053,1964
2018-02-05 11:08:00,144.9800,144.7200,144.9600,144.7200,226350,900
2018-02-05 11:09:00,144.7300,144.6800,144.7300,144.7300,226919,500
2018-02-05 11:10:00,144.5200,144.5200,144.5200,144.5200,227220,300
2018-02-05 11:11:00,144.7200,144.6200,144.7200,144.6200,227720,500
2018-02-05 11:12:00,144.6350,144.6350,144.6350,144.6350,227823,100
2018-02-05 11:13:00,144.9800,144.5300,144.5300,144.9800,229841,1500
2018-02-05 11:14:00,145.3600,144.7800,145.0300,144.7800,233437,2819
2018-02-05 11:17:00,144.8700,144.8650,144.8650,144.8700,233637,200
2018-02-05 11:19:00,144.8450,144.6700,144.7100,144.6700,235781,1700
2018-02-05 11:20:00,144.5050,144.4850,144.5050,144.4850,235992,200
2018-02-05 11:21:00,144.4500,144.3200,144.3510,144.4500,236456,450
2018-02-05 11:22:00,144.3200,144.0000,144.3200,144.0000,237140,500
2018-02-05 11:23:00,144.4200,144.1650,144.1650,144.3000,238662,1500
2018-02-05 11:24:00,144.6400,144.6200,144.6200,144.6400,239592,900
2018-02-05 11:25:00,144.8700,144.6000,144.7800,144.6000,242014,1752
2018-02-05 11:26:00,144.7700,144.7700,144.7700,144.7700,242114,100
2018-02-05 11:27:00,144.9800,144.7700,144.7700,144.9800,243454,1194
2018-02-05 11:28:00,145.2500,144.8700,144.8700,145.0600,246123,2500
2018-02-05 11:29:00,145.0900,144.9300,145.0900,145.0600,246848,400
2018-02-05 11:30:00,144.9250,144.9250,144.9250,144.9250,246950,100
2018-02-05 11:31:00,144.9950,144.7600,144.8100,144.9850,253005,5228
2018-02-05 11:32:00,144.8750,144.8750,144.8750,144.8750,253105,100
2018-02-05 11:33:00,145.0300,144.8500,144.8500,145.0300,254345,900
2018-02-05 11:34:00,145.0400,144.9800,144.9800,145.0400,254681,300
2018-02-05 11:35:00,145.0400,144.6600,145.0400,144.9300,256555,1000
2018-02-05 11:36:00,144.7350,144.7350,144.7350,144.7350,256666,100
2018-02-05 11:38:00,144.8900,144.7300,144.7300,144.7300,257766,1100
2018-02-05 11:39:00,145.0100,144.8300,144.8300,145.0100,259927,1670
2018-02-05 11:40:00,145.0200,144.9252,144.9350,145.0200,262940,2906
2018-02-05 11:41:00,145.0400,144.8400,145.0400,144.8500,264342,1000
2018-02-05 11:42:00,144.7700,144.7700,144.7700,144.7700,264547,141
2018-02-05 11:43:00,144.8400,144.5650,144.7800,144.8400,265692,1100
2018-02-05 11:45:00,144.8000,144.6400,144.6400,144.6550,266292,600
2018-02-05 11:46:00,144.8100,144.7000,144.8100,144.7350,267286,700
2018-02-05 11:49:00,145.0100,144.6800,144.7450,145.0100,270717,2823
2018-02-05 11:50:00,145.0900,144.8100,145.0400,144.8200,272387,1240
2018-02-05 11:52:00,144.8550,144.8500,144.8500,144.8500,272788,400
2018-02-05 11:53:00,144.8850,144.8850,144.8850,144.8850,273277,400
2018-02-05 11:54:00,145.1100,145.0400,145.0400,145.0900,274308,700
2018-02-05 11:55:00,145.1150,145.0200,145.1150,145.0200,274508,200
2018-02-05 11:56:00,145.0000,144.9900,145.0000,144.9900,274800,200
2018-02-05 11:57:00,145.2400,145.2400,145.2400,145.2400,275107,300
2018-02-05 11:58:00,145.1700,144.9700,145.0900,145.0950,276747,943
2018-02-05 11:59:00,145.0547,145.0547,145.0547,145.0547,276982,230
2018-02-05 12:01:00,144.9400,144.9400,144.9400,144.9400,277082,100
2018-02-05 12:03:00,144.9400,144.9100,144.9300,144.9400,278218,800
2018-02-05 12:04:00,145.1000,144.9400,144.9400,144.9800,279964,1700
2018-02-05 12:05:00,145.0700,144.7500,145.0650,144.7500,281373,1200
2018-02-05 12:10:00,144.5900,144.5900,144.5900,144.5900,281584,100
2018-02-05 12:11:00,144.7000,144.5900,144.5900,144.7000,281903,300
2018-02-05 12:12:00,144.5900,144.5700,144.5900,144.5700,282674,600
2018-02-05 12:14:00,144.7650,144.7650,144.7650,144.7650,282775,100
2018-02-05 12:15:00,144.6450,144.6450,144.6450,144.6450,282875,100
2018-02-05 12:16:00,144.5100,144.5100,144.5100,144.5100,283078,200
2018-02-05 12:17:00,144.7600,144.7500,144.7500,144.7600,283367,200
2018-02-05 12:18:00,144.8700,144.6600,144.6600,144.8700,285490,1415
2018-02-05 12:19:00,144.8900,144.8900,144.8900,144.8900,285668,100
2018-02-05 12:20:00,144.9150,144.6600,144.9150,144.8400,287292,1400
2018-02-05 12:23:00,144.8300,144.6500,144.6600,144.8300,289363,1600
2018-02-05 12:24:00,144.7850,144.6999,144.6999,144.7000,290671,934
2018-02-05 12:25:00,144.7800,144.6900,144.7800,144.6950,292176,1500
2018-02-05 12:27:00,145.0100,144.7000,144.8100,144.7000,297982,5340
2018-02-05 12:28:00,144.7850,144.7000,144.7850,144.7150,299209,1000
2018-02-05 12:29:00,144.6200,144.6031,144.6031,144.6200,300022,736
2018-02-05 12:31:00,144.8300,144.6550,144.7100,144.6550,301549,1400
2018-02-05 12:32:00,144.8400,144.6700,144.7600,144.7000,303486,1900
2018-02-05 12:33:00,144.7800,144.7700,144.7800,144.7700,303903,300
2018-02-05 12:34:00,144.8900,144.7800,144.7800,144.8300,305830,1639
2018-02-05 12:35:00,144.7700,144.7000,144.7700,144.7000,306734,600
2018-02-05 12:36:00,144.6900,144.6600,144.6900,144.6600,307352,200
2018-02-05 12:38:00,144.5200,144.5200,144.5200,144.5200,307616,100
2018-02-05 12:39:00,144.8300,144.6050,144.6050,144.8100,309279,1300
2018-02-05 12:40:00,144.8650,144.7300,144.8650,144.7300,310756,500
2018-02-05 12:41:00,144.7450,144.7450,144.7450,144.7450,310957,200
2018-02-05 12:43:00,144.6500,144.6500,144.6500,144.6500,311163,100
2018-02-05 12:45:00,144.9900,144.7900,144.7900,144.8550,314482,2800
2018-02-05 12:47:00,144.8878,144.6500,144.8878,144.6500,315570,684
2018-02-05 12:50:00,144.7800,144.7100,144.7100,144.7800,316181,410
2018-02-05 12:55:00,144.6200,144.4900,144.6200,144.4900,317734,1200
2018-02-05 12:56:00,144.6400,144.5800,144.6000,144.5800,318685,500
2018-02-05 12:57:00,144.5500,144.5500,144.5500,144.5500,319025,200
2018-02-05 12:58:00,144.6300,144.5400,144.5900,144.5400,319978,700
2018-02-05 12:59:00,144.7300,144.3500,144.4100,144.6400,322513,2100
2018-02-05 13:01:00,144.4700,144.4000,144.4700,144.4000,322993,300
2018-02-05 13:02:00,144.5500,144.5200,144.5200,144.5500,323932,600
2018-02-05 13:06:00,144.5900,144.4800,144.4800,144.5400,325430,700
2018-02-05 13:07:00,144.6450,144.1000,144.6300,144.3600,326010,500
2018-02-05 13:08:00,144.6100,144.6100,144.6100,144.6100,326210,200
2018-02-05 13:10:00,144.5000,144.5000,144.5000,144.5000,326313,100
2018-02-05 13:11:00,144.5500,144.5500,144.5500,144.5500,326642,100
2018-02-05 13:12:00,144.4700,144.2400,144.4300,144.4050,328368,1455
2018-02-05 13:13:00,144.4400,144.2200,144.3400,144.4400,330807,1965
2018-02-05 13:14:00,144.4700,144.1800,144.4600,144.4400,332044,900
2018-02-05 13:15:00,144.4400,144.2000,144.4400,144.2500,333681,1300
2018-02-05 13:16:00,144.3200,144.1200,144.3200,144.1200,333951,200
2018-02-05 13:17:00,144.3400,144.1200,144.2650,144.1200,335117,900
2018-02-05 13:18:00,144.0800,144.0800,144.0800,144.0800,335395,100
2018-02-05 13:21:00,144.0800,143.9340,143.9700,144.0800,335932,300
2018-02-05 13:22:00,144.1600,143.9800,144.0600,143.9800,338699,2105
2018-02-05 13:23:00,144.1550,143.8300,144.0600,143.9600,340649,1700
2018-02-05 13:25:00,143.9700,143.9700,143.9700,143.9700,340766,100
2018-02-05 13:26:00,144.1100,143.9500,144.0900,144.1100,342361,1000
2018-02-05 13:27:00,144.0100,143.9100,143.9700,144.0100,344480,1456
2018-02-05 13:28:00,144.1150,143.8450,144.0100,143.9550,345785,1200
2018-02-05 13:29:00,143.9800,143.6200,143.8000,143.9800,347711,1307
2018-02-05 13:30:00,144.0100,143.7200,143.8900,143.7200,349122,1300
2018-02-05 13:31:00,144.0000,143.9000,143.9000,144.0000,350036,900
2018-02-05 13:32:00,144.0900,143.6900,144.0000,143.6900,356557,5883
2018-02-05 13:33:00,144.1100,143.7600,143.7600,144.1100,357378,700
2018-02-05 13:35:00,144.1100,143.8900,144.0000,143.8900,358435,800
2018-02-05 13:36:00,144.0400,144.0400,144.0400,144.0400,358540,100
2018-02-05 13:37:00,144.0300,143.8100,144.0100,143.8800,359702,1000
2018-02-05 13:38:00,143.8600,143.5900,143.7400,143.6600,360924,888
2018-02-05 13:39:00,143.9650,143.8500,143.8500,143.9650,362235,1000
2018-02-05 13:40:00,143.7200,143.7200,143.7200,143.7200,362489,100
2018-02-05 13:41:00,143.9900,143.9700,143.9900,143.9700,363419,600
2018-02-05 13:42:00,144.3250,143.7500,143.9800,143.7500,367470,3700
2018-02-05 13:43:00,143.9400,143.7300,143.9400,143.7300,367782,300
2018-02-05 13:44:00,144.0950,143.9550,143.9550,144.0950,368220,400
2018-02-05 13:46:00,144.0000,143.8600,143.9300,143.8700,369672,1300
2018-02-05 13:48:00,143.9500,143.8000,143.8000,143.8650,370174,400
2018-02-05 13:49:00,144.0300,143.8750,143.8750,143.9650,372684,2500
2018-02-05 13:50:00,144.0350,143.9900,144.0350,143.9900,372884,200
2018-02-05 13:51:00,144.0900,143.9650,144.0900,143.9650,374325,1100
2018-02-05 13:52:00,144.1000,143.9900,143.9900,143.9900,376128,1500
2018-02-05 13:53:00,144.0400,143.8900,144.0400,143.9925,378433,2200
2018-02-05 13:55:00,144.0600,143.8600,143.9350,144.0375,385490,6311
2018-02-05 13:56:00,144.0500,143.8700,143.9700,143.8700,391637,5000
2018-02-05 13:57:00,144.0700,143.9150,143.9850,143.9250,392937,1300
2018-02-05 13:58:00,144.0300,144.0000,144.0100,144.0000,394116,900
2018-02-05 13:59:00,144.0900,143.9300,143.9310,143.9300,395663,1442
2018-02-05 14:00:00,144.0900,143.9300,144.0900,144.0050,397151,1300
2018-02-05 14:01:00,144.0600,143.9000,144.0600,143.9000,398429,1012
2018-02-05 14:02:00,143.9950,143.6600,143.9950,143.6900,401275,2000
2018-02-05 14:03:00,143.8625,143.6900,143.6900,143.8000,403385,1600
2018-02-05 14:04:00,143.8100,143.6100,143.8100,143.8000,408602,4551
2018-02-05 14:05:00,143.9400,143.8500,143.8550,143.9200,410417,1600
2018-02-05 14:06:00,143.8800,143.7300,143.8800,143.7300,411915,1300
2018-02-05 14:07:00,143.8550,143.6800,143.8550,143.6800,412524,600
2018-02-05 14:08:00,143.6400,143.4900,143.6400,143.5000,413349,800
2018-02-05 14:09:00,143.6600,143.5500,143.6400,143.6200,414059,400
2018-02-05 14:10:00,143.7100,143.4300,143.7000,143.4300,415459,1296
2018-02-05 14:12:00,143.6400,143.4000,143.6400,143.4000,417174,1500
2018-02-05 14:13:00,143.5400,143.3000,143.3700,143.5250,419359,2000
2018-02-05 14:14:00,143.4750,143.3800,143.4750,143.4500,419759,300
2018-02-05 14:15:00,143.4900,143.4650,143.4650,143.4900,420059,300
2018-02-05 14:16:00,143.4450,143.1800,143.4000,143.2600,432349,3000
2018-02-05 14:17:00,143.1600,143.1600,143.1600,143.1600,432564,100
2018-02-05 14:18:00,143.3700,143.3400,143.3400,143.3400,433487,300
2018-02-05 14:19:00,143.2900,143.2600,143.2900,143.2800,433903,300
2018-02-05 14:20:00,143.4200,143.2200,143.2850,143.3900,435669,1500
2018-02-05 14:21:00,143.3900,143.2010,143.2631,143.3650,437565,1425
2018-02-05 14:22:00,143.2200,142.9600,143.2200,143.1175,439294,1200
2018-02-05 14:23:00,143.1200,142.8700,143.0200,143.0100,444519,4300
2018-02-05 14:24:00,143.1800,143.0200,143.1800,143.0700,446347,1454
2018-02-05 14:25:00,143.0200,142.7100,143.0200,142.9850,447860,1301
2018-02-05 14:27:00,142.8900,142.7100,142.8600,142.8500,451075,2900
2018-02-05 14:28:00,143.0100,142.8100,142.8500,142.8900,454433,3202
2018-02-05 14:29:00,142.8400,142.8094,142.8400,142.8094,455398,678
2018-02-05 14:30:00,143.0700,142.8900,142.8900,143.0700,456857,909
2018-02-05 14:31:00,143.0200,142.6700,142.9600,142.9600,458635,900
2018-02-05 14:32:00,143.1100,142.9900,142.9900,143.0950,460194,1000
2018-02-05 14:33:00,143.0600,142.8600,143.0600,142.8600,461522,900
2018-02-05 14:34:00,142.8100,142.8100,142.8100,142.8100,461926,400
2018-02-05 14:35:00,142.7800,142.6000,142.6400,142.6800,464148,1849
2018-02-05 14:36:00,142.8600,142.7150,142.7150,142.8600,464544,300
2018-02-05 14:37:00,143.0400,142.8100,142.8100,143.0400,465013,200
2018-02-05 14:38:00,143.0500,142.9100,143.0271,142.9100,466400,1100
2018-02-05 14:39:00,143.0650,142.8200,143.0050,142.8200,469424,2500
2018-02-05 14:40:00,142.9100,142.8400,142.9100,142.8450,469826,400
2018-02-05 14:41:00,143.1000,142.8900,142.8900,143.1000,472434,2601
2018-02-05 14:42:00,143.0500,143.0000,143.0400,143.0000,473303,500
2018-02-05 14:43:00,142.9500,142.9400,142.9500,142.9400,473630,300
2018-02-05 14:44:00,142.9600,142.9600,142.9600,142.9600,473730,100
2018-02-05 14:45:00,142.9300,142.6700,142.9300,142.6991,476126,1600
2018-02-05 14:46:00,142.9100,142.8500,142.8500,142.8500,476749,503
2018-02-05 14:47:00,142.8100,142.6500,142.8100,142.6500,477655,575
2018-02-05 14:48:00,142.7300,142.5400,142.6100,142.5600,479774,1700
2018-02-05 14:49:00,142.6300,142.4400,142.6300,142.4850,482011,1900
2018-02-05 14:50:00,142.6200,142.4900,142.5300,142.4900,485025,2500
2018-02-05 14:51:00,142.4400,142.1100,142.4400,142.1100,489024,3100
2018-02-05 14:52:00,142.2200,142.0000,142.1900,142.1500,492277,2635
2018-02-05 14:53:00,142.1950,142.0700,142.1950,142.1562,493425,1102
2018-02-05 14:54:00,142.0900,141.8700,142.0400,141.9610,494158,646
2018-02-05 14:55:00,142.2900,142.1100,142.1700,142.1100,496903,2200
2018-02-05 14:56:00,142.0970,141.8600,141.8600,141.9200,498281,1158
2018-02-05 14:57:00,142.0900,141.9900,142.0300,141.9900,499164,400
2018-02-05 14:58:00,141.9650,141.8000,141.8200,141.8000,500430,900
2018-02-05 14:59:00,141.8300,141.7900,141.8250,141.8300,501774,1100
2018-02-05 15:00:00,142.0300,141.7100,141.9100,141.7100,504219,1600
2018-02-05 15:01:00,141.6700,141.3050,141.5550,141.5700,508404,3300
2018-02-05 15:02:00,141.8275,141.5800,141.5800,141.8275,509640,800
2018-02-05 15:03:00,141.9300,141.8175,141.8175,141.8800,510726,800
2018-02-05 15:04:00,141.9400,141.5950,141.9400,141.6101,513520,1650
2018-02-05 15:05:00,141.7500,141.1100,141.7500,141.1300,517573,3322
2018-02-05 15:06:00,141.3500,141.0100,141.0150,141.2900,520990,2800
2018-02-05 15:07:00,141.3400,141.1200,141.3000,141.1200,523661,2200
2018-02-05 15:08:00,140.9800,140.2350,140.9800,140.6350,529119,3864
2018-02-05 15:09:00,140.9500,140.6300,140.6550,140.9500,530973,1200
2018-02-05 15:10:00,140.7600,140.0100,140.7600,140.3200,533287,1958
2018-02-05 15:11:00,140.7600,140.4500,140.6100,140.4500,536275,2000
2018-02-05 15:12:00,140.7400,140.2600,140.2600,140.7400,538880,1810
2018-02-05 15:13:00,141.6000,140.6800,140.7400,141.6000,542215,2700
2018-02-05 15:14:00,141.5600,141.1900,141.3500,141.5600,544449,1900
2018-02-05 15:15:00,141.1700,140.8700,141.1700,141.0065,545447,875
2018-02-05 15:16:00,141.3600,141.1100,141.1400,141.3400,549337,3201
2018-02-05 15:17:00,141.8300,141.4250,141.4250,141.8300,550082,600
2018-02-05 15:18:00,141.9700,141.7700,141.9400,141.7700,552566,1503
2018-02-05 15:19:00,141.8500,141.2400,141.8500,141.4300,557958,4428
2018-02-05 15:20:00,141.9000,141.5100,141.6200,141.6550,561271,2300
2018-02-05 15:21:00,141.6450,141.2100,141.6450,141.2300,564373,2000
2018-02-05 15:22:00,141.5100,141.1100,141.1700,141.5100,569092,3500
2018-02-05 15:23:00,142.0000,141.3100,141.4800,141.8400,572903,2700
2018-02-05 15:24:00,142.3450,141.8600,142.1400,141.8600,577671,3600
2018-02-05 15:25:00,141.8450,141.6200,141.8350,141.6200,579560,1500
2018-02-05 15:26:00,141.7800,141.7800,141.7800,141.7800,579661,100
2018-02-05 15:27:00,141.7700,141.4400,141.6200,141.7621,583763,2800
2018-02-05 15:28:00,142.0800,141.6900,141.7700,142.0800,586309,1900
2018-02-05 15:29:00,141.9701,141.9701,141.9701,141.9701,586763,200
2018-02-05 15:30:00,142.5100,142.0800,142.5100,142.1000,589357,1750
2018-02-05 15:31:00,142.3600,141.7100,142.3600,141.8200,599820,7480
2018-02-05 15:32:00,141.9400,141.7000,141.7750,141.7000,603946,3100
2018-02-05 15:33:00,142.1400,141.6596,141.6596,141.9500,607524,2800
2018-02-05 15:34:00,142.0700,141.8150,141.9600,142.0500,610221,1700
2018-02-05 15:35:00,142.0800,141.8400,142.0600,141.8400,611090,600
2018-02-05 15:36:00,142.0100,141.7600,141.8400,141.9900,615444,2577
2018-02-05 15:37:00,141.7750,141.6000,141.7700,141.6000,618651,1300
2018-02-05 15:38:00,141.6400,141.3500,141.4400,141.6100,623192,3300
2018-02-05 15:39:00,141.5800,141.3800,141.5800,141.3800,626392,1806
2018-02-05 15:40:00,141.4600,141.2400,141.2400,141.3300,629793,2729
2018-02-05 15:41:00,141.2300,140.8200,141.2000,140.8200,633464,3128
2018-02-05 15:42:00,141.3800,140.8500,140.8500,141.1800,641590,5660
2018-02-05 15:43:00,141.8800,141.1400,141.1400,141.7300,649957,4100
2018-02-05 15:44:00,141.8700,141.6450,141.6450,141.7000,651186,500
2018-02-05 15:45:00,141.6500,141.6500,141.6500,141.6500,651326,100
2018-02-05 15:46:00,141.7100,141.3400,141.6700,141.5399,655903,3100
2018-02-05 15:47:00,141.4300,141.2400,141.4250,141.2450,658529,1900
2018-02-05 15:48:00,141.3799,140.8750,141.3350,140.9700,663128,3769
2018-02-05 15:49:00,141.0782,140.7600,140.7600,141.0100,668122,3901
2018-02-05 15:50:00,141.0300,140.6900,141.0100,140.7050,677194,8416
2018-02-05 15:51:00,140.7950,140.3750,140.7950,140.5300,690700,10616
2018-02-05 15:52:00,140.7400,140.5700,140.5700,140.6700,693319,1719
2018-02-05 15:53:00,140.6800,140.5900,140.6300,140.6800,699599,4196
2018-02-05 15:54:00,140.8300,140.6300,140.6300,140.7200,707212,5357
2018-02-05 15:55:00,140.8200,140.7050,140.7600,140.8200,711909,3721
2018-02-05 15:56:00,141.0100,140.6250,140.8300,140.6350,720283,4514
2018-02-05 15:57:00,140.8500,140.6350,140.6350,140.8200,727096,4249
2018-02-05 15:58:00,140.8500,140.7300,140.7300,140.8100,738168,8600
2018-02-05 15:59:00,140.8200,140.4950,140.8200,140.5750,752677,10387
2018-02-05 16:00:00,140.5700,140.2400,140.5350,140.2800,775956,16657
2018-02-06 09:31:00,139.8100,136.8700,138.0600,136.8700,8999,8247
2018-02-06 09:32:00,136.8400,135.6367,136.8400,136.1100,14041,3480
2018-02-06 09:33:00,136.2400,136.0900,136.1000,136.1500,14865,800
2018-02-06 09:34:00,137.1412,136.1500,136.2400,137.1412,16786,1300
2018-02-06 09:35:00,138.1100,137.3200,137.4000,137.7500,20285,2550
2018-02-06 09:36:00,138.6999,137.8700,137.8700,138.0200,21089,800
2018-02-06 09:37:00,138.7800,138.3500,138.3500,138.6900,23690,2484
2018-02-06 09:38:00,138.8700,138.5120,138.6400,138.8700,25490,1600
2018-02-06 09:39:00,139.3500,138.5152,138.5152,139.3500,30768,4278
2018-02-06 09:40:00,140.2700,139.4484,139.4484,140.2700,33470,2387
2018-02-06 09:41:00,140.3100,139.8300,139.9200,140.2800,33934,400
2018-02-06 09:42:00,140.5800,140.0800,140.3050,140.2100,40406,5872
2018-02-06 09:43:00,141.3400,140.1100,140.1100,141.0050,43722,2000
2018-02-06 09:44:00,141.3500,140.6900,140.6900,141.2200,44254,400
2018-02-06 09:45:00,141.1400,140.4400,141.1300,140.4400,45999,1600
2018-02-06 09:46:00,141.0600,141.0600,141.0600,141.0600,46168,100
2018-02-06 09:47:00,141.0000,140.4700,140.9900,140.6900,48604,1706
2018-02-06 09:48:00,141.1400,140.9350,141.0000,140.9350,51119,2150
2018-02-06 09:49:00,141.2700,140.9200,140.9700,140.9700,54660,2900
2018-02-06 09:50:00,140.9243,140.4400,140.7900,140.8550,58746,3131
2018-02-06 09:51:00,141.1500,140.8700,140.8700,141.1500,60349,1400
2018-02-06 09:52:00,141.0850,141.0600,141.0600,141.0850,60650,300
2018-02-06 09:53:00,141.1000,140.6700,141.1000,140.9200,63507,1613
2018-02-06 09:54:00,140.9800,140.7400,140.8900,140.9700,64812,1100
2018-02-06 09:55:00,141.5850,141.0300,141.0300,141.5850,67568,2150
2018-02-06 09:56:00,141.7350,141.6350,141.6350,141.7350,67868,300
2018-02-06 09:57:00,141.7350,141.4050,141.7350,141.5350,70204,1500
2018-02-06 09:58:00,141.0100,140.4300,141.0100,140.4300,72474,1900
2018-02-06 09:59:00,140.8600,140.2700,140.2700,140.3300,79434,5400
2018-02-06 10:00:00,140.4300,140.3300,140.4300,140.3300,79967,500
2018-02-06 10:01:00,141.1200,140.6400,140.6400,141.1200,81665,500
2018-02-06 10:02:00,141.3100,141.1300,141.1300,141.3100,82290,600
2018-02-06 10:03:00,141.3000,141.1300,141.1300,141.3000,82776,200
2018-02-06 10:04:00,141.6300,141.1550,141.1550,141.6300,83660,800
2018-02-06 10:05:00,141.8000,141.5450,141.6500,141.8000,85994,1604
2018-02-06 10:06:00,141.9200,141.8250,141.9200,141.8250,86295,200
2018-02-06 10:07:00,141.7300,140.9000,141.7300,140.9000,89643,2700
2018-02-06 10:08:00,140.8800,140.7000,140.8800,140.7000,90443,800
2018-02-06 10:09:00,140.6442,140.1800,140.5850,140.2200,92059,1150
2018-02-06 10:10:00,140.3400,140.0200,140.2103,140.3400,100561,8200
2018-02-06 10:11:00,140.8400,140.2500,140.2500,140.6800,104803,3100
2018-02-06 10:12:00,140.8250,140.4100,140.8250,140.4800,107342,2000
2018-02-06 10:13:00,140.7400,140.3300,140.6300,140.3300,109829,1800
2018-02-06 10:15:00,140.5700,140.0500,140.4800,140.0500,119102,8650
2018-02-06 10:16:00,140.0900,139.8800,140.0400,140.0100,120126,900
2018-02-06 10:17:00,139.7393,139.6100,139.7000,139.6100,121579,1300
2018-02-06 10:18:00,139.6200,139.3700,139.4500,139.5100,124026,2216
2018-02-06 10:19:00,139.4500,139.4500,139.4500,139.4500,124208,100
2018-02-06 10:20:00,139.9600,139.6800,139.6800,139.9600,126420,1900
2018-02-06 10:21:00,140.5050,139.6700,139.8650,140.5050,128204,1300
2018-02-06 10:22:00,140.4200,140.2200,140.2700,140.2700,129572,1300
2018-02-06 10:23:00,139.9200,139.8300,139.8600,139.9100,132474,2400
2018-02-06 10:24:00,139.6700,139.4600,139.6700,139.4600,132688,200
2018-02-06 10:25:00,139.8100,139.3100,139.5000,139.8100,138283,4302
2018-02-06 10:26:00,139.8100,139.5500,139.8100,139.5500,138799,400
2018-02-06 10:27:00,140.2300,139.9850,140.0200,140.0000,139768,800
2018-02-06 10:28:00,140.2299,139.7300,140.2299,139.7300,140901,1100
2018-02-06 10:29:00,140.0500,139.4600,139.7400,139.6100,142573,1300
2018-02-06 10:30:00,139.9500,139.9400,139.9400,139.9500,143036,200
2018-02-06 10:31:00,139.7750,139.5900,139.7700,139.5900,143500,400
2018-02-06 10:33:00,139.7800,139.3250,139.6100,139.5200,148672,4330
2018-02-06 10:34:00,139.5650,139.1600,139.5650,139.1800,151063,2028
2018-02-06 10:35:00,139.6200,139.1600,139.3902,139.1600,153347,2125
2018-02-06 10:36:00,139.1600,139.1600,139.1600,139.1600,154912,1250
2018-02-06 10:38:00,138.8795,138.7600,138.7600,138.8795,155262,300
2018-02-06 10:39:00,138.8600,138.4700,138.7900,138.8600,155872,600
2018-02-06 10:40:00,139.0900,138.4750,138.9400,138.9700,159288,2600
2018-02-06 10:41:00,139.2400,139.0600,139.0600,139.2400,159703,200
2018-02-06 10:42:00,139.0600,138.4150,139.0600,138.6750,162247,2200
2018-02-06 10:43:00,138.9400,138.5300,138.5300,138.7500,162847,600
2018-02-06 10:44:00,138.9600,138.7950,138.9600,138.8000,163249,400
2018-02-06 10:45:00,139.5250,138.8700,138.9500,139.5250,165774,2000
2018-02-06 10:46:00,139.8700,139.4300,139.4300,139.7800,168373,1800
2018-02-06 10:47:00,139.8700,139.2700,139.8700,139.5150,171216,2424
2018-02-06 10:48:00,139.5800,139.5350,139.5800,139.5350,172009,300
2018-02-06 10:49:00,139.8900,139.5700,139.8100,139.5700,173464,1200
2018-02-06 10:50:00,139.7650,138.9650,139.7650,138.9650,185128,11300
2018-02-06 10:51:00,139.4300,139.3850,139.4300,139.3850,185572,400
2018-02-06 10:52:00,139.5500,138.8700,139.3900,139.5000,188383,2650
2018-02-06 10:53:00,139.9200,139.5000,139.6400,139.8600,189376,800
2018-02-06 10:55:00,140.2500,139.8700,140.0000,140.2100,192659,2000
2018-02-06 10:56:00,140.6400,139.9550,139.9550,140.6400,192998,300
2018-02-06 10:57:00,140.3300,140.0100,140.3300,140.0600,194284,900
2018-02-06 10:58:00,139.9000,139.6000,139.6000,139.9000,194894,500
2018-02-06 10:59:00,139.9000,139.6900,139.9000,139.6900,195325,400
2018-02-06 11:00:00,139.9400,139.4550,139.4700,139.4550,196480,950
2018-02-06 11:01:00,139.8300,139.0100,139.8300,139.0100,197853,900
2018-02-06 11:02:00,138.9200,138.6150,138.9100,138.7700,201692,3000
2018-02-06 11:03:00,138.9817,138.5900,138.9817,138.5900,202540,632
2018-02-06 11:04:00,139.2000,139.0500,139.0500,139.0600,204906,1800
2018-02-06 11:05:00,139.1800,138.9800,139.0150,138.9800,205266,300
2018-02-06 11:06:00,139.4300,139.1800,139.1800,139.4300,206739,700
2018-02-06 11:07:00,139.4800,139.4164,139.4600,139.4600,207540,765
2018-02-06 11:08:00,139.6800,139.2500,139.3200,139.5250,212057,3500
2018-02-06 11:09:00,140.0400,139.1200,140.0400,139.7100,212857,700
2018-02-06 11:10:00,140.0200,139.7450,139.7450,140.0200,213566,700
2018-02-06 11:11:00,140.0500,139.6100,139.7111,139.6100,214520,688
2018-02-06 11:12:00,140.0000,139.6100,139.7600,139.8850,216922,1800
2018-02-06 11:13:00,140.1600,139.9200,140.1600,139.9200,217530,500
2018-02-06 11:14:00,140.0200,140.0200,140.0200,140.0200,217630,100
2018-02-06 11:15:00,139.9800,139.8800,139.9800,139.8800,218048,400
2018-02-06 11:16:00,139.9843,139.3500,139.8850,139.5200,221780,2766
2018-02-06 11:17:00,139.6200,139.2000,139.2050,139.5350,225151,2555
2018-02-06 11:18:00,139.5250,139.4850,139.5250,139.4850,225423,200
2018-02-06 11:19:00,139.4750,139.4750,139.4750,139.4750,225532,100
2018-02-06 11:20:00,139.7600,139.5150,139.7600,139.5150,225940,200
2018-02-06 11:21:00,139.9100,139.6800,139.7700,139.6800,228596,2000
2018-02-06 11:22:00,139.8700,139.6200,139.8700,139.6200,228898,300
2018-02-06 11:23:00,139.9600,139.7200,139.8600,139.7425,230679,1300
2018-02-06 11:24:00,140.1000,139.8050,139.9900,139.9100,232386,1300
2018-02-06 11:25:00,140.0600,139.4375,139.9600,139.7550,237746,4682
2018-02-06 11:26:00,139.7550,139.7300,139.7550,139.7550,238281,500
2018-02-06 11:27:00,139.6300,139.2100,139.6300,139.2100,239398,900
2018-02-06 11:28:00,139.7300,139.4300,139.4350,139.6550,241743,1900
2018-02-06 11:30:00,139.6400,139.4850,139.4850,139.6400,242166,200
2018-02-06 11:31:00,139.7400,139.6300,139.6500,139.7400,243093,800
2018-02-06 11:32:00,139.6400,139.6400,139.6400,139.6400,243247,100
2018-02-06 11:33:00,139.5650,139.3900,139.5650,139.4200,245166,1200
2018-02-06 11:34:00,139.3250,139.2000,139.3250,139.2100,246326,809
2018-02-06 11:35:00,139.0325,139.0325,139.0325,139.0325,246426,100
2018-02-06 11:36:00,139.1600,138.7200,139.1600,138.7200,248661,2046
2018-02-06 11:37:00,139.3100,139.0400,139.0400,139.2900,252542,3100
2018-02-06 11:38:00,139.2650,139.0900,139.2650,139.1500,253599,900
2018-02-06 11:39:00,139.4200,139.1050,139.1050,139.3450,254730,800
2018-02-06 11:40:00,139.3450,139.3400,139.3450,139.3400,255087,307
2018-02-06 11:41:00,139.4300,139.3400,139.3650,139.4300,255398,300
2018-02-06 11:42:00,139.4800,139.3700,139.3700,139.4800,256368,400
2018-02-06 11:43:00,139.5000,139.5000,139.5000,139.5000,256500,100
2018-02-06 11:44:00,139.5200,139.4500,139.5000,139.5200,257570,812
2018-02-06 11:45:00,139.6800,139.4600,139.5700,139.4600,259108,1100
2018-02-06 11:46:00,139.5800,139.3200,139.3200,139.5800,259308,200
2018-02-06 11:47:00,139.5000,139.2900,139.5000,139.3375,260822,900
2018-02-06 11:48:00,139.8200,139.3775,139.3775,139.8200,262784,1300
2018-02-06 11:49:00,139.7200,139.5100,139.7200,139.5100,263584,600
2018-02-06 11:50:00,139.8100,139.6300,139.6300,139.6400,264518,800
2018-02-06 11:51:00,139.8400,139.7350,139.8400,139.8100,264949,300
2018-02-06 11:52:00,140.0200,139.7900,139.8400,140.0200,266307,900
2018-02-06 11:53:00,140.1600,140.0300,140.1300,140.0300,267010,500
2018-02-06 11:54:00,140.2500,140.1000,140.1000,140.2500,268151,800
2018-02-06 11:55:00,140.3600,140.0000,140.3600,140.1300,269886,1500
2018-02-06 11:56:00,140.4700,140.2599,140.2599,140.3400,274499,4200
2018-02-06 11:57:00,140.3550,140.2500,140.3500,140.2700,275159,500
2018-02-06 11:58:00,140.3600,140.0000,140.3600,140.0000,277442,2125
2018-02-06 11:59:00,140.0300,140.0300,140.0300,140.0300,277742,100
2018-02-06 12:00:00,139.9900,139.6500,139.9900,139.6500,277942,200
2018-02-06 12:01:00,139.8100,139.7950,139.8100,139.7950,278281,300
2018-02-06 12:02:00,139.8800,139.8800,139.8800,139.8800,278488,100
2018-02-06 12:03:00,139.9400,139.8200,139.8200,139.8700,279629,600
2018-02-06 12:04:00,140.0800,139.9800,139.9800,140.0800,280809,500
2018-02-06 12:05:00,140.1300,140.0500,140.0800,140.0500,282058,800
2018-02-06 12:06:00,140.0500,139.7300,139.7300,140.0500,283245,1098
2018-02-06 12:07:00,140.1200,140.0400,140.0400,140.0950,284068,700
2018-02-06 12:08:00,140.1700,140.1700,140.1700,140.1700,284170,100
2018-02-06 12:09:00,140.3250,140.2000,140.2000,140.3250,285135,700
2018-02-06 12:10:00,140.3700,140.1900,140.3350,140.1900,286786,800
2018-02-06 12:11:00,140.2000,140.0950,140.1800,140.0950,287190,400
2018-02-06 12:12:00,140.1400,139.9500,139.9800,140.1400,287890,600
2018-02-06 12:13:00,139.9950,139.9950,139.9950,139.9950,288072,100
2018-02-06 12:14:00,140.2600,140.2400,140.2400,140.2500,289522,1300
2018-02-06 12:15:00,140.3300,140.2700,140.2800,140.3300,291295,1600
2018-02-06 12:16:00,140.3300,140.2500,140.3300,140.2500,292045,600
2018-02-06 12:17:00,140.4000,140.3250,140.3800,140.3450,292994,600
2018-02-06 12:18:00,140.3800,140.1250,140.3350,140.2500,294118,900
2018-02-06 12:19:00,140.2200,139.9900,140.1000,140.2200,294728,600
2018-02-06 12:20:00,139.9800,139.9500,139.9800,139.9500,295231,200
2018-02-06 12:21:00,140.0500,140.0000,140.0000,140.0500,296184,800
2018-02-06 12:23:00,140.1500,140.1500,140.1500,140.1500,296460,100
2018-02-06 12:24:00,140.0650,140.0650,140.0650,140.0650,296560,100
2018-02-06 12:25:00,140.1600,140.1600,140.1600,140.1600,296661,100
2018-02-06 12:26:00,140.1100,139.9100,139.9100,140.1100,297107,300
2018-02-06 12:27:00,140.2200,140.0750,140.1200,140.2200,298922,1200
2018-02-06 12:28:00,140.2800,140.1650,140.2800,140.1650,300077,700
2018-02-06 12:29:00,140.3100,140.1700,140.2800,140.3100,301342,800
2018-02-06 12:30:00,140.6200,140.2600,140.3000,140.6200,303575,1500
2018-02-06 12:31:00,140.8150,140.5650,140.5650,140.6600,305547,1500
2018-02-06 12:32:00,140.5200,140.4900,140.5200,140.4900,305847,300
2018-02-06 12:33:00,140.8000,140.7800,140.7800,140.8000,306130,200
2018-02-06 12:34:00,140.8000,140.4400,140.8000,140.4400,306627,310
2018-02-06 12:35:00,140.6400,140.4600,140.4600,140.6400,307214,400
2018-02-06 12:37:00,140.6600,140.5100,140.6200,140.5600,330086,1400
2018-02-06 12:38:00,140.4550,140.4550,140.4550,140.4550,330296,200
2018-02-06 12:39:00,141.0000,140.6100,140.6100,140.9950,331641,1200
2018-02-06 12:40:00,141.0500,140.8600,140.9000,140.9100,334821,3000
2018-02-06 12:41:00,141.1700,140.9100,141.1700,140.9100,335484,600
2018-02-06 12:42:00,141.0300,140.9500,141.0300,140.9700,336039,400
2018-02-06 12:43:00,141.0000,140.8300,140.8800,140.9000,337858,1300
2018-02-06 12:44:00,140.9300,140.6400,140.9050,140.9300,339324,1300
2018-02-06 12:45:00,141.0600,140.7900,140.9300,141.0600,341482,1650
2018-02-06 12:46:00,141.0200,140.7300,141.0200,140.8700,342183,600
2018-02-06 12:47:00,140.8700,140.5500,140.8700,140.8500,342638,400
2018-02-06 12:48:00,140.9700,140.8300,140.9700,140.8300,342953,200
2018-02-06 12:50:00,140.6600,140.6400,140.6600,140.6400,343897,300
2018-02-06 12:52:00,140.3700,140.3700,140.3700,140.3700,344109,100
2018-02-06 12:54:00,140.4700,140.3200,140.3200,140.4650,344545,305
2018-02-06 12:55:00,140.4550,140.4550,140.4550,140.4550,344749,103
2018-02-06 12:56:00,140.5200,140.4450,140.4450,140.5200,345070,200
2018-02-06 12:57:00,140.6200,140.5300,140.5600,140.6200,347484,1551
2018-02-06 12:58:00,140.5400,140.2800,140.5400,140.3900,348953,1000
2018-02-06 12:59:00,140.5500,140.5500,140.5500,140.5500,349335,300
2018-02-06 13:00:00,140.8300,140.6100,140.6100,140.7700,349953,300
2018-02-06 13:02:00,140.8500,140.5650,140.5650,140.8300,353046,1920
2018-02-06 13:03:00,140.8400,140.6000,140.8400,140.6000,354878,1725
2018-02-06 13:04:00,140.0000,140.0000,140.0000,140.0000,355214,100
2018-02-06 13:05:00,140.1740,140.1740,140.1740,140.1740,355324,100
2018-02-06 13:06:00,140.3900,140.2700,140.3300,140.3300,357084,900
2018-02-06 13:07:00,140.1701,140.1701,140.1701,140.1701,357794,500
2018-02-06 13:09:00,140.1900,140.1900,140.1900,140.1900,358198,200
2018-02-06 13:10:00,140.0200,139.8500,139.8600,140.0200,359142,300
2018-02-06 13:11:00,139.9400,139.6700,139.8500,139.7950,361120,1400
2018-02-06 13:12:00,139.7700,139.7700,139.7700,139.7700,361320,100
2018-02-06 13:13:00,140.2200,139.9100,140.0100,140.2100,363272,1300
2018-02-06 13:15:00,140.2900,140.2900,140.2900,140.2900,363644,100
2018-02-06 13:16:00,140.6000,140.5800,140.5800,140.6000,363950,200
2018-02-06 13:17:00,140.4600,140.4500,140.4600,140.4600,364727,500
2018-02-06 13:18:00,140.3500,140.3500,140.3500,140.3500,364827,100
2018-02-06 13:19:00,140.5700,140.3600,140.3600,140.5700,365642,400
2018-02-06 13:20:00,140.6600,140.3700,140.3700,140.6200,366351,600
2018-02-06 13:21:00,140.7600,140.5600,140.6600,140.5900,368128,1280
2018-02-06 13:22:00,140.4600,140.3400,140.4600,140.3400,368699,400
2018-02-06 13:23:00,140.5900,140.5300,140.5400,140.5900,369558,700
2018-02-06 13:24:00,140.6000,140.6000,140.6000,140.6000,369668,100
2018-02-06 13:25:00,140.6200,140.5250,140.5250,140.6100,369971,300
2018-02-06 13:26:00,140.7000,140.6300,140.6300,140.7000,371229,500
2018-02-06 13:27:00,140.6800,140.6600,140.6600,140.6800,371885,200
2018-02-06 13:28:00,140.6200,140.6200,140.6200,140.6200,372592,100
2018-02-06 13:29:00,140.7100,140.6600,140.7000,140.7100,373486,400
2018-02-06 13:30:00,140.9450,140.8300,140.8300,140.8600,374689,700
2018-02-06 13:31:00,140.8700,140.7400,140.8700,140.7400,374950,205
2018-02-06 13:33:00,140.9400,140.6500,140.6500,140.9400,378001,2053
2018-02-06 13:34:00,140.6500,140.6500,140.6500,140.6500,378417,100
2018-02-06 13:35:00,140.5800,140.5500,140.5700,140.5800,378964,300
2018-02-06 13:36:00,140.6100,140.4700,140.6100,140.5900,380369,1100
2018-02-06 13:37:00,140.7400,140.5000,140.5900,140.6800,382642,1700
2018-02-06 13:38:00,140.6000,140.5500,140.6000,140.5500,383231,200
2018-02-06 13:39:00,140.7800,140.4650,140.6900,140.4650,385788,2307
2018-02-06 13:40:00,140.1700,140.1700,140.1700,140.1700,385939,100
2018-02-06 13:42:00,140.4300,140.2800,140.2800,140.3900,387805,400
2018-02-06 13:43:00,140.0925,140.0925,140.0925,140.0925,387913,100
2018-02-06 13:44:00,140.2700,140.2150,140.2500,140.2150,389304,850
2018-02-06 13:46:00,140.2400,139.8000,140.1800,139.8000,390160,600
2018-02-06 13:47:00,140.2500,140.1050,140.2100,140.2500,391279,800
2018-02-06 13:48:00,140.1800,140.1800,140.1800,140.1800,391379,100
2018-02-06 13:49:00,140.0700,139.9500,139.9500,140.0700,391919,300
2018-02-06 13:52:00,139.8700,139.7206,139.7206,139.8700,393440,1200
2018-02-06 13:53:00,139.8100,139.7400,139.8000,139.8100,394360,900
2018-02-06 13:55:00,139.8600,139.7000,139.7000,139.7600,395678,800
2018-02-06 13:56:00,139.9100,139.6200,139.6200,139.9000,397481,1100
2018-02-06 13:58:00,139.8100,139.6100,139.7600,139.8100,398813,900
2018-02-06 13:59:00,139.5000,139.4200,139.4200,139.5000,399117,300
2018-02-06 14:00:00,139.8200,139.4700,139.6250,139.4700,399918,600
2018-02-06 14:01:00,139.7700,139.5900,139.6600,139.7150,401504,1100
2018-02-06 14:02:00,139.8400,139.6700,139.6730,139.6700,403120,650
2018-02-06 14:03:00,139.9300,139.8000,139.8000,139.8750,404630,1000
2018-02-06 14:05:00,139.9300,139.7800,139.9300,139.7800,406172,500
2018-02-06 14:06:00,139.8000,139.8000,139.8000,139.8000,406308,100
2018-02-06 14:07:00,139.7400,139.7400,139.7400,139.7400,406408,100
2018-02-06 14:09:00,139.7000,139.7000,139.7000,139.7000,406630,100
2018-02-06 14:10:00,139.6400,139.5500,139.6000,139.6400,407396,500
2018-02-06 14:11:00,139.8700,139.4100,139.4100,139.6900,410721,2199
2018-02-06 14:12:00,140.3100,139.8400,139.8400,140.3100,412226,900
2018-02-06 14:14:00,140.3000,140.2250,140.2691,140.2250,413578,1270
2018-02-06 14:15:00,140.5200,140.2650,140.2650,140.5200,415009,900
2018-02-06 14:16:00,140.3200,140.1000,140.3200,140.2100,416628,1263
2018-02-06 14:17:00,140.4100,140.0700,140.0700,140.2700,418816,1864
2018-02-06 14:18:00,139.9800,139.9800,139.9800,139.9800,418924,100
2018-02-06 14:19:00,140.0500,139.8800,139.8800,140.0500,419441,200
2018-02-06 14:20:00,139.8750,139.8750,139.8750,139.8750,419548,100
2018-02-06 14:21:00,140.0200,139.7300,139.8364,139.8800,421312,1500
2018-02-06 14:22:00,139.8650,139.8650,139.8650,139.8650,421512,200
2018-02-06 14:23:00,139.9300,139.7250,139.9100,139.8400,422215,600
2018-02-06 14:24:00,139.9600,139.9600,139.9600,139.9600,422397,100
2018-02-06 14:25:00,139.9600,139.7200,139.9600,139.8300,422794,341
2018-02-06 14:26:00,139.8300,139.7100,139.8300,139.7100,423259,200
2018-02-06 14:27:00,139.7500,139.6150,139.6800,139.6200,425150,700
2018-02-06 14:28:00,139.7500,139.4550,139.7500,139.4700,426750,942
2018-02-06 14:29:00,139.7750,139.6900,139.7200,139.7000,429056,1000
2018-02-06 14:30:00,139.5850,139.5850,139.5850,139.5850,429156,100
2018-02-06 14:32:00,139.6900,139.5350,139.5350,139.5750,430839,1212
2018-02-06 14:33:00,140.1900,139.7300,139.7800,140.1900,432905,1200
2018-02-06 14:34:00,140.3800,140.0500,140.0600,140.3800,435258,2141
2018-02-06 14:35:00,140.5050,140.5050,140.5050,140.5050,435483,100
2018-02-06 14:36:00,141.0150,140.3350,140.3350,141.0150,436918,1100
2018-02-06 14:37:00,141.1300,140.7300,141.0100,140.7300,438431,1200
2018-02-06 14:38:00,140.6200,140.5800,140.6200,140.5800,438631,200
2018-02-06 14:39:00,140.5500,140.4400,140.5400,140.5350,439439,700
2018-02-06 14:41:00,140.6400,140.3850,140.5900,140.6400,443876,2808
2018-02-06 14:42:00,140.6400,140.6200,140.6400,140.6200,444279,400
2018-02-06 14:43:00,140.4550,140.3200,140.3300,140.4250,445054,600
2018-02-06 14:44:00,140.3950,140.0900,140.3000,140.0900,445876,600
2018-02-06 14:45:00,140.6200,139.9100,139.9100,140.6200,450976,3800
2018-02-06 14:46:00,140.8400,140.6100,140.6100,140.6600,452288,900
2018-02-06 14:47:00,140.8600,140.4400,140.5200,140.4400,456377,2638
2018-02-06 14:48:00,140.7100,140.4400,140.5300,140.4900,457432,800
2018-02-06 14:49:00,140.8600,140.6550,140.7400,140.8100,459508,1000
2018-02-06 14:50:00,140.7100,140.7100,140.7100,140.7100,459808,100
2018-02-06 14:51:00,141.0900,140.7300,140.7300,141.0800,461506,1200
2018-02-06 14:52:00,141.0400,140.8900,141.0400,141.0000,463771,800
2018-02-06 14:53:00,140.8700,140.6200,140.6200,140.8700,465076,500
2018-02-06 14:54:00,141.0200,140.8800,140.8800,141.0200,466473,900
2018-02-06 14:55:00,141.5000,141.1400,141.1400,141.5000,467430,400
2018-02-06 14:56:00,141.5800,141.3100,141.3100,141.5800,468663,500
2018-02-06 14:57:00,141.5900,141.3500,141.5900,141.3850,470695,1000
2018-02-06 14:58:00,141.5400,141.2600,141.2600,141.5400,473646,2575
2018-02-06 14:59:00,141.6500,141.5800,141.6500,141.5800,473880,200
2018-02-06 15:00:00,141.8200,141.7100,141.7100,141.8200,475046,700
2018-02-06 15:01:00,141.9000,141.6900,141.9000,141.8100,476550,800
2018-02-06 15:02:00,142.1300,141.8200,141.8200,142.1300,479635,2191
2018-02-06 15:03:00,142.0700,141.7500,142.0700,141.7850,481368,1200
2018-02-06 15:04:00,141.8100,141.8100,141.8100,141.8100,481496,100
2018-02-06 15:05:00,142.0300,141.6900,141.9100,141.9600,487904,5300
2018-02-06 15:06:00,142.3050,141.9600,142.0300,142.3050,490137,1600
2018-02-06 15:07:00,142.5700,142.1190,142.1200,142.4600,492660,1800
2018-02-06 15:08:00,143.0400,142.6200,142.6200,142.9400,494137,1400
2018-02-06 15:09:00,142.9900,142.7300,142.9400,142.7300,497804,2750
2018-02-06 15:11:00,142.6900,142.3300,142.6900,142.5250,501278,2800
2018-02-06 15:12:00,142.3800,142.3300,142.3300,142.3800,501678,300
2018-02-06 15:14:00,142.4400,142.1000,142.2000,142.2750,502385,400
2018-02-06 15:15:00,142.1000,141.6900,142.0900,141.6900,503866,1000
2018-02-06 15:16:00,142.0900,141.7200,141.7200,142.0450,507814,2856
2018-02-06 15:17:00,142.0450,142.0450,142.0450,142.0450,507914,100
2018-02-06 15:18:00,142.0600,141.6900,141.9900,142.0600,509404,900
2018-02-06 15:19:00,141.9600,141.5250,141.9600,141.7900,510287,700
2018-02-06 15:20:00,141.4900,141.4400,141.4900,141.4900,511014,500
2018-02-06 15:21:00,141.8400,141.4200,141.4600,141.8400,516881,4851
2018-02-06 15:22:00,141.9500,141.8300,141.9000,141.8900,520066,2400
2018-02-06 15:23:00,141.7650,141.5500,141.7600,141.5500,521108,500
2018-02-06 15:24:00,141.5800,141.3100,141.5300,141.5800,524074,2600
2018-02-06 15:25:00,141.6400,141.5100,141.6100,141.5200,525960,1300
2018-02-06 15:26:00,141.7200,141.6400,141.6400,141.7200,527707,1000
2018-02-06 15:27:00,142.0300,141.8000,141.8100,142.0200,530111,1400
2018-02-06 15:28:00,142.1500,142.1400,142.1400,142.1500,530797,200
2018-02-06 15:29:00,142.1300,141.9700,142.1100,142.0700,533398,2100
2018-02-06 15:30:00,142.3000,142.1421,142.1421,142.3000,534484,700
2018-02-06 15:31:00,142.1450,141.9900,142.1300,142.0300,535831,900
2018-02-06 15:32:00,142.0200,141.6600,142.0200,141.6600,536908,800
2018-02-06 15:33:00,141.7200,141.6600,141.7200,141.6600,537228,200
2018-02-06 15:34:00,141.9500,141.6800,141.7700,141.8625,544924,4700
2018-02-06 15:35:00,142.1000,141.8900,141.8950,141.9700,549180,2900
2018-02-06 15:36:00,141.9200,141.8100,141.9200,141.8100,550467,1100
2018-02-06 15:37:00,142.2300,142.0500,142.0500,142.2300,553212,1500
2018-02-06 15:38:00,142.3600,142.2500,142.2500,142.3600,553963,600
2018-02-06 15:39:00,142.4500,142.2800,142.4400,142.4100,555948,1000
2018-02-06 15:40:00,142.4600,142.4500,142.4500,142.4600,556983,900
2018-02-06 15:41:00,142.5000,142.3200,142.4900,142.4450,559146,1838
2018-02-06 15:42:00,142.5400,142.3600,142.4550,142.3600,560799,800
2018-02-06 15:43:00,142.4700,142.3500,142.3850,142.3500,561362,400
2018-02-06 15:44:00,142.3800,142.3000,142.3700,142.3000,563319,1053
2018-02-06 15:45:00,142.3100,142.1700,142.2700,142.1700,566327,2400
2018-02-06 15:46:00,142.2800,142.1700,142.2600,142.1900,571766,4500
2018-02-06 15:47:00,142.2500,142.1500,142.2000,142.1900,574308,2250
2018-02-06 15:48:00,142.0800,141.7000,142.0800,141.7200,578533,2400
2018-02-06 15:49:00,141.8300,141.5100,141.8300,141.6000,584204,4800
2018-02-06 15:50:00,141.5900,141.3300,141.5900,141.4400,598872,10825
2018-02-06 15:51:00,141.4500,141.1300,141.3400,141.3900,607497,7043
2018-02-06 15:52:00,141.4400,141.1800,141.4000,141.1800,612173,3565
2018-02-06 15:53:00,141.4900,141.2500,141.2500,141.4900,617084,2850
2018-02-06 15:54:00,141.7300,141.4900,141.5500,141.7300,621074,2500
2018-02-06 15:55:00,141.8600,141.6300,141.7500,141.7000,626237,3696
2018-02-06 15:56:00,141.7500,141.3400,141.6400,141.5600,631821,3957
2018-02-06 15:57:00,141.6300,141.4300,141.5400,141.6300,635468,2400
2018-02-06 15:58:00,141.7100,141.5500,141.6100,141.7100,644398,6311
2018-02-06 15:59:00,141.8600,141.6500,141.7000,141.7500,651900,5664
2018-02-06 16:00:00,141.9100,141.6600,141.6600,141.8900,662419,6137
2018-02-07 09:31:00,144.9000,142.2300,142.2300,144.9000,9601,4462
2018-02-07 09:32:00,143.7100,142.8700,143.2600,143.3250,11897,2296
2018-02-07 09:33:00,144.2980,143.6200,143.6200,144.2980,16226,3718
2018-02-07 09:34:00,144.5400,144.0700,144.5000,144.2650,25676,9300
2018-02-07 09:35:00,145.0250,144.1000,144.4900,144.5000,45797,18157
2018-02-07 09:37:00,146.8900,144.4900,144.7000,146.8800,68709,20089
2018-02-07 09:38:00,146.7700,146.0700,146.0700,146.4200,69209,300
2018-02-07 09:39:00,147.5500,146.0300,146.4250,146.5000,75241,5640
2018-02-07 09:40:00,147.4200,145.9200,146.6000,147.1600,95930,19701
2018-02-07 09:41:00,147.1600,146.2400,147.1600,146.5400,98386,1900
2018-02-07 09:42:00,146.7400,145.6800,146.6700,146.7400,111060,10126
2018-02-07 09:43:00,148.4700,146.5000,146.6050,147.9000,128107,14615
2018-02-07 09:44:00,148.3100,146.7100,148.0100,147.0000,132572,3700