2018-02-05 09:31:00,45.1500,44.1100,45.0300,44.2400,1181181,982171
2018-02-05 09:32:00,45.6900,44.2100,44.2500,45.5700,1403714,205875
2018-02-05 09:33:00,45.5750,45.3000,45.4622,45.4321,1562859,150850
2018-02-05 09:34:00,45.4600,45.2500,45.4500,45.3650,1639407,68387
2018-02-05 09:35:00,45.7900,45.3600,45.3600,45.7900,1748600,103408
2018-02-05 09:36:00,45.8400,45.6450,45.8000,45.7199,1887820,133098
2018-02-05 09:37:00,45.8100,45.6900,45.7032,45.8000,1963672,67974
2018-02-05 09:38:00,45.8795,45.7600,45.7900,45.8333,2052791,84198
2018-02-05 09:39:00,45.9700,45.8000,45.8500,45.9300,2139929,82767
2018-02-05 09:40:00,45.9500,45.7900,45.9500,45.8450,2254843,110692
2018-02-05 09:41:00,46.1400,45.8300,45.8300,46.0800,2456638,195074
2018-02-05 09:42:00,46.2200,46.0800,46.0800,46.2100,2640103,177464
2018-02-05 09:43:00,46.2200,46.0600,46.2100,46.0950,2786163,141738
2018-02-05 09:44:00,46.1500,46.0300,46.0900,46.0800,2922461,128004
2018-02-05 09:45:00,46.1500,46.0600,46.0800,46.0900,2994627,67877
2018-02-05 09:46:00,46.3100,46.0740,46.0900,46.3068,3144046,145136
2018-02-05 09:47:00,46.3500,46.1700,46.3200,46.2800,3222154,73361
2018-02-05 09:48:00,46.2900,46.1300,46.2800,46.2100,3307668,77196
2018-02-05 09:49:00,46.4200,46.2100,46.2100,46.4150,3400767,88913
2018-02-05 09:50:00,46.4800,46.3800,46.4200,46.4000,3521244,114812
2018-02-05 09:51:00,46.5700,46.3900,46.3900,46.4800,3661571,132678
2018-02-05 09:52:00,46.5300,46.4300,46.4900,46.4500,3748300,83642
2018-02-05 09:53:00,46.5000,46.3150,46.4600,46.3300,3909847,157132
2018-02-05 09:54:00,46.3568,46.2100,46.3400,46.2400,3994087,78340
2018-02-05 09:55:00,46.3000,46.1800,46.2400,46.2901,4087905,88997
2018-02-05 09:56:00,46.4800,46.2900,46.2900,46.4701,4156365,64128
2018-02-05 09:57:00,46.5500,46.4700,46.4750,46.5301,4211205,50629
2018-02-05 09:58:00,46.6000,46.4300,46.5478,46.6000,4266178,50236
2018-02-05 09:59:00,46.6600,46.5100,46.5900,46.5587,4330947,61215
2018-02-05 10:00:00,46.9200,46.5550,46.5550,46.9200,4488937,150808
2018-02-05 10:01:00,46.9400,46.6000,46.9250,46.6400,4584592,85153
2018-02-05 10:02:00,46.6700,46.5700,46.6150,46.6200,4665056,51505
2018-02-05 10:03:00,46.7100,46.6200,46.6350,46.6800,4780492,105156
2018-02-05 10:04:00,46.8000,46.6700,46.6700,46.7550,4856196,72723
2018-02-05 10:05:00,46.8000,46.6900,46.7550,46.7500,4904499,44918
2018-02-05 10:06:00,46.7600,46.5850,46.7400,46.6000,4993283,65940
2018-02-05 10:07:00,46.6500,46.5800,46.6000,46.6500,5052946,56566
2018-02-05 10:08:00,46.6700,46.5900,46.6400,46.6450,5098486,36120
2018-02-05 10:09:00,46.8300,46.6450,46.6500,46.8300,5204437,102514
2018-02-05 10:10:00,46.9000,46.7855,46.8200,46.8700,5280281,65703
2018-02-05 10:11:00,47.0900,46.8588,46.8600,47.0100,5440284,154342
2018-02-05 10:12:00,47.1000,46.9600,46.9998,47.0100,5532371,87583
2018-02-05 10:13:00,47.1000,46.9800,47.0051,47.0600,5609460,68849
2018-02-05 10:14:00,47.1100,46.9400,47.0600,47.0900,5688747,73107
2018-02-05 10:15:00,47.2500,47.1100,47.1100,47.2300,5755644,61295
2018-02-05 10:16:00,47.2300,47.0600,47.2300,47.0800,5826605,66524
2018-02-05 10:17:00,47.2100,47.0699,47.0700,47.2000,5918289,81403
2018-02-05 10:18:00,47.2300,47.1600,47.2000,47.1900,5966277,44156
2018-02-05 10:19:00,47.3239,47.1850,47.1900,47.2900,6073886,96059
2018-02-05 10:20:00,47.4000,47.2700,47.2850,47.2800,6208750,116483
2018-02-05 10:21:00,47.4000,47.2299,47.2700,47.3800,6300116,84193
2018-02-05 10:22:00,47.4700,47.3151,47.3800,47.4700,6360365,56702
2018-02-05 10:23:00,47.5700,47.4600,47.4800,47.4900,6473182,97223
2018-02-05 10:24:00,47.5400,47.3700,47.4999,47.4200,6549748,64009
2018-02-05 10:25:00,47.5500,47.4100,47.4200,47.5500,6633078,68785
2018-02-05 10:26:00,47.5700,47.4200,47.5500,47.5500,6696062,56564
2018-02-05 10:27:00,47.6400,47.5000,47.5600,47.5250,6768035,58983
2018-02-05 10:28:00,47.5300,47.4042,47.5300,47.4150,6835350,63274
2018-02-05 10:29:00,47.4800,47.4200,47.4200,47.4500,6877646,41060
2018-02-05 10:30:00,47.4800,47.3500,47.4600,47.3600,6915165,35284
2018-02-05 10:31:00,47.3800,47.2100,47.3600,47.2168,6969506,42576
2018-02-05 10:32:00,47.2101,47.0950,47.2101,47.1500,7062030,89547
2018-02-05 10:33:00,47.2200,47.1000,47.1400,47.1000,7114121,49540
2018-02-05 10:34:00,47.1800,47.0380,47.1190,47.0500,7171549,54660
2018-02-05 10:35:00,47.1200,47.0200,47.0400,47.0400,7204534,31040
2018-02-05 10:36:00,47.0500,46.9300,47.0300,46.9600,7241480,33982
2018-02-05 10:37:00,47.0800,46.9550,46.9550,47.0250,7303464,59980
2018-02-05 10:38:00,47.0800,46.9600,47.0262,47.0100,7349651,36242
2018-02-05 10:39:00,47.0800,46.9300,47.0200,46.9500,7375636,21502
2018-02-05 10:40:00,46.9500,46.8700,46.9300,46.8900,7410002,30055
2018-02-05 10:41:00,46.9300,46.8200,46.8837,46.8301,7440822,28079
2018-02-05 10:42:00,46.9453,46.8400,46.8400,46.9100,7472777,28848
2018-02-05 10:43:00,46.9300,46.8250,46.9000,46.9000,7503021,28837
2018-02-05 10:44:00,46.9400,46.8267,46.9100,46.8267,7526356,20147
2018-02-05 10:45:00,46.9600,46.8300,46.8300,46.9450,7556878,27221
2018-02-05 10:46:00,47.0200,46.9500,46.9700,47.0000,7597389,36312
2018-02-05 10:47:00,47.0900,47.0100,47.0100,47.0750,7638334,38927
2018-02-05 10:48:00,47.1150,47.0309,47.0800,47.0500,7703434,58631
2018-02-05 10:49:00,47.0450,46.9551,47.0450,46.9800,7729620,25118
2018-02-05 10:50:00,46.9900,46.8450,46.9750,46.8800,7773506,42220
2018-02-05 10:51:00,46.8800,46.6700,46.8800,46.7050,7837220,58775
2018-02-05 10:52:00,46.7250,46.6600,46.7150,46.6700,7890179,50500
2018-02-05 10:53:00,46.7007,46.5900,46.6600,46.6700,7937262,44869
2018-02-05 10:54:00,46.7200,46.6220,46.6550,46.6750,7980724,40755
2018-02-05 10:55:00,46.7100,46.5800,46.6750,46.6000,8025084,42960
2018-02-05 10:56:00,46.6600,46.5500,46.5800,46.6300,8057774,26291
2018-02-05 10:57:00,46.6500,46.6000,46.6200,46.6300,8084174,24889
2018-02-05 10:58:00,46.6500,46.5700,46.6500,46.6100,8130260,44881
2018-02-05 10:59:00,46.6700,46.5500,46.6000,46.5500,8173144,40743
2018-02-05 11:00:00,46.5800,46.4784,46.5500,46.5400,8234322,58028
2018-02-05 11:01:00,46.6500,46.5500,46.5500,46.6100,8274036,38351
2018-02-05 11:02:00,46.6336,46.5400,46.6200,46.5600,8302936,23245
2018-02-05 11:03:00,46.6200,46.5599,46.5650,46.6200,8325779,21158
2018-02-05 11:04:00,46.6500,46.5900,46.6200,46.6041,8355855,27844
2018-02-05 11:05:00,46.6700,46.5500,46.6000,46.6700,8389114,30373
2018-02-05 11:06:00,46.6500,46.5800,46.6500,46.6100,8413541,22523
2018-02-05 11:07:00,46.7500,46.6100,46.6100,46.7300,8442114,25650
2018-02-05 11:08:00,46.7400,46.6611,46.7400,46.7100,8458060,13640
2018-02-05 11:09:00,46.7350,46.6100,46.7200,46.6300,8469630,10894
2018-02-05 11:10:00,46.6500,46.5700,46.6300,46.5900,8487756,15532
2018-02-05 11:11:00,46.6100,46.5299,46.5800,46.5400,8518104,29036
2018-02-05 11:12:00,46.6000,46.5100,46.5300,46.5800,8532275,13157
2018-02-05 11:13:00,46.6150,46.5700,46.5701,46.5900,8548587,15037
2018-02-05 11:14:00,46.5800,46.3800,46.5800,46.3800,8615646,61072
2018-02-05 11:15:00,46.4200,46.3215,46.3800,46.3300,8655646,37775
2018-02-05 11:16:00,46.3500,46.3000,46.3150,46.3100,8684695,28383
2018-02-05 11:17:00,46.3300,46.2950,46.3266,46.2950,8734880,47530
2018-02-05 11:18:00,46.3000,46.2050,46.2950,46.2050,8752885,16243
2018-02-05 11:19:00,46.2400,46.1700,46.2100,46.1800,8806210,50561
2018-02-05 11:20:00,46.1900,46.1100,46.1900,46.1200,8833854,25674
2018-02-05 11:21:00,46.1700,46.0700,46.1200,46.0811,8868858,33603
2018-02-05 11:22:00,46.1300,46.0610,46.0800,46.0900,8914481,44058
2018-02-05 11:23:00,46.2000,46.0850,46.0900,46.1850,8971705,55560
2018-02-05 11:24:00,46.3100,46.1850,46.1900,46.2899,9018773,45504
2018-02-05 11:25:00,46.3100,46.2300,46.2900,46.2900,9057394,29122
2018-02-05 11:26:00,46.4100,46.2900,46.2900,46.3650,9075875,16714
2018-02-05 11:27:00,46.4000,46.0000,46.3650,46.2500,9182983,99726
2018-02-05 11:28:00,46.2900,46.2300,46.2500,46.2800,9208214,23889
2018-02-05 11:29:00,46.3200,46.2100,46.2850,46.2500,9251296,38082
2018-02-05 11:30:00,46.3700,46.2250,46.2500,46.3150,9285342,32754
2018-02-05 11:31:00,46.3300,46.2600,46.3050,46.3000,9317738,30354
2018-02-05 11:32:00,46.3500,46.2800,46.3000,46.3200,9346448,26259
2018-02-05 11:33:00,46.3600,46.2900,46.3200,46.3500,9377936,29720
2018-02-05 11:34:00,46.3550,46.3158,46.3500,46.3300,9397963,18653
2018-02-05 11:35:00,46.4300,46.3000,46.3300,46.4300,9418267,19049
2018-02-05 11:36:00,46.4600,46.3800,46.4200,46.4200,9445652,24917
2018-02-05 11:37:00,46.4400,46.3750,46.4200,46.4100,9477088,29199
2018-02-05 11:38:00,46.4700,46.4000,46.4100,46.4200,9501149,22493
2018-02-05 11:39:00,46.4610,46.4250,46.4300,46.4250,9536858,26628
2018-02-05 11:40:00,46.4600,46.3500,46.4300,46.3700,9573206,34845
2018-02-05 11:41:00,46.4300,46.3550,46.3700,46.4200,9590234,16063
2018-02-05 11:42:00,46.4200,46.3744,46.4200,46.3850,9607930,15870
2018-02-05 11:43:00,46.4400,46.3900,46.3900,46.4200,9628408,19320
2018-02-05 11:44:00,46.4144,46.3100,46.4144,46.3200,9668567,38244
2018-02-05 11:45:00,46.3100,46.2700,46.3100,46.2800,9699911,29907
2018-02-05 11:46:00,46.3500,46.2900,46.2900,46.3398,9718888,12955
2018-02-05 11:47:00,46.3500,46.2900,46.3400,46.3000,9732755,13273
2018-02-05 11:48:00,46.3000,46.2300,46.3000,46.2550,9745989,12024
2018-02-05 11:49:00,46.3100,46.2555,46.2555,46.2955,9769525,22474
2018-02-05 11:50:00,46.3400,46.2900,46.2900,46.3200,9795793,25264
2018-02-05 11:51:00,46.3550,46.3050,46.3100,46.3300,9815323,17470
2018-02-05 11:52:00,46.4100,46.3300,46.3300,46.4100,9835895,18298
2018-02-05 11:53:00,46.4000,46.3600,46.4000,46.3800,9847866,10748
2018-02-05 11:54:00,46.4200,46.3700,46.3900,46.3700,9866362,12008
2018-02-05 11:55:00,46.4000,46.3200,46.3700,46.3800,9884424,16436
2018-02-05 11:56:00,46.4500,46.3600,46.3800,46.4300,9902519,16404
2018-02-05 11:57:00,46.4350,46.4200,46.4300,46.4200,9911273,7312
2018-02-05 11:58:00,46.5800,46.4050,46.4300,46.5800,9941948,28737
2018-02-05 11:59:00,46.6000,46.5300,46.5600,46.5999,9965916,22539
2018-02-05 12:00:00,46.6000,46.5701,46.6000,46.5900,9975587,8857
2018-02-05 12:01:00,46.6356,46.6000,46.6000,46.6200,9996433,19102
2018-02-05 12:02:00,46.6300,46.6100,46.6150,46.6280,10032909,30063
2018-02-05 12:03:00,46.6200,46.4801,46.6200,46.5000,10051729,17538
2018-02-05 12:04:00,46.4900,46.4400,46.4900,46.4699,10068568,16065
2018-02-05 12:05:00,46.4649,46.3600,46.4600,46.3711,10083864,14839
2018-02-05 12:06:00,46.3900,46.3300,46.3700,46.3700,10110405,25696
2018-02-05 12:07:00,46.3800,46.3100,46.3707,46.3400,10124434,13333
2018-02-05 12:08:00,46.4300,46.3500,46.3500,46.3800,10136354,7947
2018-02-05 12:09:00,46.4000,46.3300,46.3500,46.3300,10153549,16605
2018-02-05 12:10:00,46.3400,46.2750,46.3300,46.3117,10169010,14097
2018-02-05 12:11:00,46.3200,46.2250,46.3100,46.2400,10191681,18852
2018-02-05 12:12:00,46.2612,46.2300,46.2500,46.2500,10204583,11584
2018-02-05 12:13:00,46.3700,46.2600,46.2600,46.3300,10228011,22404
2018-02-05 12:14:00,46.3800,46.3300,46.3300,46.3700,10235300,6570
2018-02-05 12:15:00,46.3800,46.3100,46.3700,46.3500,10249622,10920
2018-02-05 12:16:00,46.3600,46.2400,46.3600,46.2500,10273958,22993
2018-02-05 12:17:00,46.3000,46.2475,46.2600,46.2500,10292277,17386
2018-02-05 12:18:00,46.2700,46.2000,46.2550,46.2450,10315777,22506
2018-02-05 12:19:00,46.2750,46.2350,46.2500,46.2400,10327859,11284
2018-02-05 12:20:00,46.2500,46.2100,46.2400,46.2300,10340940,12421
2018-02-05 12:21:00,46.2300,46.1700,46.2300,46.2300,10375439,30813
2018-02-05 12:22:00,46.3100,46.2500,46.2500,46.2700,10411070,33608
2018-02-05 12:23:00,46.2610,46.2000,46.2600,46.2000,10431915,20102
2018-02-05 12:24:00,46.2299,46.1700,46.1943,46.2000,10445994,13090
2018-02-05 12:25:00,46.2300,46.1600,46.1938,46.1600,10481597,34571
2018-02-05 12:26:00,46.2300,46.1700,46.1700,46.2300,10491144,8818
2018-02-05 12:27:00,46.3610,46.2500,46.2500,46.3400,10516293,23652
2018-02-05 12:28:00,46.3900,46.3200,46.3400,46.3500,10543130,25880
2018-02-05 12:29:00,46.3900,46.3000,46.3300,46.3700,10562588,18745
2018-02-05 12:30:00,46.4000,46.3350,46.3600,46.3900,10575290,11644
2018-02-05 12:31:00,46.4300,46.3500,46.3800,46.4300,10593027,11845
2018-02-05 12:32:00,46.4800,46.4250,46.4250,46.4700,10608006,14425
2018-02-05 12:33:00,46.4799,46.4350,46.4700,46.4400,10621951,12905
2018-02-05 12:34:00,46.4800,46.4200,46.4400,46.4700,10635539,13200
2018-02-05 12:35:00,46.4963,46.3700,46.4700,46.3800,10661912,24640
2018-02-05 12:36:00,46.3800,46.2900,46.3800,46.2900,10674739,10290
2018-02-05 12:37:00,46.3100,46.2700,46.2900,46.2850,10684575,9001
2018-02-05 12:38:00,46.2600,46.1900,46.2600,46.2000,10709010,23214
2018-02-05 12:39:00,46.2900,46.2000,46.2099,46.2900,10725827,15720
2018-02-05 12:40:00,46.3000,46.2200,46.2800,46.2300,10733121,6201
2018-02-05 12:41:00,46.3100,46.2400,46.2400,46.2900,10746035,11818
2018-02-05 12:42:00,46.2900,46.2500,46.2900,46.2700,10765075,17800
2018-02-05 12:43:00,46.2850,46.2300,46.2800,46.2300,10777512,11760
2018-02-05 12:44:00,46.2500,46.1700,46.2400,46.1900,10793340,14720
2018-02-05 12:45:00,46.3300,46.1800,46.2000,46.3100,10835306,40715
2018-02-05 12:46:00,46.3650,46.2600,46.3100,46.3200,10890394,50356
2018-02-05 12:47:00,46.3200,46.2450,46.3200,46.2800,10899411,8488
2018-02-05 12:48:00,46.3000,46.2100,46.2850,46.2300,10910719,10713
2018-02-05 12:49:00,46.2600,46.1900,46.2400,46.2300,10936192,24382
2018-02-05 12:50:00,46.2450,46.1700,46.2300,46.1800,10953341,15323
2018-02-05 12:51:00,46.2300,46.1800,46.1800,46.2200,10965121,10872
2018-02-05 12:52:00,46.2300,46.1600,46.2300,46.1800,10982040,16261
2018-02-05 12:53:00,46.2200,46.1650,46.1800,46.1800,11003725,16803
2018-02-05 12:54:00,46.2300,46.1800,46.1850,46.1800,11013661,9380
2018-02-05 12:55:00,46.1900,46.1100,46.1800,46.1100,11034300,17632
2018-02-05 12:56:00,46.1600,46.0700,46.1150,46.1600,11065057,28612
2018-02-05 12:57:00,46.2100,46.1450,46.1600,46.1500,11075804,9513
2018-02-05 12:58:00,46.1800,46.0900,46.1600,46.1400,11090582,13675
2018-02-05 12:59:00,46.1350,46.0650,46.1300,46.1000,11119819,28150
2018-02-05 13:00:00,46.1158,46.0400,46.1050,46.0500,11143295,21780
2018-02-05 13:01:00,46.1100,46.0000,46.0400,46.0800,11188839,39725
2018-02-05 13:02:00,46.0700,45.9000,46.0700,45.9700,11295464,101513
2018-02-05 13:03:00,45.9600,45.8300,45.9600,45.8900,11335720,36705
2018-02-05 13:04:00,45.9200,45.7800,45.9000,45.8100,11395817,58589
2018-02-05 13:05:00,45.8800,45.7900,45.8200,45.8400,11448443,51949
2018-02-05 13:06:00,45.9600,45.8060,45.8200,45.9350,11472898,23360
2018-02-05 13:07:00,45.9656,45.8600,45.9350,45.9000,11483691,9780
2018-02-05 13:08:00,45.9300,45.8593,45.9200,45.9000,11493338,8947
2018-02-05 13:09:00,45.9400,45.8700,45.9000,45.9200,11502097,7860
2018-02-05 13:10:00,45.9600,45.8500,45.9310,45.8800,11562329,58568
2018-02-05 13:11:00,45.8900,45.8200,45.8656,45.8200,11597720,34189
2018-02-05 13:12:00,45.8700,45.7950,45.8200,45.8400,11617029,18250
2018-02-05 13:13:00,45.8700,45.7900,45.8400,45.8694,11643630,20374
2018-02-05 13:14:00,45.9300,45.8700,45.8700,45.9000,11661175,16587
2018-02-05 13:15:00,45.9550,45.8800,45.8900,45.9200,11686592,24241
2018-02-05 13:16:00,45.9600,45.8800,45.9200,45.9300,11712755,24893
2018-02-05 13:17:00,45.9250,45.8000,45.9250,45.8500,11741668,27547
2018-02-05 13:18:00,45.8824,45.7500,45.8400,45.7600,11778811,35259
2018-02-05 13:19:00,45.8300,45.7700,45.7700,45.7850,11809191,29051
2018-02-05 13:20:00,45.8000,45.7100,45.7800,45.7300,11831553,21075
2018-02-05 13:21:00,45.7800,45.6800,45.7500,45.7600,11911731,78827
2018-02-05 13:22:00,45.8300,45.7100,45.7672,45.7100,11938422,19390
2018-02-05 13:23:00,45.7700,45.7000,45.7200,45.7700,11972971,27665
2018-02-05 13:24:00,45.7800,45.7200,45.7550,45.7400,12009166,35028
2018-02-05 13:25:00,45.8700,45.7302,45.7400,45.8500,12032108,21888
2018-02-05 13:26:00,45.8500,45.7800,45.8400,45.8300,12047587,14664
2018-02-05 13:27:00,45.8300,45.7500,45.8300,45.7800,12060033,11900
2018-02-05 13:28:00,45.8215,45.7600,45.7950,45.8200,12097789,35970
2018-02-05 13:29:00,45.8200,45.7300,45.8200,45.7800,12128450,28915
2018-02-05 13:30:00,45.8500,45.7400,45.7700,45.8100,12143007,13930
2018-02-05 13:31:00,45.8975,45.7900,45.8000,45.8600,12180366,31816
2018-02-05 13:32:00,45.9400,45.8600,45.8600,45.8900,12195458,14070
2018-02-05 13:33:00,45.9900,45.9000,45.9100,45.9695,12206372,9931
2018-02-05 13:34:00,45.9990,45.9000,45.9800,45.9185,12224782,17380
2018-02-05 13:35:00,45.9600,45.8290,45.9400,45.8290,12230596,5041
2018-02-05 13:36:00,45.9000,45.8400,45.8400,45.8600,12242095,10523
2018-02-05 13:37:00,45.8950,45.8500,45.8700,45.8799,12277644,31312
2018-02-05 13:38:00,45.9000,45.8200,45.8638,45.8900,12295501,16554
2018-02-05 13:39:00,45.9400,45.8300,45.8700,45.8500,12335996,39051
2018-02-05 13:40:00,45.8700,45.7400,45.8395,45.7800,12365741,28372
2018-02-05 13:41:00,45.9200,45.7800,45.7800,45.9100,12388976,22643
2018-02-05 13:42:00,45.9900,45.9100,45.9200,45.9300,12411161,20064
2018-02-05 13:43:00,45.9400,45.8800,45.9400,45.9100,12438457,16753
2018-02-05 13:44:00,45.9300,45.8800,45.9100,45.9100,12447958,8706
2018-02-05 13:45:00,45.9100,45.8664,45.9000,45.8900,12464944,11074
2018-02-05 13:46:00,45.9100,45.8600,45.8900,45.8831,12481514,10331
2018-02-05 13:47:00,45.9700,45.8900,45.8935,45.9400,12491078,8410
2018-02-05 13:48:00,45.9600,45.9000,45.9400,45.9600,12506432,14650
2018-02-05 13:49:00,45.9800,45.9400,45.9600,45.9446,12514823,7630
2018-02-05 13:50:00,45.9900,45.9100,45.9400,45.9400,12531231,15636
2018-02-05 13:51:00,45.9600,45.9100,45.9300,45.9300,12553271,21611
2018-02-05 13:52:00,46.0400,45.9500,45.9500,46.0250,12575445,20895
2018-02-05 13:53:00,46.0400,45.9600,46.0200,45.9900,12590020,13785
2018-02-05 13:54:00,46.0200,45.9700,45.9900,46.0200,12601417,10952
2018-02-05 13:55:00,46.1100,46.0100,46.0300,46.1000,12622013,14003
2018-02-05 13:56:00,46.1600,46.0800,46.1000,46.1200,12643179,20395
2018-02-05 13:57:00,46.1958,46.1100,46.1200,46.1958,12661400,17755
2018-02-05 13:58:00,46.2200,46.1400,46.1950,46.1700,12687604,25640
2018-02-05 13:59:00,46.2100,46.1600,46.1700,46.1800,12706638,18367
2018-02-05 14:00:00,46.2500,46.1800,46.1800,46.2200,12726744,19532
2018-02-05 14:01:00,46.2400,46.1800,46.2300,46.2000,12759444,28085
2018-02-05 14:02:00,46.1950,46.0800,46.1900,46.0900,12796039,34103
2018-02-05 14:03:00,46.1000,46.0400,46.0800,46.0800,12826939,29518
2018-02-05 14:04:00,46.0700,46.0200,46.0700,46.0400,12839172,11627
2018-02-05 14:05:00,46.0800,46.0200,46.0500,46.0400,12856451,15088
2018-02-05 14:06:00,46.0700,46.0200,46.0600,46.0200,12862211,5236
2018-02-05 14:07:00,46.0400,45.9600,46.0000,45.9700,12888636,25419
2018-02-05 14:08:00,45.9800,45.9300,45.9500,45.9500,12902747,12350
2018-02-05 14:09:00,46.0200,45.9400,45.9600,45.9900,12930277,25638
2018-02-05 14:10:00,45.9900,45.9559,45.9900,45.9800,12942042,11039
2018-02-05 14:11:00,45.9900,45.9400,45.9800,45.9700,12958509,15908
2018-02-05 14:12:00,46.0300,45.9600,45.9700,45.9900,12973314,13800
2018-02-05 14:13:00,45.9900,45.9300,45.9800,45.9900,12995317,20674
2018-02-05 14:14:00,46.0100,45.9500,45.9900,45.9800,13027064,30383
2018-02-05 14:15:00,45.9900,45.9400,45.9600,45.9800,13056276,27108
2018-02-05 14:16:00,45.9800,45.8700,45.9800,45.9000,13097289,39909
2018-02-05 14:17:00,45.9300,45.8900,45.9200,45.9300,13119141,20560
2018-02-05 14:18:00,45.9600,45.9000,45.9200,45.9000,13137534,12180
2018-02-05 14:19:00,45.9200,45.8500,45.9100,45.8500,13161327,21797
2018-02-05 14:20:00,45.9100,45.8500,45.8511,45.8900,13170736,8723
2018-02-05 14:21:00,45.8800,45.8385,45.8800,45.8600,13183312,11848
2018-02-05 14:22:00,45.8900,45.8400,45.8500,45.8500,13212186,25035
2018-02-05 14:23:00,45.8600,45.7800,45.8500,45.8500,13232335,18961
2018-02-05 14:24:00,45.8700,45.8200,45.8500,45.8200,13244114,11012
2018-02-05 14:25:00,45.8500,45.7400,45.8200,45.7700,13275260,29090
2018-02-05 14:26:00,45.8100,45.7500,45.7700,45.7600,13300166,17705
2018-02-05 14:27:00,45.7900,45.7100,45.7600,45.7700,13336511,35150
2018-02-05 14:28:00,45.8300,45.7552,45.7800,45.7560,13350619,13216
2018-02-05 14:29:00,45.7700,45.7100,45.7500,45.7400,13369558,18450
2018-02-05 14:30:00,45.7800,45.7300,45.7301,45.7400,13400362,29655
2018-02-05 14:31:00,45.7600,45.7000,45.7400,45.7200,13433858,32840
2018-02-05 14:32:00,45.7600,45.6800,45.7300,45.7400,13472994,37631
2018-02-05 14:33:00,45.7453,45.6700,45.7300,45.7100,13490525,16750
2018-02-05 14:34:00,45.7200,45.6300,45.7041,45.6390,13526469,30875
2018-02-05 14:35:00,45.6600,45.5600,45.6300,45.5900,13575402,46450
2018-02-05 14:36:00,45.6300,45.5700,45.5800,45.6100,13603063,26347
2018-02-05 14:37:00,45.6500,45.5300,45.6200,45.5650,13689885,68567
2018-02-05 14:38:00,45.5700,45.5309,45.5700,45.5600,13702258,12078
2018-02-05 14:39:00,45.5900,45.5102,45.5500,45.5700,13729702,26444
2018-02-05 14:40:00,45.5700,45.5100,45.5600,45.5500,13748699,18375
2018-02-05 14:41:00,45.6500,45.5300,45.5500,45.5900,13773188,23750
2018-02-05 14:42:00,45.6100,45.5500,45.6000,45.5850,13791943,18179
2018-02-05 14:43:00,45.6050,45.5600,45.5800,45.5900,13806009,12569
2018-02-05 14:44:00,45.5900,45.5600,45.5838,45.5600,13826978,20049
2018-02-05 14:45:00,45.5700,45.5200,45.5500,45.5700,13856514,24689
2018-02-05 14:46:00,45.6200,45.5700,45.5700,45.5800,13881760,23961
2018-02-05 14:47:00,45.6250,45.5650,45.5750,45.5650,13902784,15039
2018-02-05 14:48:00,45.6000,45.5200,45.5700,45.5200,13921980,18446
2018-02-05 14:49:00,45.5500,45.4810,45.5300,45.5100,13974638,48610
2018-02-05 14:50:00,45.5800,45.4800,45.5100,45.5100,14003531,27281
2018-02-05 14:51:00,45.5100,45.4200,45.5000,45.4300,14038820,29733
2018-02-05 14:52:00,45.4740,45.3700,45.4250,45.4453,14070043,29582
2018-02-05 14:53:00,45.4550,45.3600,45.4500,45.3600,14091415,19663
2018-02-05 14:54:00,45.4600,45.3600,45.3600,45.4200,14110431,17709
2018-02-05 14:55:00,45.4600,45.3400,45.4050,45.3800,14136837,18643
2018-02-05 14:56:00,45.4100,45.3400,45.3662,45.4100,14197905,59438
2018-02-05 14:57:00,45.4250,45.3000,45.4200,45.3300,14223262,24063
2018-02-05 14:58:00,45.3800,45.3000,45.3300,45.3800,14263383,38080
2018-02-05 14:59:00,45.4524,45.3200,45.3800,45.4100,14308279,42564
2018-02-05 15:00:00,45.4769,45.3900,45.4200,45.4000,14339691,29734
2018-02-05 15:01:00,45.4200,45.3010,45.4000,45.3750,14374886,33573
2018-02-05 15:02:00,45.4600,45.3650,45.3700,45.4400,14419654,41768
2018-02-05 15:03:00,45.5000,45.4300,45.4300,45.4800,14451966,30460
2018-02-05 15:04:00,45.5000,45.2900,45.4800,45.2900,14490508,36420
2018-02-05 15:05:00,45.3200,45.1700,45.3100,45.2100,14561314,58196
2018-02-05 15:06:00,45.3900,45.1928,45.2000,45.3600,14615205,51544
2018-02-05 15:07:00,45.3562,45.2500,45.3500,45.2600,14662294,44905
2018-02-05 15:08:00,45.2900,45.1900,45.2600,45.2100,14753181,87489
2018-02-05 15:09:00,45.2371,45.1100,45.2371,45.1257,14816303,59957
2018-02-05 15:10:00,45.1400,44.8300,45.1300,44.9800,14983617,153611
2018-02-05 15:11:00,44.9700,44.7000,44.9700,44.8535,15065884,77070
2018-02-05 15:12:00,44.9200,44.7800,44.8600,44.8600,15099276,29367
2018-02-05 15:13:00,45.3000,44.8400,44.8400,45.3000,15164518,61575
2018-02-05 15:14:00,45.3400,45.0798,45.3100,45.0798,15204926,36879
2018-02-05 15:15:00,45.1800,45.0000,45.0400,45.1710,15238800,32699
2018-02-05 15:16:00,45.2800,45.1500,45.1700,45.2800,15283679,42751
2018-02-05 15:17:00,45.4000,45.2600,45.2800,45.2800,15313652,27161
2018-02-05 15:18:00,45.2768,45.1700,45.2768,45.1800,15415480,97933
2018-02-05 15:19:00,45.2100,44.9900,45.1872,45.0600,15481454,62865
2018-02-05 15:20:00,45.1400,44.9200,45.0700,45.0200,15521053,36827
2018-02-05 15:21:00,45.0200,44.8900,45.0100,44.8900,15548573,24775
2018-02-05 15:22:00,45.0900,44.8600,44.9150,45.0900,15583448,31764
2018-02-05 15:23:00,45.1100,44.9400,45.0500,45.0800,15624893,39134
2018-02-05 15:24:00,45.3000,45.0600,45.0700,45.2850,15697012,69295
2018-02-05 15:25:00,45.3500,45.1700,45.3200,45.2374,15739169,39837
2018-02-05 15:26:00,45.3300,45.2400,45.2400,45.2500,15755156,14405
2018-02-05 15:27:00,45.2900,45.1500,45.2600,45.2625,15786818,29294
2018-02-05 15:28:00,45.3800,45.2410,45.2790,45.3200,15811466,22777
2018-02-05 15:29:00,45.4900,45.3334,45.3400,45.4721,15845540,32043
2018-02-05 15:30:00,45.4900,45.4000,45.4686,45.4150,15894901,46495
2018-02-05 15:31:00,45.4400,45.2100,45.4000,45.2500,15955678,56043
2018-02-05 15:32:00,45.2900,45.1500,45.2500,45.1810,15994593,35480
2018-02-05 15:33:00,45.3000,45.1400,45.1600,45.2401,16017871,21509
2018-02-05 15:34:00,45.3650,45.2300,45.2400,45.3500,16059927,36357
2018-02-05 15:35:00,45.3500,45.2600,45.3400,45.2700,16097959,36541
2018-02-05 15:36:00,45.3100,45.1900,45.2783,45.2600,16152897,50786
2018-02-05 15:37:00,45.2700,45.0800,45.2500,45.1197,16218405,63408
2018-02-05 15:38:00,45.2100,45.0880,45.1200,45.1500,16272531,48919
2018-02-05 15:39:00,45.1700,45.0200,45.1500,45.0300,16316335,39441
2018-02-05 15:40:00,45.1100,44.9800,45.0200,45.0100,16371414,50951
2018-02-05 15:41:00,45.0300,44.8900,45.0200,44.9100,16411935,36912
2018-02-05 15:42:00,45.1300,44.8700,44.9200,44.9400,16491720,77933
2018-02-05 15:43:00,45.0500,44.9600,44.9600,45.0468,16526426,32914
2018-02-05 15:44:00,45.1200,44.9901,45.0400,45.0400,16574336,45320
2018-02-05 15:45:00,45.0700,45.0000,45.0400,45.0400,16615230,38604
2018-02-05 15:46:00,45.0600,44.9000,45.0400,44.9100,16672296,54209
2018-02-05 15:47:00,44.9500,44.8400,44.9200,44.8600,16746485,70374
2018-02-05 15:48:00,44.8800,44.7800,44.8500,44.7801,16823783,73709
2018-02-05 15:49:00,44.8000,44.7200,44.7800,44.7700,16892018,64740
2018-02-05 15:50:00,44.7800,44.6600,44.7700,44.6700,16988360,91989
2018-02-05 15:51:00,44.8400,44.6500,44.6600,44.7500,17118017,124223
2018-02-05 15:52:00,44.7600,44.6600,44.7400,44.7000,17197692,73645
2018-02-05 15:53:00,44.7100,44.6700,44.7000,44.6900,17277462,75957
2018-02-05 15:54:00,44.7100,44.5800,44.6806,44.6300,17389390,104724
2018-02-05 15:55:00,44.6950,44.6300,44.6400,44.6350,17485524,91943
2018-02-05 15:56:00,44.7500,44.6350,44.6400,44.6890,17607332,115238
2018-02-05 15:57:00,44.7900,44.6700,44.6700,44.7425,17729533,117110
2018-02-05 15:58:00,44.8600,44.7478,44.7500,44.8100,17844473,111523
2018-02-05 15:59:00,44.8500,44.7200,44.8100,44.7200,17952308,102691
2018-02-05 16:00:00,44.7500,44.5800,44.7200,44.5900,18192603,227434
2018-02-06 09:31:00,43.2200,42.6000,43.0800,43.0500,1837402,1507517
2018-02-06 09:32:00,43.5500,43.0500,43.0500,43.5300,2040831,187297
2018-02-06 09:33:00,44.0800,43.5000,43.5600,44.0550,2257059,205169
2018-02-06 09:34:00,44.1700,43.7200,44.0600,43.8700,2390227,125442
2018-02-06 09:35:00,43.9900,43.6600,43.8700,43.7700,2525845,128612
2018-02-06 09:36:00,44.0700,43.7500,43.7500,44.0000,2636022,102242
2018-02-06 09:37:00,44.1312,43.9600,44.0200,44.1200,2736705,96952
2018-02-06 09:38:00,44.4300,44.0600,44.1199,44.3500,2841219,97692
2018-02-06 09:39:00,44.4100,44.0000,44.3500,44.0832,3022689,174852
2018-02-06 09:40:00,44.3800,44.0710,44.0900,44.3500,3128424,102130
2018-02-06 09:41:00,44.3900,44.0300,44.3500,44.0699,3221673,88940
2018-02-06 09:42:00,44.2700,44.0100,44.0450,44.0500,3348843,120858
2018-02-06 09:43:00,44.2900,44.0501,44.0501,44.2800,3426979,73851
2018-02-06 09:44:00,44.5600,44.2300,44.2600,44.5100,3576029,142596
2018-02-06 09:45:00,44.5800,44.3300,44.5000,44.3564,3687389,105385
2018-02-06 09:46:00,44.5900,44.3200,44.3900,44.5000,3779801,87929
2018-02-06 09:47:00,44.5679,44.3600,44.4850,44.5300,3900886,117662
2018-02-06 09:48:00,44.5800,44.4700,44.5201,44.4800,3979380,74154
2018-02-06 09:49:00,44.6600,44.4300,44.4700,44.4800,4088831,104275
2018-02-06 09:50:00,44.4900,44.3500,44.4700,44.4501,4144787,50701
2018-02-06 09:51:00,44.5900,44.4300,44.4461,44.5500,4193512,44818
2018-02-06 09:52:00,44.6500,44.4600,44.5679,44.6000,4300956,101488
2018-02-06 09:53:00,44.6300,44.5000,44.6100,44.6000,4398044,87120
2018-02-06 09:54:00,44.8198,44.5800,44.5900,44.7500,4483557,80066
2018-02-06 09:55:00,44.9900,44.7000,44.7200,44.9600,4595417,105421
2018-02-06 09:56:00,45.0300,44.8845,44.9800,44.9700,4760661,156160
2018-02-06 09:57:00,44.9600,44.5300,44.9600,44.5310,4874437,109172
2018-02-06 09:58:00,44.5800,44.2700,44.5385,44.2702,4991964,111070
2018-02-06 09:59:00,44.3700,44.2700,44.3115,44.3600,5110292,112243
2018-02-06 10:00:00,44.4900,44.3100,44.3400,44.4200,5222116,106595
2018-02-06 10:01:00,44.5800,44.4300,44.4300,44.5700,5315091,88994
2018-02-06 10:02:00,44.6099,44.3300,44.5000,44.3300,5381810,63425
2018-02-06 10:03:00,44.5400,44.3500,44.3800,44.4227,5436862,52165
2018-02-06 10:04:00,44.4900,44.3400,44.4350,44.3500,5493884,53569
2018-02-06 10:05:00,44.5200,44.3500,44.3500,44.5000,5546697,50015
2018-02-06 10:06:00,44.7390,44.5000,44.5000,44.6200,5626985,77394
2018-02-06 10:07:00,44.6307,44.4200,44.6200,44.4200,5744575,113887
2018-02-06 10:08:00,44.4300,44.3200,44.4200,44.3764,5835542,87680
2018-02-06 10:09:00,44.4200,44.1500,44.3900,44.1799,5926073,81954
2018-02-06 10:10:00,44.1700,44.0000,44.1600,44.0650,6033248,102286
2018-02-06 10:11:00,44.2900,44.0600,44.0700,44.2900,6142767,105368
2018-02-06 10:12:00,44.3500,44.1888,44.2800,44.2950,6203230,57520
2018-02-06 10:13:00,44.2900,44.0600,44.2800,44.0773,6262461,56062
2018-02-06 10:14:00,44.1200,43.8300,44.0800,43.8600,6379724,111923
2018-02-06 10:15:00,44.0100,43.7600,43.8800,43.8300,6465794,81312
2018-02-06 10:16:00,43.9000,43.7500,43.8100,43.7600,6553702,84336
2018-02-06 10:17:00,43.8000,43.5800,43.7710,43.5919,6660961,99841
2018-02-06 10:18:00,43.6200,43.3600,43.6000,43.4000,6821058,155507
2018-02-06 10:19:00,43.6000,43.3900,43.3900,43.6000,6891048,65185
2018-02-06 10:20:00,43.7800,43.5900,43.6000,43.7100,6990780,94215
2018-02-06 10:21:00,43.9399,43.7100,43.7100,43.7800,7072813,78614
2018-02-06 10:22:00,43.8700,43.7100,43.7890,43.7100,7112737,37716
2018-02-06 10:23:00,43.7900,43.6057,43.6710,43.6600,7184291,68966
2018-02-06 10:24:00,43.7144,43.4100,43.6600,43.5000,7265685,77552
2018-02-06 10:25:00,43.5600,43.3500,43.4904,43.4570,7353188,83827
2018-02-06 10:26:00,43.4952,43.2800,43.4500,43.3300,7487029,128616
2018-02-06 10:27:00,43.5700,43.2500,43.3800,43.3500,7592341,99672
2018-02-06 10:28:00,43.4100,43.2000,43.3441,43.2800,7721320,124554
2018-02-06 10:29:00,43.4900,43.2787,43.2787,43.4200,7806150,81613
2018-02-06 10:30:00,43.4999,43.3500,43.4027,43.4100,7873503,63956
2018-02-06 10:31:00,43.5032,43.3500,43.4100,43.4200,7966259,87410
2018-02-06 10:32:00,43.5100,43.4100,43.4300,43.4650,8090965,59100
2018-02-06 10:33:00,43.6000,43.4000,43.4600,43.5000,8187048,90388
2018-02-06 10:34:00,43.5300,43.4145,43.4893,43.5100,8243434,52973
2018-02-06 10:35:00,43.5900,43.4300,43.5000,43.4600,8335727,87660
2018-02-06 10:36:00,43.4600,43.3100,43.4600,43.3550,8425574,86109
2018-02-06 10:37:00,43.4184,43.1600,43.3500,43.2299,8525718,96313
2018-02-06 10:38:00,43.3000,43.1400,43.2100,43.2201,8636475,104855
2018-02-06 10:39:00,43.2700,43.1500,43.2300,43.2100,8709720,69241
2018-02-06 10:40:00,43.2900,43.1700,43.1900,43.2900,8789578,76034
2018-02-06 10:41:00,43.4900,43.2700,43.2899,43.4700,8847549,54872
2018-02-06 10:42:00,43.4900,43.2800,43.4700,43.4600,8945438,91998
2018-02-06 10:43:00,43.5500,43.3500,43.4304,43.5500,9031354,81476
2018-02-06 10:44:00,43.5900,43.4000,43.5500,43.4350,9072601,37363
2018-02-06 10:45:00,43.6100,43.4100,43.4400,43.5700,9147961,72034
2018-02-06 10:46:00,43.8700,43.5848,43.5848,43.8096,9237406,85335
2018-02-06 10:47:00,43.8200,43.6410,43.7800,43.7700,9279612,39689
2018-02-06 10:48:00,43.7775,43.6700,43.7700,43.7000,9335287,48821
2018-02-06 10:49:00,43.9000,43.7400,43.7400,43.7800,9385732,41263
2018-02-06 10:50:00,43.9000,43.7100,43.8000,43.8100,9477281,80571
2018-02-06 10:51:00,43.8900,43.7071,43.7900,43.7600,9544525,63040
2018-02-06 10:52:00,43.8000,43.6500,43.7600,43.7600,9615591,53560
2018-02-06 10:53:00,44.0200,43.7500,43.7700,43.9700,9760536,122921
2018-02-06 10:54:00,44.0100,43.8100,43.9800,43.9300,9822112,48253
2018-02-06 10:55:00,44.0100,43.8800,43.9200,43.9250,9908630,80230
2018-02-06 10:56:00,44.0200,43.9250,43.9600,43.9800,9963924,53138
2018-02-06 10:57:00,44.0000,43.8200,44.0000,43.8500,10006577,39932
2018-02-06 10:58:00,43.9200,43.7900,43.8600,43.8910,10036147,27818
2018-02-06 10:59:00,43.9200,43.8400,43.8900,43.8800,10064946,26709
2018-02-06 11:00:00,43.9100,43.7953,43.8700,43.8300,10083717,16681
2018-02-06 11:01:00,43.8500,43.6621,43.8300,43.6900,10136745,49617
2018-02-06 11:02:00,43.7700,43.6300,43.6700,43.7400,10171639,32235
2018-02-06 11:03:00,43.7400,43.6700,43.7300,43.7100,10195798,22777
2018-02-06 11:04:00,43.8399,43.7200,43.7200,43.8100,10229190,31440
2018-02-06 11:05:00,43.8400,43.7600,43.8100,43.7800,10254357,24252
2018-02-06 11:06:00,43.9600,43.7100,43.7700,43.9100,10320633,64535
2018-02-06 11:07:00,43.9400,43.8500,43.9195,43.8700,10351408,29180
2018-02-06 11:08:00,43.9600,43.8000,43.8600,43.8400,10406160,52597
2018-02-06 11:09:00,43.8900,43.7400,43.8527,43.7400,10502196,94150
2018-02-06 11:10:00,43.8000,43.6300,43.7600,43.8000,10543438,37942
2018-02-06 11:11:00,43.8300,43.7400,43.7900,43.8100,10557419,12550
2018-02-06 11:12:00,43.9100,43.7600,43.8000,43.8000,10584637,25541
2018-02-06 11:13:00,43.8500,43.6700,43.7900,43.7050,10615427,29632
2018-02-06 11:14:00,43.7400,43.6300,43.6900,43.6900,10656480,37740
2018-02-06 11:15:00,43.7834,43.6600,43.6800,43.7200,10709985,51479
2018-02-06 11:16:00,43.8200,43.7100,43.7100,43.7501,10747956,36292
2018-02-06 11:17:00,43.8800,43.7500,43.7500,43.8402,10789186,39570
2018-02-06 11:18:00,43.8800,43.7300,43.8500,43.7500,10820022,29879
2018-02-06 11:19:00,43.8300,43.7400,43.7500,43.8000,10834343,13657
2018-02-06 11:20:00,43.8800,43.7900,43.8500,43.8800,10860030,25250
2018-02-06 11:21:00,43.9100,43.8200,43.8700,43.8600,10879858,18500
2018-02-06 11:22:00,43.8905,43.8000,43.8600,43.8800,10912975,31167
2018-02-06 11:23:00,43.9600,43.8700,43.8900,43.9600,10969579,54470
2018-02-06 11:24:00,43.9900,43.8200,43.9700,43.8800,11009115,38529
2018-02-06 11:25:00,43.9100,43.8500,43.8800,43.8500,11025918,15800
2018-02-06 11:26:00,43.8500,43.7400,43.8500,43.7800,11069367,41310
2018-02-06 11:27:00,43.9000,43.7600,43.7600,43.8800,11093362,22148
2018-02-06 11:28:00,43.9500,43.7800,43.8800,43.9200,11121689,27042
2018-02-06 11:29:00,43.9300,43.8300,43.9000,43.8900,11152086,29307
2018-02-06 11:30:00,43.8800,43.7800,43.8800,43.8600,11173698,20515
2018-02-06 11:31:00,43.8600,43.6700,43.8600,43.7800,11222987,38340
2018-02-06 11:32:00,43.8300,43.6600,43.7800,43.6700,11249519,25404
2018-02-06 11:33:00,43.8100,43.6700,43.6800,43.7800,11273253,21665
2018-02-06 11:34:00,43.7700,43.7100,43.7700,43.7200,11290085,15300
2018-02-06 11:35:00,43.7100,43.6200,43.7100,43.6738,11320879,28295
2018-02-06 11:36:00,43.7600,43.6300,43.6700,43.7600,11340457,18289
2018-02-06 11:37:00,43.7602,43.7000,43.7600,43.7100,11351963,11124
2018-02-06 11:38:00,43.7500,43.6600,43.7100,43.6600,11367209,13046
2018-02-06 11:39:00,43.7900,43.6600,43.6600,43.7800,11384249,16184
2018-02-06 11:40:00,43.8200,43.7400,43.7600,43.8100,11404900,20173
2018-02-06 11:41:00,43.8289,43.7600,43.8289,43.8001,11426670,21100
2018-02-06 11:42:00,43.8000,43.7200,43.8000,43.7400,11444273,16179
2018-02-06 11:43:00,43.8000,43.7250,43.7500,43.7300,11471513,26491
2018-02-06 11:44:00,43.7900,43.7200,43.7300,43.7800,11486103,13451
2018-02-06 11:45:00,43.8298,43.7400,43.7700,43.7600,11500937,14277
2018-02-06 11:46:00,43.8100,43.7300,43.7700,43.7700,11519042,17621
2018-02-06 11:47:00,43.8000,43.7311,43.7800,43.7500,11554082,33680
2018-02-06 11:48:00,43.8200,43.7600,43.7600,43.8200,11570858,16222
2018-02-06 11:49:00,43.8400,43.7700,43.8200,43.8000,11607168,35585
2018-02-06 11:50:00,43.8900,43.7600,43.8050,43.8900,11640585,31389
2018-02-06 11:51:00,43.9200,43.8600,43.9000,43.8700,11660146,19037
2018-02-06 11:52:00,43.9300,43.8700,43.8800,43.9150,11688897,27355
2018-02-06 11:53:00,43.9600,43.8800,43.9200,43.8990,11726118,33256
2018-02-06 11:54:00,43.9900,43.8900,43.9000,43.9700,11760222,32293
2018-02-06 11:55:00,43.9793,43.8200,43.9793,43.8700,11800145,38442
2018-02-06 11:56:00,43.9600,43.8600,43.8900,43.9600,11813846,12210
2018-02-06 11:57:00,43.9899,43.9100,43.9600,43.9350,11845590,30029
2018-02-06 11:58:00,43.9400,43.8600,43.9250,43.8600,11865915,19530
2018-02-06 11:59:00,43.8800,43.7800,43.8699,43.8000,11888430,21959
2018-02-06 12:00:00,43.8400,43.7800,43.8000,43.7800,11900042,11000
2018-02-06 12:01:00,43.9300,43.7900,43.7900,43.8700,11922126,20568
2018-02-06 12:02:00,43.8800,43.8200,43.8600,43.8700,11930565,7400
2018-02-06 12:03:00,43.9000,43.8248,43.8600,43.8700,11939592,8500
2018-02-06 12:04:00,43.9400,43.8600,43.8700,43.9100,11973502,33300
2018-02-06 12:05:00,43.9500,43.8800,43.9200,43.8900,11989416,14495
2018-02-06 12:06:00,43.9300,43.9000,43.9100,43.9100,12005647,15629
2018-02-06 12:07:00,43.9999,43.9200,43.9200,43.9900,12038932,31985
2018-02-06 12:08:00,44.0209,43.9500,43.9800,44.0100,12105132,63284
2018-02-06 12:09:00,44.1300,44.0100,44.0100,44.1200,12145189,37937
2018-02-06 12:10:00,44.2200,44.0900,44.1280,44.2000,12215507,68680
2018-02-06 12:11:00,44.1850,44.0550,44.1800,44.1500,12247147,29994
2018-02-06 12:12:00,44.1500,44.0300,44.1200,44.0500,12280352,31706
2018-02-06 12:13:00,44.1399,44.0400,44.0500,44.1100,12322701,41503
2018-02-06 12:14:00,44.2200,44.0950,44.1100,44.2200,12385675,61056
2018-02-06 12:15:00,44.2900,44.2100,44.2300,44.2500,12406555,19015
2018-02-06 12:16:00,44.3900,44.2400,44.2400,44.3100,12460489,52274
2018-02-06 12:17:00,44.3600,44.2400,44.3100,44.2453,12488437,25820
2018-02-06 12:18:00,44.3200,44.1700,44.2600,44.2100,12525151,35440
2018-02-06 12:19:00,44.2250,44.1300,44.2150,44.1500,12540625,14369
2018-02-06 12:20:00,44.1400,44.0400,44.1400,44.1000,12576698,34228
2018-02-06 12:21:00,44.1800,44.1100,44.1200,44.1100,12592161,14480
2018-02-06 12:22:00,44.1600,44.0300,44.1224,44.0795,12613129,19942
2018-02-06 12:23:00,44.1100,44.0498,44.0800,44.0800,12635057,20599
2018-02-06 12:24:00,44.1500,44.0900,44.0900,44.1200,12654779,18665
2018-02-06 12:25:00,44.2000,44.0900,44.1100,44.1300,12675558,19710
2018-02-06 12:26:00,44.2500,44.1200,44.1300,44.2000,12735286,40236
2018-02-06 12:27:00,44.3100,44.2200,44.2200,44.2900,12768179,32022
2018-02-06 12:28:00,44.3400,44.2700,44.2900,44.3400,12786421,17074
2018-02-06 12:29:00,44.3599,44.3054,44.3320,44.3500,12803745,16214
2018-02-06 12:30:00,44.4700,44.3400,44.3400,44.4200,12827566,22502
2018-02-06 12:31:00,44.4800,44.4200,44.4400,44.4300,12855969,27062
2018-02-06 12:32:00,44.4750,44.3700,44.4400,44.3800,12881339,23508
2018-02-06 12:33:00,44.4250,44.3500,44.3900,44.4000,12914412,31770
2018-02-06 12:34:00,44.4500,44.3598,44.4000,44.3598,12958358,41315
2018-02-06 12:35:00,44.4100,44.3200,44.3800,44.3400,12973326,14155
2018-02-06 12:36:00,44.3700,44.3193,44.3500,44.3690,12986702,12119
2018-02-06 12:37:00,44.4000,44.3458,44.3500,44.3800,13014169,26290
2018-02-06 12:38:00,44.4400,44.3400,44.3800,44.4200,13057664,42224
2018-02-06 12:39:00,44.6000,44.4200,44.4200,44.5800,13125462,64460
2018-02-06 12:40:00,44.7500,44.5400,44.5800,44.7400,13198589,70030
2018-02-06 12:41:00,44.7500,44.6210,44.7450,44.7000,13255275,54882
2018-02-06 12:42:00,44.7400,44.6300,44.6950,44.6900,13295123,37563
2018-02-06 12:43:00,44.6909,44.6160,44.6800,44.6200,13331518,35344
2018-02-06 12:44:00,44.6500,44.5600,44.6100,44.6380,13366303,33877
2018-02-06 12:45:00,44.6700,44.5800,44.6399,44.5800,13392817,25064
2018-02-06 12:46:00,44.6000,44.4800,44.5900,44.5200,13426975,32448
2018-02-06 12:47:00,44.5400,44.4200,44.5200,44.5000,13462421,33639
2018-02-06 12:48:00,44.5400,44.4400,44.5100,44.4600,13480665,16854
2018-02-06 12:49:00,44.4900,44.3500,44.4600,44.4720,13532068,50296
2018-02-06 12:50:00,44.4600,44.3699,44.4600,44.4000,13552629,19643
2018-02-06 12:51:00,44.4500,44.3700,44.4100,44.4000,13565368,12069
2018-02-06 12:52:00,44.4200,44.3100,44.4200,44.3600,13586309,19623
2018-02-06 12:53:00,44.3800,44.3050,44.3600,44.3477,13605422,18026
2018-02-06 12:54:00,44.3400,44.2500,44.3400,44.2995,13647347,40287
2018-02-06 12:55:00,44.3000,44.2300,44.2999,44.2900,13669571,20318
2018-02-06 12:56:00,44.3900,44.2800,44.2800,44.3300,13688400,18119
2018-02-06 12:57:00,44.3800,44.2900,44.3300,44.3600,13700406,11226
2018-02-06 12:58:00,44.3800,44.2800,44.3600,44.3000,13713388,11887
2018-02-06 12:59:00,44.4300,44.2800,44.2800,44.4200,13731698,16782
2018-02-06 13:00:00,44.4700,44.3950,44.4200,44.4500,13754229,20704
2018-02-06 13:01:00,44.4500,44.2299,44.4500,44.3100,13791388,34643
2018-02-06 13:02:00,44.3300,44.2800,44.3100,44.3300,13812332,20286
2018-02-06 13:03:00,44.3700,44.1800,44.3200,44.2100,13839142,25401
2018-02-06 13:04:00,44.2500,44.1000,44.2200,44.1800,13892016,50010
2018-02-06 13:05:00,44.2800,44.1800,44.1800,44.2537,13925837,32077
2018-02-06 13:06:00,44.3300,44.1900,44.2600,44.2300,13947858,20064
2018-02-06 13:07:00,44.2900,44.2000,44.2366,44.2400,13972866,24250
2018-02-06 13:08:00,44.2900,44.2100,44.2500,44.2600,13991451,17266
2018-02-06 13:09:00,44.2600,44.1600,44.2600,44.2200,14015321,22085
2018-02-06 13:10:00,44.2100,44.1400,44.2100,44.1400,14046646,30263
2018-02-06 13:11:00,44.2900,44.0900,44.1300,44.2500,14086619,39068
2018-02-06 13:12:00,44.3600,44.2600,44.2700,44.3100,14102788,15010
2018-02-06 13:13:00,44.3600,44.2900,44.2900,44.3300,14120944,17286
2018-02-06 13:14:00,44.4800,44.3400,44.3400,44.4700,14160166,38822
2018-02-06 13:15:00,44.4800,44.4100,44.4700,44.4600,14184577,23288
2018-02-06 13:16:00,44.5400,44.4250,44.4700,44.5000,14197626,12096
2018-02-06 13:17:00,44.5500,44.4600,44.5000,44.4700,14211225,12560
2018-02-06 13:18:00,44.5400,44.4300,44.4700,44.4800,14230977,18176
2018-02-06 13:19:00,44.5300,44.4800,44.4800,44.5100,14255716,23969
2018-02-06 13:20:00,44.6200,44.5100,44.5200,44.5600,14277314,20289
2018-02-06 13:21:00,44.6400,44.5100,44.5500,44.5100,14300055,21482
2018-02-06 13:22:00,44.5900,44.5000,44.5500,44.5750,14327697,26851
2018-02-06 13:23:00,44.5900,44.5093,44.5800,44.5200,14342997,14556
2018-02-06 13:24:00,44.5600,44.4300,44.5300,44.4900,14366244,22069
2018-02-06 13:25:00,44.4900,44.4300,44.4900,44.4650,14380243,13210
2018-02-06 13:26:00,44.6100,44.4300,44.4500,44.6100,14399745,18872
2018-02-06 13:27:00,44.6400,44.5700,44.6100,44.6000,14421106,20125
2018-02-06 13:28:00,44.7300,44.5941,44.6100,44.7100,14455999,33048
2018-02-06 13:29:00,44.7188,44.6400,44.6850,44.6400,14478058,21163
2018-02-06 13:30:00,44.7700,44.6401,44.6401,44.7100,14491620,12196
2018-02-06 13:31:00,44.7300,44.6200,44.7000,44.6200,14518774,25271
2018-02-06 13:32:00,44.6700,44.5700,44.6500,44.6100,14540427,20202
2018-02-06 13:33:00,44.7000,44.6300,44.6300,44.6700,14556625,15469
2018-02-06 13:34:00,44.7000,44.5700,44.6601,44.5700,14589829,32191
2018-02-06 13:35:00,44.6000,44.4800,44.6000,44.5400,14666137,74800
2018-02-06 13:36:00,44.6100,44.5100,44.5300,44.5400,14695480,28714
2018-02-06 13:37:00,44.6500,44.5200,44.5500,44.6186,14733354,36848
2018-02-06 13:38:00,44.6700,44.5600,44.6100,44.6700,14753119,18707
2018-02-06 13:39:00,44.6800,44.5400,44.6600,44.6000,14779518,24295
2018-02-06 13:40:00,44.5900,44.4800,44.5900,44.5000,14803947,21454
2018-02-06 13:41:00,44.5200,44.3800,44.5100,44.3900,14820392,15015
2018-02-06 13:42:00,44.4000,44.3200,44.3900,44.3600,14842357,20602
2018-02-06 13:43:00,44.4000,44.3300,44.3600,44.3300,14869534,26380
2018-02-06 13:44:00,44.4100,44.3100,44.3600,44.3500,14876123,5980
2018-02-06 13:45:00,44.4000,44.3488,44.3488,44.3500,14887678,11300
2018-02-06 13:46:00,44.3700,44.2800,44.3400,44.2800,14903604,14925
2018-02-06 13:47:00,44.4200,44.2800,44.3000,44.3900,14923903,19748
2018-02-06 13:48:00,44.4100,44.3200,44.3795,44.3400,14934665,10425
2018-02-06 13:49:00,44.3500,44.2400,44.3300,44.2400,14961599,25737
2018-02-06 13:50:00,44.3000,44.2200,44.2200,44.2800,14982354,20430
2018-02-06 13:51:00,44.2900,44.1900,44.2700,44.1900,15006776,23321
2018-02-06 13:52:00,44.2650,44.1800,44.2100,44.2500,15023769,15913
2018-02-06 13:53:00,44.2600,44.2000,44.2600,44.2200,15038518,13560
2018-02-06 13:54:00,44.3100,44.1900,44.2200,44.2900,15058338,19196
2018-02-06 13:55:00,44.3300,44.2200,44.2800,44.2200,15070916,12200
2018-02-06 13:56:00,44.2700,44.1600,44.2200,44.2300,15089325,17750
2018-02-06 13:57:00,44.2800,44.2100,44.2400,44.2700,15101295,11134
2018-02-06 13:58:00,44.2700,44.1700,44.2700,44.1800,15133440,29512
2018-02-06 13:59:00,44.2800,44.1800,44.1900,44.2400,15159431,24832
2018-02-06 14:00:00,44.3000,44.2100,44.2400,44.2100,15181601,21017
2018-02-06 14:01:00,44.2700,44.2000,44.2200,44.2600,15199291,16302
2018-02-06 14:02:00,44.2800,44.2100,44.2700,44.2400,15217827,17601
2018-02-06 14:03:00,44.2900,44.1900,44.2500,44.2400,15268501,48353
2018-02-06 14:04:00,44.3200,44.2499,44.2500,44.2500,15313837,43303
2018-02-06 14:05:00,44.3000,44.2300,44.2600,44.2300,15331667,16020
2018-02-06 14:06:00,44.2500,44.1150,44.2300,44.1400,15357260,23785
2018-02-06 14:07:00,44.2100,44.1364,44.1400,44.2100,15379911,21728
2018-02-06 14:08:00,44.2100,44.1500,44.2100,44.1500,15394306,13332
2018-02-06 14:09:00,44.1800,44.0900,44.1500,44.1200,15408478,13645
2018-02-06 14:10:00,44.1300,44.0500,44.1000,44.0800,15427693,18997
2018-02-06 14:11:00,44.2300,44.0800,44.0900,44.2100,15469794,40608
2018-02-06 14:12:00,44.3100,44.2000,44.2000,44.2800,15508847,37937
2018-02-06 14:13:00,44.2900,44.2200,44.2900,44.2400,15556958,46520
2018-02-06 14:14:00,44.2450,44.2000,44.2400,44.2300,15589977,31762
2018-02-06 14:15:00,44.3396,44.2300,44.2402,44.2500,15612867,21910
2018-02-06 14:16:00,44.2500,44.1700,44.2400,44.1900,15674566,59847
2018-02-06 14:17:00,44.2700,44.1600,44.1900,44.1800,15712119,36494
2018-02-06 14:18:00,44.2000,44.1100,44.1900,44.1200,15737339,23763
2018-02-06 14:19:00,44.1500,44.0800,44.1100,44.1300,15766435,28298
2018-02-06 14:20:00,44.1658,44.0700,44.1300,44.0800,15791161,23803
2018-02-06 14:21:00,44.1350,44.0600,44.0900,44.1298,15809614,18017
2018-02-06 14:22:00,44.1600,44.0700,44.1300,44.1100,15828440,17785
2018-02-06 14:23:00,44.1850,44.0900,44.1100,44.1000,15844127,14800
2018-02-06 14:24:00,44.1300,44.0600,44.1100,44.0800,15860273,15093
2018-02-06 14:25:00,44.1100,44.0300,44.0900,44.0800,15881812,20700
2018-02-06 14:26:00,44.0800,44.0200,44.0700,44.0500,15899842,16144
2018-02-06 14:27:00,44.1200,44.0600,44.0600,44.0900,15914396,13663
2018-02-06 14:28:00,44.1401,44.0800,44.1000,44.1400,15937355,21029
2018-02-06 14:29:00,44.2000,44.1200,44.1400,44.1800,15949370,11299
2018-02-06 14:30:00,44.2000,44.1400,44.1800,44.1700,15960851,10247
2018-02-06 14:31:00,44.1800,44.1150,44.1800,44.1400,15975763,13816
2018-02-06 14:32:00,44.1900,44.1300,44.1300,44.1900,15987706,9187
2018-02-06 14:33:00,44.3900,44.1800,44.1900,44.3500,16012134,23925
2018-02-06 14:34:00,44.3700,44.3100,44.3500,44.3600,16029132,16236
2018-02-06 14:35:00,44.4300,44.3600,44.3700,44.4300,16043047,13297
2018-02-06 14:36:00,44.5700,44.4300,44.4500,44.5400,16077221,33449
2018-02-06 14:37:00,44.5600,44.4200,44.5500,44.4500,16107154,28732
2018-02-06 14:38:00,44.5300,44.4300,44.4500,44.4400,16124236,16533
2018-02-06 14:39:00,44.5300,44.4201,44.4201,44.5200,16144306,19154
2018-02-06 14:40:00,44.5600,44.4600,44.5200,44.5100,16161971,17116
2018-02-06 14:41:00,44.5800,44.5000,44.5100,44.5800,16178364,15132
2018-02-06 14:42:00,44.6000,44.5300,44.5700,44.5300,16196445,17625
2018-02-06 14:43:00,44.5800,44.5100,44.5400,44.5700,16221795,24679
2018-02-06 14:44:00,44.5900,44.5200,44.5800,44.5200,16257342,34823
2018-02-06 14:45:00,44.6100,44.4900,44.5300,44.6100,16298563,40340
2018-02-06 14:46:00,44.6300,44.5450,44.6100,44.6000,16335858,36031
2018-02-06 14:47:00,44.6600,44.6000,44.6000,44.6550,16371425,34788
2018-02-06 14:48:00,44.6850,44.6000,44.6500,44.6700,16401169,28722
2018-02-06 14:49:00,44.6800,44.5600,44.6250,44.5600,16427621,24971
2018-02-06 14:50:00,44.5900,44.5350,44.5600,44.5800,16480314,51171
2018-02-06 14:51:00,44.6400,44.5500,44.5700,44.6100,16501194,19818
2018-02-06 14:52:00,44.6500,44.5800,44.6100,44.6100,16540094,37839
2018-02-06 14:53:00,44.6000,44.4900,44.6000,44.5550,16577391,36175
2018-02-06 14:54:00,44.6200,44.5400,44.5500,44.5900,16604868,26548
2018-02-06 14:55:00,44.7300,44.5800,44.6000,44.7200,16656403,50171
2018-02-06 14:56:00,44.7900,44.7100,44.7231,44.7900,16698360,40588
2018-02-06 14:57:00,44.8400,44.7100,44.8000,44.7100,16742164,41741
2018-02-06 14:58:00,44.7900,44.6500,44.6800,44.7824,16779543,35700
2018-02-06 14:59:00,44.8500,44.7400,44.8000,44.8300,16820752,38947
2018-02-06 15:00:00,44.8800,44.8200,44.8200,44.8400,16850053,27820
2018-02-06 15:01:00,44.9000,44.8000,44.8600,44.8200,16877320,25877
2018-02-06 15:02:00,44.9500,44.8200,44.8200,44.9400,16912987,34586
2018-02-06 15:03:00,44.9900,44.8900,44.9500,44.9000,16953848,39209
2018-02-06 15:04:00,44.9500,44.8400,44.9100,44.9300,17008010,52850
2018-02-06 15:05:00,44.9800,44.9000,44.9399,44.9600,17036354,27072
2018-02-06 15:06:00,44.9900,44.9300,44.9700,44.9859,17078532,39921
2018-02-06 15:07:00,45.0500,44.9400,44.9850,44.9800,17224099,142014
2018-02-06 15:08:00,45.0500,44.9500,44.9900,44.9800,17337172,110214
2018-02-06 15:09:00,45.0000,44.9500,44.9800,44.9700,17380481,40623
2018-02-06 15:10:00,45.0750,44.9700,44.9701,45.0750,17430037,47618
2018-02-06 15:11:00,45.0500,44.9700,45.0500,45.0000,17517259,83682
2018-02-06 15:12:00,45.0200,44.9500,45.0000,44.9500,17556176,36543
2018-02-06 15:13:00,44.9900,44.8900,44.9500,44.9400,17624521,66117
2018-02-06 15:14:00,44.9900,44.9000,44.9450,44.9100,17661285,35689
2018-02-06 15:15:00,44.9500,44.8000,44.9000,44.8300,17725771,62774
2018-02-06 15:16:00,44.9600,44.8400,44.8400,44.9200,17771756,43336
2018-02-06 15:17:00,44.9500,44.8882,44.9150,44.8882,17806010,33424
2018-02-06 15:18:00,44.9390,44.8600,44.8897,44.9000,17821837,14583
2018-02-06 15:19:00,44.9100,44.7600,44.9000,44.7800,17835272,12506
2018-02-06 15:20:00,44.8000,44.7282,44.7800,44.7920,17856989,20087
2018-02-06 15:21:00,44.8700,44.7600,44.7900,44.8600,17873596,15065
2018-02-06 15:22:00,44.9300,44.8400,44.8500,44.8900,17888023,13379
2018-02-06 15:23:00,44.9000,44.6700,44.8899,44.6850,17930338,40148
2018-02-06 15:24:00,44.7590,44.6500,44.7000,44.7100,17955785,24670
2018-02-06 15:25:00,44.7800,44.6799,44.7200,44.7400,17972726,15900
2018-02-06 15:26:00,44.8811,44.7450,44.7450,44.8811,17999131,25306
2018-02-06 15:27:00,44.9400,44.8700,44.8700,44.9100,18016055,15840
2018-02-06 15:28:00,44.9575,44.8500,44.9100,44.9100,18037821,21120
2018-02-06 15:29:00,44.9900,44.9200,44.9200,44.9600,18069966,30893
2018-02-06 15:30:00,45.0300,44.9400,44.9600,44.9900,18113100,41967
2018-02-06 15:31:00,44.9800,44.9182,44.9800,44.9252,18143241,28448
2018-02-06 15:32:00,44.9600,44.8100,44.9300,44.9400,18187229,42546
2018-02-06 15:33:00,44.9800,44.9300,44.9500,44.9800,18206292,17997
2018-02-06 15:34:00,45.1500,44.9700,44.9800,45.1500,18259343,50192
2018-02-06 15:35:00,45.2000,45.1000,45.1600,45.1000,18311076,49211
2018-02-06 15:36:00,45.1700,45.0100,45.1200,45.1100,18355071,39601
2018-02-06 15:37:00,45.2200,45.1249,45.1249,45.2100,18380262,23179
2018-02-06 15:38:00,45.3000,45.2100,45.2100,45.2600,18437619,54329
2018-02-06 15:39:00,45.3000,45.2000,45.2650,45.2600,18471136,31010
2018-02-06 15:40:00,45.3000,45.2500,45.2600,45.2600,18509495,36634
2018-02-06 15:41:00,45.3000,45.2300,45.2800,45.2800,18568614,57288
2018-02-06 15:42:00,45.2800,45.1700,45.2700,45.2500,18611718,40888
2018-02-06 15:43:00,45.2600,45.2100,45.2500,45.2300,18632376,19057
2018-02-06 15:44:00,45.2625,45.1800,45.2338,45.2000,18687295,53798
2018-02-06 15:45:00,45.2400,45.1500,45.1900,45.1700,18731309,41997
2018-02-06 15:46:00,45.1950,45.1200,45.1700,45.1200,18782775,49156
2018-02-06 15:47:00,45.1750,45.1000,45.1200,45.1150,18850438,65837
2018-02-06 15:48:00,45.1400,45.0250,45.1150,45.0450,18884599,31483
2018-02-06 15:49:00,45.1100,45.0032,45.0400,45.0999,18929735,41865
2018-02-06 15:50:00,45.1200,45.0200,45.0900,45.0400,18980823,48284
2018-02-06 15:51:00,45.1200,44.9700,45.0500,45.0200,19078675,94253
2018-02-06 15:52:00,45.0100,44.8300,45.0100,44.8300,19142108,59420
2018-02-06 15:53:00,45.0000,44.8400,44.8400,45.0000,19193871,49316
2018-02-06 15:54:00,45.0400,44.9700,44.9900,45.0400,19234706,37920
2018-02-06 15:55:00,45.0500,44.9700,45.0400,45.0300,19279998,42618
2018-02-06 15:56:00,45.0200,44.9200,45.0200,45.0100,19364655,81011
2018-02-06 15:57:00,45.1000,44.9850,45.0150,45.0900,19439969,70105
2018-02-06 15:58:00,45.1300,45.0500,45.0950,45.1200,19522917,79180
2018-02-06 15:59:00,45.1900,45.0800,45.1200,45.0800,19620051,90453
2018-02-06 16:00:00,45.1200,45.0100,45.0700,45.0400,19850009,217713
2018-02-07 09:31:00,45.0000,44.5400,44.9700,44.5950,677606,635447
2018-02-07 09:32:00,44.6700,44.2900,44.6100,44.3450,773363,89107
2018-02-07 09:33:00,44.5100,44.3450,44.3450,44.4500,872283,95303
2018-02-07 09:34:00,44.5000,44.3200,44.4600,44.5000,922988,48675
2018-02-07 09:35:00,44.6300,44.4910,44.5000,44.5500,991592,65648
2018-02-07 09:36:00,44.5750,44.3300,44.5676,44.4500,1128250,132026
2018-02-07 09:37:00,44.5150,44.4100,44.4600,44.5150,1232045,101248
2018-02-07 09:38:00,44.6300,44.5000,44.5150,44.5700,1297719,63240
2018-02-07 09:39:00,44.6400,44.3650,44.5850,44.4700,1553780,248276
2018-02-07 09:40:00,44.5800,44.4000,44.5000,44.5500,1642712,84424
2018-02-07 09:41:00,44.6200,44.4500,44.5400,44.6179,1742675,97993
2018-02-07 09:42:00,44.7295,44.5600,44.6199,44.6900,1811956,66554
2018-02-07 09:43:00,44.7600,44.5100,44.7300,44.5200,1864050,49398
2018-02-07 09:44:00,44.6800,44.4500,44.5200,44.6300,1939620,72639