2018-02-05 09:31:00,6.7000,6.5750,6.7000,6.5750,3034,2618
2018-02-05 09:33:00,6.6197,6.5740,6.5740,6.6197,5902,2800
2018-02-05 09:34:00,6.6750,6.6000,6.6000,6.6500,6764,862
2018-02-05 09:35:00,6.7000,6.7000,6.7000,6.7000,7574,700
2018-02-05 09:37:00,6.7500,6.7500,6.7500,6.7500,7991,100
2018-02-05 09:38:00,6.7500,6.7500,6.7500,6.7500,8807,600
2018-02-05 09:39:00,6.9000,6.7500,6.7500,6.9000,15435,6600
2018-02-05 09:40:00,6.9500,6.8752,6.9000,6.9000,20340,4901
2018-02-05 09:41:00,6.9000,6.9000,6.9000,6.9000,21140,800
2018-02-05 09:44:00,6.9000,6.8748,6.9000,6.9000,21597,300
2018-02-05 09:45:00,6.9500,6.9000,6.9000,6.9500,28727,6930
2018-02-05 09:47:00,6.9500,6.9500,6.9500,6.9500,28932,200
2018-02-05 09:49:00,7.0000,6.9000,6.9000,6.9750,33143,4099
2018-02-05 09:50:00,7.0000,7.0000,7.0000,7.0000,33243,100
2018-02-05 09:51:00,7.0000,6.9500,6.9500,6.9500,37759,4153
2018-02-05 09:52:00,6.9500,6.9050,6.9500,6.9050,40089,2130
2018-02-05 09:59:00,6.9250,6.9250,6.9250,6.9250,41460,1200
2018-02-05 10:00:00,6.9500,6.9500,6.9500,6.9500,41960,500
2018-02-05 10:01:00,7.0250,6.9500,6.9500,7.0000,48863,6388
2018-02-05 10:02:00,6.9500,6.9500,6.9500,6.9500,49063,200
2018-02-05 10:03:00,7.0000,6.9500,6.9500,6.9950,51146,1913
2018-02-05 10:04:00,7.0000,7.0000,7.0000,7.0000,53666,2236
2018-02-05 10:05:00,7.0000,6.9000,6.9500,6.9500,58685,4990
2018-02-05 10:11:00,6.9250,6.9000,6.9200,6.9250,59990,970
2018-02-05 10:12:00,6.9500,6.9000,6.9250,6.9250,60840,760
2018-02-05 10:13:00,6.9500,6.9250,6.9250,6.9500,61040,200
2018-02-05 10:17:00,6.9500,6.9500,6.9500,6.9500,61206,100
2018-02-05 10:20:00,6.9290,6.9050,6.9050,6.9250,65156,3800
2018-02-05 10:21:00,6.9250,6.9000,6.9000,6.9250,66439,1200
2018-02-05 10:22:00,6.9250,6.9250,6.9250,6.9250,66739,300
2018-02-05 10:24:00,6.9500,6.9500,6.9500,6.9500,66839,100
2018-02-05 10:27:00,6.9500,6.9500,6.9500,6.9500,66939,100
2018-02-05 10:28:00,6.9500,6.9500,6.9500,6.9500,67039,100
2018-02-05 10:29:00,7.0500,6.9500,6.9500,7.0000,78056,10374
2018-02-05 10:33:00,7.0000,7.0000,7.0000,7.0000,78256,100
2018-02-05 10:35:00,6.9750,6.9750,6.9750,6.9750,78606,250
2018-02-05 10:37:00,7.0000,7.0000,7.0000,7.0000,78746,100
2018-02-05 10:38:00,7.0000,6.9750,6.9750,7.0000,79846,1100
2018-02-05 10:39:00,7.0000,6.9652,7.0000,7.0000,80546,700
2018-02-05 10:40:00,6.9750,6.9750,6.9750,6.9750,80646,100
2018-02-05 10:41:00,7.0000,7.0000,7.0000,7.0000,80846,200
2018-02-05 10:42:00,7.0000,7.0000,7.0000,7.0000,80946,100
2018-02-05 10:43:00,7.0000,7.0000,7.0000,7.0000,81447,501
2018-02-05 10:45:00,7.0000,7.0000,7.0000,7.0000,81548,100
2018-02-05 10:46:00,6.9750,6.9750,6.9750,6.9750,81733,100
2018-02-05 10:48:00,7.0000,6.9652,7.0000,7.0000,83067,900
2018-02-05 10:52:00,7.0000,6.9750,6.9750,7.0000,84110,1000
2018-02-05 10:54:00,7.0000,7.0000,7.0000,7.0000,84266,100
2018-02-05 10:55:00,6.9750,6.9750,6.9750,6.9750,84366,100
2018-02-05 10:56:00,7.0000,7.0000,7.0000,7.0000,84466,100
2018-02-05 10:59:00,7.0000,6.9750,6.9750,7.0000,84689,200
2018-02-05 11:00:00,7.0000,7.0000,7.0000,7.0000,85002,295
2018-02-05 11:02:00,7.0000,6.9750,6.9750,7.0000,85411,200
2018-02-05 11:03:00,7.0000,7.0000,7.0000,7.0000,85915,500
2018-02-05 11:04:00,7.0000,6.9750,6.9750,7.0000,86178,200
2018-02-05 11:05:00,7.0000,6.9950,7.0000,6.9950,88493,2200
2018-02-05 11:10:00,7.0000,6.9750,6.9750,7.0000,88779,200
2018-02-05 11:13:00,7.0000,7.0000,7.0000,7.0000,89099,100
2018-02-05 11:14:00,7.0000,7.0000,7.0000,7.0000,89204,100
2018-02-05 11:15:00,7.0000,6.9750,7.0000,6.9750,89429,200
2018-02-05 11:18:00,7.0000,7.0000,7.0000,7.0000,89699,100
2018-02-05 11:19:00,7.0000,7.0000,7.0000,7.0000,89809,100
2018-02-05 11:20:00,6.9750,6.9500,6.9500,6.9750,90766,900
2018-02-05 11:21:00,6.9750,6.9750,6.9750,6.9750,90880,100
2018-02-05 11:23:00,7.0000,7.0000,7.0000,7.0000,91025,100
2018-02-05 11:26:00,6.9788,6.9788,6.9788,6.9788,91293,100
2018-02-05 11:27:00,7.0000,7.0000,7.0000,7.0000,91393,100
2018-02-05 11:28:00,6.9750,6.9750,6.9750,6.9750,91493,100
2018-02-05 11:30:00,7.0000,7.0000,7.0000,7.0000,91748,179
2018-02-05 11:31:00,7.0000,7.0000,7.0000,7.0000,91858,100
2018-02-05 11:34:00,7.0000,7.0000,7.0000,7.0000,92179,200
2018-02-05 11:35:00,7.0000,6.9750,6.9750,7.0000,92379,200
2018-02-05 11:36:00,7.0000,6.9760,7.0000,6.9760,92599,200
2018-02-05 11:37:00,6.9752,6.9752,6.9752,6.9752,92699,100
2018-02-05 11:38:00,7.0000,6.9752,6.9752,7.0000,92899,200
2018-02-05 11:39:00,7.0000,7.0000,7.0000,7.0000,92999,100
2018-02-05 11:40:00,7.0250,7.0000,7.0000,7.0000,105399,11867
2018-02-05 11:45:00,7.0000,7.0000,7.0000,7.0000,105549,100
2018-02-05 11:46:00,7.0000,7.0000,7.0000,7.0000,105848,299
2018-02-05 11:48:00,7.0000,7.0000,7.0000,7.0000,106048,200
2018-02-05 11:49:00,6.9500,6.9500,6.9500,6.9500,106198,150
2018-02-05 11:50:00,6.9750,6.9750,6.9750,6.9750,108348,2150
2018-02-05 11:51:00,7.0000,7.0000,7.0000,7.0000,108448,100
2018-02-05 11:52:00,7.0000,6.9750,6.9750,7.0000,108748,300
2018-02-05 11:57:00,7.0000,7.0000,7.0000,7.0000,108951,100
2018-02-05 11:59:00,7.0000,7.0000,7.0000,7.0000,109151,200
2018-02-05 12:01:00,7.0000,6.9500,6.9750,7.0000,109546,300
2018-02-05 12:02:00,7.0000,7.0000,7.0000,7.0000,109746,100
2018-02-05 12:06:00,7.0000,6.9500,7.0000,6.9750,111088,1200
2018-02-05 12:09:00,7.0000,7.0000,7.0000,7.0000,111213,100
2018-02-05 12:10:00,6.9750,6.9500,6.9500,6.9750,111459,200
2018-02-05 12:14:00,7.0000,7.0000,7.0000,7.0000,111559,100
2018-02-05 12:15:00,7.0000,7.0000,7.0000,7.0000,111659,100
2018-02-05 12:19:00,7.0000,6.9750,7.0000,6.9750,111926,200
2018-02-05 12:20:00,7.0000,6.9500,6.9750,6.9500,112936,900
2018-02-05 12:25:00,7.0000,6.9750,7.0000,6.9750,113297,200
2018-02-05 12:28:00,6.9750,6.9750,6.9750,6.9750,113497,200
2018-02-05 12:29:00,6.9750,6.9750,6.9750,6.9750,113634,100
2018-02-05 12:32:00,6.9750,6.9750,6.9750,6.9750,113762,100
2018-02-05 12:33:00,7.0000,7.0000,7.0000,7.0000,114038,200
2018-02-05 12:35:00,6.9750,6.9550,6.9550,6.9750,119438,5400
2018-02-05 12:36:00,6.9699,6.9699,6.9699,6.9699,119728,290
2018-02-05 12:38:00,6.9750,6.9750,6.9750,6.9750,119876,100
2018-02-05 12:39:00,6.9550,6.9550,6.9550,6.9550,119976,100
2018-02-05 12:43:00,7.0000,7.0000,7.0000,7.0000,120213,100
2018-02-05 12:44:00,6.9750,6.9500,6.9750,6.9750,130338,9698
2018-02-05 12:45:00,6.9750,6.9750,6.9750,6.9750,130649,100
2018-02-05 12:46:00,6.9750,6.9750,6.9750,6.9750,130979,300
2018-02-05 12:47:00,6.9750,6.9750,6.9750,6.9750,131079,100
2018-02-05 12:48:00,6.9685,6.9685,6.9685,6.9685,131419,300
2018-02-05 12:50:00,7.0000,7.0000,7.0000,7.0000,131588,100
2018-02-05 12:51:00,6.9750,6.9500,6.9750,6.9750,131911,300
2018-02-05 12:52:00,7.0000,6.9750,7.0000,6.9750,132523,576
2018-02-05 12:55:00,7.0000,6.9750,7.0000,6.9750,132927,300
2018-02-05 12:56:00,6.9750,6.9500,6.9550,6.9750,142505,9400
2018-02-05 12:57:00,6.9750,6.9500,6.9750,6.9750,142933,300
2018-02-05 13:00:00,7.0000,7.0000,7.0000,7.0000,143153,100
2018-02-05 13:03:00,7.0000,6.9750,7.0000,6.9750,143503,200
2018-02-05 13:04:00,7.0000,6.9000,6.9500,6.9000,149739,4753
2018-02-05 13:05:00,6.9250,6.7500,6.9250,6.7500,158354,7612
2018-02-05 13:06:00,6.8000,6.7750,6.7836,6.8000,159354,900
2018-02-05 13:08:00,6.8000,6.7950,6.7950,6.8000,160534,1100
2018-02-05 13:09:00,6.8500,6.8000,6.8000,6.8500,163606,2900
2018-02-05 13:10:00,6.8500,6.8000,6.8500,6.8000,165738,2040
2018-02-05 13:11:00,6.8000,6.7500,6.8000,6.7550,166938,1000
2018-02-05 13:12:00,6.7500,6.7500,6.7500,6.7500,167367,400
2018-02-05 13:13:00,6.7500,6.7500,6.7500,6.7500,167767,400
2018-02-05 13:14:00,6.7500,6.7500,6.7500,6.7500,168097,300
2018-02-05 13:15:00,6.7500,6.7500,6.7500,6.7500,168297,200
2018-02-05 13:16:00,6.7500,6.7500,6.7500,6.7500,168597,105
2018-02-05 13:17:00,6.7500,6.7500,6.7500,6.7500,168802,200
2018-02-05 13:18:00,6.7750,6.7500,6.7750,6.7750,170257,1430
2018-02-05 13:19:00,6.7750,6.7500,6.7500,6.7750,170582,300
2018-02-05 13:20:00,6.7500,6.7500,6.7500,6.7500,170682,100
2018-02-05 13:21:00,6.7500,6.7500,6.7500,6.7500,170782,100
2018-02-05 13:22:00,6.8000,6.7500,6.8000,6.7500,171012,200
2018-02-05 13:23:00,6.7500,6.7500,6.7500,6.7500,171117,100
2018-02-05 13:25:00,6.7500,6.7500,6.7500,6.7500,171487,200
2018-02-05 13:31:00,6.8000,6.7750,6.8000,6.7750,172222,300
2018-02-05 13:32:00,6.7750,6.7750,6.7750,6.7750,172332,100
2018-02-05 13:34:00,6.8000,6.8000,6.8000,6.8000,174117,1347
2018-02-05 13:35:00,6.8425,6.8000,6.8425,6.8000,175993,1366
2018-02-05 13:36:00,6.8000,6.7750,6.8000,6.7750,176535,500
2018-02-05 13:46:00,6.8000,6.7750,6.7750,6.8000,176798,200
2018-02-05 13:49:00,6.8000,6.8000,6.8000,6.8000,176923,100
2018-02-05 13:51:00,6.8000,6.7750,6.7750,6.8000,177448,500
2018-02-05 13:52:00,6.8000,6.8000,6.8000,6.8000,178319,600
2018-02-05 13:53:00,6.8250,6.8250,6.8250,6.8250,178546,100
2018-02-05 13:55:00,6.8500,6.8000,6.8500,6.8000,178952,200
2018-02-05 13:56:00,6.8250,6.8250,6.8250,6.8250,179397,400
2018-02-05 13:57:00,6.8500,6.8500,6.8500,6.8500,180097,700
2018-02-05 14:01:00,6.9000,6.8500,6.8500,6.8750,183288,2800
2018-02-05 14:02:00,6.9500,6.9000,6.9000,6.9500,185513,1737
2018-02-05 14:03:00,6.9500,6.9500,6.9500,6.9500,185613,100
2018-02-05 14:04:00,6.9250,6.9250,6.9250,6.9250,185713,100
2018-02-05 14:06:00,6.9500,6.9500,6.9500,6.9500,185813,100
2018-02-05 14:08:00,6.9500,6.9500,6.9500,6.9500,186052,239
2018-02-05 14:09:00,6.9500,6.9250,6.9500,6.9250,186252,200
2018-02-05 14:11:00,6.9500,6.9500,6.9500,6.9500,186378,100
2018-02-05 14:13:00,6.9250,6.9250,6.9250,6.9250,186478,100
2018-02-05 14:14:00,6.9250,6.9250,6.9250,6.9250,186578,100
2018-02-05 14:15:00,6.9500,6.9500,6.9500,6.9500,186705,100
2018-02-05 14:16:00,6.9500,6.9500,6.9500,6.9500,186805,100
2018-02-05 14:17:00,6.9250,6.9250,6.9250,6.9250,186909,100
2018-02-05 14:18:00,6.9500,6.9310,6.9310,6.9500,187909,1000
2018-02-05 14:19:00,6.9250,6.9250,6.9250,6.9250,188090,100
2018-02-05 14:20:00,6.9500,6.9500,6.9500,6.9500,188217,100
2018-02-05 14:21:00,6.9000,6.9000,6.9000,6.9000,191748,3400
2018-02-05 14:22:00,6.8750,6.8500,6.8500,6.8750,192048,300
2018-02-05 14:24:00,6.8500,6.8250,6.8500,6.8250,194248,2200
2018-02-05 14:25:00,6.8000,6.8000,6.8000,6.8000,194422,147
2018-02-05 14:28:00,6.8250,6.8000,6.8000,6.8000,194922,500
2018-02-05 14:31:00,6.8500,6.8000,6.8274,6.8250,196152,1203
2018-02-05 14:32:00,6.8000,6.7500,6.8000,6.7500,198367,2100
2018-02-05 14:33:00,6.7500,6.7500,6.7500,6.7500,198567,100
2018-02-05 14:35:00,6.7500,6.7500,6.7500,6.7500,203557,4634
2018-02-05 14:37:00,6.7750,6.7750,6.7750,6.7750,203721,100
2018-02-05 14:38:00,6.8000,6.7750,6.7750,6.8000,204021,300
2018-02-05 14:39:00,6.8000,6.8000,6.8000,6.8000,206144,1900
2018-02-05 14:40:00,6.8000,6.7500,6.8000,6.7500,209056,2643
2018-02-05 14:44:00,6.8000,6.8000,6.8000,6.8000,210256,1200
2018-02-05 14:45:00,6.7750,6.7750,6.7750,6.7750,210356,100
2018-02-05 14:46:00,6.8000,6.8000,6.8000,6.8000,210456,100
2018-02-05 14:47:00,6.9000,6.8000,6.8000,6.9000,212486,1853
2018-02-05 14:49:00,6.8500,6.7880,6.8500,6.7880,213986,1200
2018-02-05 14:52:00,6.8000,6.8000,6.8000,6.8000,214202,100
2018-02-05 14:55:00,6.8000,6.8000,6.8000,6.8000,214329,100
2018-02-05 14:56:00,6.8000,6.7500,6.7500,6.8000,214529,200
2018-02-05 14:58:00,6.7500,6.7500,6.7500,6.7500,214656,100
2018-02-05 14:59:00,6.8000,6.7500,6.8000,6.8000,215056,309
2018-02-05 15:00:00,6.8000,6.7500,6.7500,6.8000,215556,500
2018-02-05 15:01:00,6.7750,6.7750,6.7750,6.7750,215740,100
2018-02-05 15:02:00,6.7750,6.7500,6.7750,6.7750,216067,300
2018-02-05 15:03:00,6.7750,6.7750,6.7750,6.7750,216167,100
2018-02-05 15:06:00,6.7750,6.7500,6.7500,6.7750,217346,1000
2018-02-05 15:07:00,6.7750,6.7750,6.7750,6.7750,217446,100
2018-02-05 15:08:00,6.7750,6.7500,6.7500,6.7500,220154,2027
2018-02-05 15:09:00,6.7250,6.7250,6.7250,6.7250,220265,100
2018-02-05 15:10:00,6.7250,6.7000,6.7000,6.7250,220474,209
2018-02-05 15:11:00,6.7000,6.7000,6.7000,6.7000,220574,100
2018-02-05 15:12:00,6.7500,6.7000,6.7250,6.7500,223425,2770
2018-02-05 15:13:00,6.7250,6.7250,6.7250,6.7250,223605,100
2018-02-05 15:14:00,6.7500,6.7000,6.7250,6.7500,224205,600
2018-02-05 15:16:00,6.7250,6.7250,6.7250,6.7250,224305,100
2018-02-05 15:17:00,6.7500,6.7500,6.7500,6.7500,224434,100
2018-02-05 15:18:00,6.7250,6.7000,6.7000,6.7250,224634,200
2018-02-05 15:21:00,6.7500,6.7500,6.7500,6.7500,224860,100
2018-02-05 15:22:00,6.7250,6.7000,6.7000,6.7250,225304,400
2018-02-05 15:23:00,6.7500,6.7500,6.7500,6.7500,225476,120
2018-02-05 15:24:00,6.7500,6.7000,6.7250,6.7500,225876,400
2018-02-05 15:25:00,6.7500,6.7500,6.7500,6.7500,226179,200
2018-02-05 15:26:00,6.7500,6.7250,6.7250,6.7500,227664,1135
2018-02-05 15:29:00,6.7750,6.7750,6.7750,6.7750,228006,100
2018-02-05 15:30:00,6.8000,6.8000,6.8000,6.8000,228106,100
2018-02-05 15:31:00,6.8000,6.7750,6.7750,6.8000,228611,500
2018-02-05 15:32:00,6.7500,6.7500,6.7500,6.7500,228711,100
2018-02-05 15:33:00,6.7750,6.7750,6.7750,6.7750,228838,100
2018-02-05 15:34:00,6.8000,6.8000,6.8000,6.8000,228950,101
2018-02-05 15:35:00,6.8000,6.7750,6.8000,6.7750,229450,500
2018-02-05 15:37:00,6.8000,6.7500,6.7750,6.7500,230104,600
2018-02-05 15:39:00,6.8000,6.7750,6.7750,6.8000,230324,200
2018-02-05 15:40:00,6.8000,6.7500,6.8000,6.7750,230786,300
2018-02-05 15:41:00,6.7750,6.7250,6.7500,6.7250,236805,5447
2018-02-05 15:42:00,6.7500,6.7500,6.7500,6.7500,237123,300
2018-02-05 15:43:00,6.7500,6.7250,6.7500,6.7250,238566,1310
2018-02-05 15:44:00,6.7500,6.7500,6.7500,6.7500,238876,300
2018-02-05 15:45:00,6.7500,6.7250,6.7250,6.7500,239220,200
2018-02-05 15:46:00,6.7500,6.7250,6.7250,6.7500,239944,600
2018-02-05 15:48:00,6.7500,6.7500,6.7500,6.7500,240641,400
2018-02-05 15:49:00,6.7500,6.7500,6.7500,6.7500,241332,612
2018-02-05 15:50:00,6.8500,6.7500,6.7500,6.8000,251345,9235
2018-02-05 15:51:00,6.8000,6.7500,6.8000,6.8000,254262,2500
2018-02-05 15:52:00,6.8000,6.7750,6.8000,6.8000,255038,640
2018-02-05 15:53:00,6.8000,6.7750,6.7750,6.8000,255509,300
2018-02-05 15:54:00,6.8000,6.7500,6.7500,6.8000,256337,700
2018-02-05 15:55:00,6.7750,6.7750,6.7750,6.7750,256650,200
2018-02-05 15:56:00,6.7750,6.7750,6.7750,6.7750,257512,600
2018-02-05 15:57:00,6.8000,6.7500,6.7750,6.7750,258381,700
2018-02-05 15:58:00,6.8000,6.7500,6.7750,6.7750,259877,1300
2018-02-05 15:59:00,6.8000,6.7500,6.7500,6.7750,261684,1300
2018-02-05 16:00:00,6.8000,6.5500,6.7750,6.5500,300678,37261
2018-02-06 09:31:00,6.3500,6.3500,6.3500,6.3500,9806,9806
2018-02-06 09:32:00,6.4000,6.3500,6.3500,6.4000,10310,400
2018-02-06 09:33:00,6.4500,6.4500,6.4500,6.4500,12810,2500
2018-02-06 09:34:00,6.5000,6.5000,6.5000,6.5000,13810,1000
2018-02-06 09:35:00,6.5000,6.5000,6.5000,6.5000,14260,300
2018-02-06 09:36:00,6.6000,6.5500,6.5500,6.6000,17733,3115
2018-02-06 09:37:00,6.6000,6.6000,6.6000,6.6000,19033,1300
2018-02-06 09:38:00,6.6500,6.6000,6.6000,6.6500,19823,790
2018-02-06 09:39:00,6.6000,6.6000,6.6000,6.6000,23518,3695
2018-02-06 09:42:00,6.6000,6.6000,6.6000,6.6000,26418,2598
2018-02-06 09:43:00,6.6000,6.6000,6.6000,6.6000,26679,200
2018-02-06 09:47:00,6.7000,6.6000,6.6000,6.7000,30103,3200
2018-02-06 09:49:00,6.6750,6.6750,6.6750,6.6750,30501,300
2018-02-06 09:50:00,6.7000,6.7000,6.7000,6.7000,30613,100
2018-02-06 09:51:00,6.6750,6.6750,6.6750,6.6750,31013,300
2018-02-06 09:53:00,6.7000,6.7000,6.7000,6.7000,31113,100
2018-02-06 09:55:00,6.7500,6.7000,6.7000,6.7500,34096,2200
2018-02-06 09:58:00,6.7500,6.7500,6.7500,6.7500,35696,1600
2018-02-06 09:59:00,6.7250,6.7250,6.7250,6.7250,35896,200
2018-02-06 10:01:00,6.7250,6.7250,6.7250,6.7250,35996,100
2018-02-06 10:05:00,6.7500,6.7500,6.7500,6.7500,36870,800
2018-02-06 10:08:00,6.7547,6.7547,6.7547,6.7547,37014,100
2018-02-06 10:10:00,6.8000,6.8000,6.8000,6.8000,37115,100
2018-02-06 10:11:00,6.8000,6.8000,6.8000,6.8000,37215,100
2018-02-06 10:12:00,6.8500,6.8000,6.8000,6.8500,39623,2106
2018-02-06 10:14:00,6.8500,6.8500,6.8500,6.8500,39959,336
2018-02-06 10:16:00,6.8250,6.8000,6.8000,6.8000,42062,1900
2018-02-06 10:17:00,6.7750,6.7750,6.7750,6.7750,42169,100
2018-02-06 10:18:00,6.8000,6.7750,6.7750,6.8000,42435,200
2018-02-06 10:22:00,6.8000,6.7050,6.7750,6.8000,48760,5656
2018-02-06 10:23:00,6.8000,6.7050,6.7500,6.8000,56411,7500
2018-02-06 10:24:00,6.8000,6.7412,6.7412,6.7500,62511,6100
2018-02-06 10:25:00,6.7500,6.7403,6.7500,6.7500,67734,5200
2018-02-06 10:26:00,6.7500,6.7000,6.7500,6.7000,72834,5000
2018-02-06 10:28:00,6.7750,6.7500,6.7500,6.7750,73979,1000
2018-02-06 10:29:00,6.7500,6.7500,6.7500,6.7500,75534,1555
2018-02-06 10:31:00,6.7500,6.7000,6.7000,6.7500,85336,9108
2018-02-06 10:35:00,6.6500,6.6500,6.6500,6.6500,86009,650
2018-02-06 10:36:00,6.7250,6.7000,6.7000,6.7250,86442,400
2018-02-06 10:37:00,6.7250,6.7000,6.7000,6.7000,87217,700
2018-02-06 10:42:00,6.7000,6.7000,6.7000,6.7000,87445,100
2018-02-06 10:45:00,6.7000,6.7000,6.7000,6.7000,88173,700
2018-02-06 10:47:00,6.7000,6.7000,6.7000,6.7000,89101,900
2018-02-06 10:48:00,6.7500,6.7250,6.7250,6.7500,89666,200
2018-02-06 10:51:00,6.7500,6.7500,6.7500,6.7500,89787,100
2018-02-06 10:53:00,6.7500,6.7500,6.7500,6.7500,90158,200
2018-02-06 10:55:00,6.7500,6.7500,6.7500,6.7500,90363,200
2018-02-06 10:56:00,6.7500,6.7500,6.7500,6.7500,90474,100
2018-02-06 10:59:00,6.7500,6.7500,6.7500,6.7500,90593,100
2018-02-06 11:00:00,6.7500,6.7500,6.7500,6.7500,90883,200
2018-02-06 11:01:00,6.7500,6.7500,6.7500,6.7500,91002,100
2018-02-06 11:03:00,6.7250,6.7000,6.7250,6.7250,91650,500
2018-02-06 11:08:00,6.7500,6.7500,6.7500,6.7500,91875,100
2018-02-06 11:09:00,6.7500,6.7500,6.7500,6.7500,91975,100
2018-02-06 11:13:00,6.7500,6.7500,6.7500,6.7500,92131,100
2018-02-06 11:15:00,6.7500,6.7500,6.7500,6.7500,92351,200
2018-02-06 11:18:00,6.8000,6.7500,6.7500,6.8000,94248,1650
2018-02-06 11:21:00,6.8000,6.7500,6.7500,6.8000,94686,300
2018-02-06 11:22:00,6.8000,6.7500,6.7500,6.8000,95218,500
2018-02-06 11:23:00,6.7750,6.7750,6.7750,6.7750,95733,400
2018-02-06 11:26:00,6.7750,6.7000,6.7500,6.7500,97298,1283
2018-02-06 11:27:00,6.7500,6.7500,6.7500,6.7500,98885,1400
2018-02-06 11:28:00,6.7750,6.7500,6.7500,6.7750,99157,200
2018-02-06 11:30:00,6.7500,6.7500,6.7500,6.7500,100857,1300
2018-02-06 11:32:00,6.7000,6.7000,6.7000,6.7000,101060,203
2018-02-06 11:35:00,6.7000,6.7000,6.7000,6.7000,101160,100
2018-02-06 11:37:00,6.7500,6.7500,6.7500,6.7500,101295,100
2018-02-06 11:38:00,6.7384,6.7250,6.7384,6.7250,101605,300
2018-02-06 11:40:00,6.7500,6.7500,6.7500,6.7500,102406,800
2018-02-06 11:41:00,6.7500,6.7500,6.7500,6.7500,102506,100
2018-02-06 11:44:00,6.7250,6.6950,6.7000,6.7000,106551,3803
2018-02-06 11:54:00,6.7000,6.6750,6.6750,6.7000,108241,1650
2018-02-06 11:56:00,6.7000,6.6500,6.6500,6.7000,112171,3930
2018-02-06 11:57:00,6.7000,6.7000,6.7000,6.7000,112271,100
2018-02-06 12:00:00,6.7000,6.6500,6.6500,6.7000,112771,500
2018-02-06 12:01:00,6.6815,6.6815,6.6815,6.6815,113071,300
2018-02-06 12:03:00,6.7500,6.7000,6.7000,6.7000,117620,4164
2018-02-06 12:05:00,6.7500,6.7500,6.7500,6.7500,117720,100
2018-02-06 12:06:00,6.7500,6.7500,6.7500,6.7500,117820,100
2018-02-06 12:08:00,6.7500,6.7500,6.7500,6.7500,118321,200
2018-02-06 12:09:00,6.8000,6.7500,6.7500,6.8000,118956,435
2018-02-06 12:12:00,6.7500,6.7500,6.7500,6.7500,119156,100
2018-02-06 12:13:00,6.7500,6.7500,6.7500,6.7500,119256,100
2018-02-06 12:14:00,6.7500,6.7500,6.7500,6.7500,119356,100
2018-02-06 12:16:00,6.7500,6.7500,6.7500,6.7500,120257,900
2018-02-06 12:17:00,6.8000,6.7000,6.8000,6.8000,120563,300
2018-02-06 12:20:00,6.8000,6.8000,6.8000,6.8000,120663,100
2018-02-06 12:22:00,6.8000,6.7500,6.8000,6.8000,121163,500
2018-02-06 12:23:00,6.7763,6.7763,6.7763,6.7763,121263,100
2018-02-06 12:26:00,6.8000,6.7750,6.7750,6.8000,121563,300
2018-02-06 12:32:00,6.8000,6.7500,6.8000,6.7500,122787,1200
2018-02-06 12:35:00,6.8500,6.8500,6.8500,6.8500,123687,800
2018-02-06 12:38:00,6.8500,6.8500,6.8500,6.8500,123833,100
2018-02-06 12:39:00,6.8500,6.8500,6.8500,6.8500,124333,500
2018-02-06 12:40:00,6.8500,6.8500,6.8500,6.8500,124633,200
2018-02-06 12:42:00,6.8500,6.8500,6.8500,6.8500,124892,100
2018-02-06 12:44:00,6.9000,6.8500,6.9000,6.8500,125592,700
2018-02-06 12:45:00,6.9000,6.8500,6.9000,6.8750,130575,4900
2018-02-06 12:47:00,6.8500,6.8500,6.8500,6.8500,131075,500
2018-02-06 12:48:00,6.8750,6.8750,6.8750,6.8750,131177,100
2018-02-06 12:50:00,6.9000,6.8750,6.8750,6.9000,131537,200
2018-02-06 12:52:00,6.8750,6.8750,6.8750,6.8750,131642,100
2018-02-06 12:55:00,6.8500,6.8500,6.8500,6.8500,131842,100
2018-02-06 12:56:00,6.9000,6.8750,6.9000,6.8750,133278,1430
2018-02-06 12:58:00,6.8750,6.8750,6.8750,6.8750,133381,100
2018-02-06 12:59:00,6.9000,6.8500,6.9000,6.8500,133640,259
2018-02-06 13:00:00,6.8750,6.8750,6.8750,6.8750,133740,100
2018-02-06 13:01:00,6.9000,6.8750,6.9000,6.8750,134754,914
2018-02-06 13:02:00,6.8750,6.8750,6.8750,6.8750,134854,100
2018-02-06 13:03:00,6.8500,6.8500,6.8500,6.8500,135054,200
2018-02-06 13:04:00,6.9000,6.9000,6.9000,6.9000,135856,800
2018-02-06 13:05:00,6.9000,6.9000,6.9000,6.9000,136050,100
2018-02-06 13:06:00,6.8750,6.8750,6.8750,6.8750,137450,1400
2018-02-06 13:07:00,6.8750,6.8500,6.8500,6.8750,138350,665
2018-02-06 13:08:00,6.8750,6.8750,6.8750,6.8750,138510,160
2018-02-06 13:10:00,6.9000,6.8500,6.8500,6.9000,138710,200
2018-02-06 13:11:00,6.8750,6.8687,6.8687,6.8750,139734,900
2018-02-06 13:17:00,6.9000,6.8750,6.9000,6.8750,140034,300
2018-02-06 13:20:00,6.9000,6.8750,6.9000,6.8750,140334,300
2018-02-06 13:24:00,6.9000,6.8500,6.9000,6.8500,141834,1000
2018-02-06 13:25:00,6.8750,6.8500,6.8500,6.8750,142834,1000
2018-02-06 13:26:00,6.9000,6.8500,6.8500,6.9000,145064,2035
2018-02-06 13:28:00,6.8500,6.8500,6.8500,6.8500,145584,500
2018-02-06 13:29:00,6.8750,6.8500,6.8500,6.8750,145984,400
2018-02-06 13:35:00,6.8500,6.8500,6.8500,6.8500,149248,3050
2018-02-06 13:36:00,6.8250,6.8250,6.8250,6.8250,149448,200
2018-02-06 13:40:00,6.8050,6.8050,6.8050,6.8050,149713,250
2018-02-06 13:44:00,6.8250,6.8250,6.8250,6.8250,149898,185
2018-02-06 13:46:00,6.8250,6.8250,6.8250,6.8250,150058,100
2018-02-06 13:48:00,6.8500,6.8500,6.8500,6.8500,150458,400
2018-02-06 13:50:00,6.8250,6.8000,6.8000,6.8250,151263,800
2018-02-06 13:51:00,6.8250,6.8000,6.8250,6.8000,154663,3300
2018-02-06 13:56:00,6.7750,6.7750,6.7750,6.7750,154763,100
2018-02-06 14:05:00,6.8000,6.8000,6.8000,6.8000,154913,100
2018-02-06 14:11:00,6.8000,6.8000,6.8000,6.8000,155013,100
2018-02-06 14:13:00,6.8000,6.8000,6.8000,6.8000,155113,100
2018-02-06 14:16:00,6.8000,6.7742,6.7742,6.8000,156998,1164
2018-02-06 14:18:00,6.8500,6.8500,6.8500,6.8500,157145,100
2018-02-06 14:20:00,6.8250,6.8000,6.8000,6.8000,157852,492
2018-02-06 14:21:00,6.8500,6.8500,6.8500,6.8500,157952,100
2018-02-06 14:24:00,6.8500,6.8500,6.8500,6.8500,158052,100
2018-02-06 14:26:00,6.8500,6.8500,6.8500,6.8500,158960,895
2018-02-06 14:29:00,6.8500,6.8500,6.8500,6.8500,159060,100
2018-02-06 14:30:00,6.8500,6.8500,6.8500,6.8500,159160,100
2018-02-06 14:31:00,6.8500,6.8500,6.8500,6.8500,159260,100
2018-02-06 14:33:00,6.9000,6.8500,6.8500,6.9000,163480,3851
2018-02-06 14:36:00,6.9000,6.9000,6.9000,6.9000,163596,100
2018-02-06 14:37:00,6.9000,6.8750,6.9000,6.8750,165256,1600
2018-02-06 14:39:00,6.9000,6.9000,6.9000,6.9000,165356,100
2018-02-06 14:40:00,6.9000,6.9000,6.9000,6.9000,165461,100
2018-02-06 14:41:00,6.9000,6.8500,6.8500,6.9000,165780,300
2018-02-06 14:42:00,6.9000,6.8750,6.9000,6.9000,166380,600
2018-02-06 14:45:00,6.9000,6.9000,6.9000,6.9000,166487,100
2018-02-06 14:46:00,6.9000,6.9000,6.9000,6.9000,166687,200
2018-02-06 14:47:00,6.9000,6.8650,6.9000,6.8650,168487,1800
2018-02-06 14:51:00,6.9000,6.9000,6.9000,6.9000,168587,100
2018-02-06 14:52:00,6.9000,6.9000,6.9000,6.9000,168687,100
2018-02-06 14:53:00,6.9000,6.9000,6.9000,6.9000,168787,100
2018-02-06 14:58:00,6.9000,6.9000,6.9000,6.9000,169252,300
2018-02-06 15:00:00,6.9000,6.9000,6.9000,6.9000,169352,100
2018-02-06 15:02:00,6.9000,6.9000,6.9000,6.9000,169979,627
2018-02-06 15:03:00,6.8670,6.8670,6.8670,6.8670,170218,166
2018-02-06 15:05:00,6.9000,6.9000,6.9000,6.9000,170336,100
2018-02-06 15:06:00,6.9000,6.9000,6.9000,6.9000,170636,300
2018-02-06 15:07:00,6.9000,6.8750,6.9000,6.8750,172468,1629
2018-02-06 15:08:00,6.9000,6.9000,6.9000,6.9000,173138,540
2018-02-06 15:09:00,6.9000,6.9000,6.9000,6.9000,173238,100
2018-02-06 15:13:00,6.9000,6.9000,6.9000,6.9000,173438,200
2018-02-06 15:14:00,6.9000,6.9000,6.9000,6.9000,173643,100
2018-02-06 15:16:00,6.9000,6.8500,6.8500,6.9000,173943,300
2018-02-06 15:17:00,6.9500,6.9000,6.9000,6.9250,180527,6133
2018-02-06 15:19:00,6.9250,6.9250,6.9250,6.9250,180968,436
2018-02-06 15:20:00,6.9250,6.9000,6.9250,6.9000,185478,4500
2018-02-06 15:21:00,6.9500,6.9250,6.9250,6.9500,185678,200
2018-02-06 15:23:00,6.9450,6.9450,6.9450,6.9450,187803,2120
2018-02-06 15:25:00,6.9500,6.9250,6.9500,6.9250,188220,417
2018-02-06 15:26:00,6.9250,6.9250,6.9250,6.9250,188579,200
2018-02-06 15:27:00,6.9500,6.9250,6.9250,6.9500,189479,848
2018-02-06 15:28:00,6.9000,6.9000,6.9000,6.9000,189579,100
2018-02-06 15:30:00,6.9500,6.9500,6.9500,6.9500,189687,100
2018-02-06 15:32:00,6.9500,6.9054,6.9054,6.9500,191274,1538
2018-02-06 15:33:00,6.9500,6.9500,6.9500,6.9500,191474,200
2018-02-06 15:36:00,6.9500,6.9500,6.9500,6.9500,191780,100
2018-02-06 15:37:00,6.9500,6.9250,6.9500,6.9250,192080,300
2018-02-06 15:39:00,6.9500,6.9500,6.9500,6.9500,192512,215
2018-02-06 15:41:00,6.9500,6.9500,6.9500,6.9500,192739,200
2018-02-06 15:42:00,6.9500,6.9500,6.9500,6.9500,193439,700
2018-02-06 15:43:00,6.9500,6.9250,6.9250,6.9500,193659,200
2018-02-06 15:44:00,6.9500,6.9500,6.9500,6.9500,193765,100
2018-02-06 15:45:00,6.9500,6.9500,6.9500,6.9500,193869,100
2018-02-06 15:46:00,6.9500,6.9500,6.9500,6.9500,194915,1000
2018-02-06 15:47:00,6.9500,6.9500,6.9500,6.9500,195283,300
2018-02-06 15:48:00,6.9500,6.9250,6.9500,6.9500,195883,559
2018-02-06 15:49:00,6.9500,6.9500,6.9500,6.9500,196283,400
2018-02-06 15:50:00,6.9500,6.9500,6.9500,6.9500,196689,300
2018-02-06 15:51:00,6.9500,6.9250,6.9500,6.9500,197989,1000
2018-02-06 15:52:00,6.9500,6.9000,6.9500,6.9000,199618,1600
2018-02-06 15:53:00,6.9500,6.9250,6.9500,6.9250,199972,300
2018-02-06 15:54:00,6.9500,6.9500,6.9500,6.9500,200272,300
2018-02-06 15:55:00,6.9500,6.9500,6.9500,6.9500,200372,100
2018-02-06 15:56:00,6.9500,6.9250,6.9500,6.9500,202032,1360
2018-02-06 15:57:00,6.9750,6.9500,6.9500,6.9750,206365,3246
2018-02-06 15:58:00,6.9750,6.9500,6.9500,6.9750,211985,5590
2018-02-06 15:59:00,7.0000,6.9750,7.0000,7.0000,213708,1400
2018-02-06 16:00:00,7.0000,6.9500,6.9750,6.9500,219962,4907
2018-02-07 09:31:00,7.0000,7.0000,7.0000,7.0000,1927,1912
2018-02-07 09:32:00,7.0000,7.0000,7.0000,7.0000,3012,1000
2018-02-07 09:34:00,6.9500,6.9500,6.9500,6.9500,3658,600
2018-02-07 09:36:00,6.9500,6.9500,6.9500,6.9500,4942,1100
2018-02-07 09:39:00,6.9500,6.9000,6.9000,6.9500,7538,2486
2018-02-07 09:41:00,6.9188,6.9188,6.9188,6.9188,8537,800
2018-02-07 09:43:00,6.9500,6.9500,6.9500,6.9500,8738,100
2018-02-07 09:44:00,6.9450,6.9450,6.9450,6.9450,9507,737