2018-02-05 09:31:00,8.4500,8.4500,8.4500,8.4500,2453,1849
2018-02-05 09:32:00,8.4500,8.4500,8.4500,8.4500,5832,3378
2018-02-05 09:33:00,8.6000,8.5500,8.5500,8.6000,7428,1500
2018-02-05 09:34:00,8.6500,8.6000,8.6000,8.6000,7928,500
2018-02-05 09:35:00,8.5500,8.5500,8.5500,8.5500,8431,500
2018-02-05 09:36:00,8.5500,8.5500,8.5500,8.5500,8531,100
2018-02-05 09:37:00,8.5500,8.5500,8.5500,8.5500,8631,100
2018-02-05 09:38:00,8.5750,8.5750,8.5750,8.5750,9565,100
2018-02-05 09:39:00,8.6000,8.6000,8.6000,8.6000,9730,100
2018-02-05 09:41:00,8.6000,8.6000,8.6000,8.6000,11230,1500
2018-02-05 09:42:00,8.6000,8.6000,8.6000,8.6000,13730,2500
2018-02-05 09:44:00,8.6000,8.6000,8.6000,8.6000,14530,800
2018-02-05 09:46:00,8.5750,8.5500,8.5750,8.5750,14930,400
2018-02-05 09:47:00,8.5750,8.5750,8.5750,8.5750,15030,100
2018-02-05 09:48:00,8.5500,8.5250,8.5500,8.5250,24359,9224
2018-02-05 09:49:00,8.5250,8.5250,8.5250,8.5250,24559,200
2018-02-05 09:50:00,8.5250,8.5250,8.5250,8.5250,25733,1159
2018-02-05 09:51:00,8.5250,8.5250,8.5250,8.5250,25933,200
2018-02-05 09:52:00,8.5190,8.5000,8.5190,8.5000,34540,8562
2018-02-05 09:56:00,8.5500,8.5500,8.5500,8.5500,40162,5557
2018-02-05 09:58:00,8.5500,8.5500,8.5500,8.5500,41572,1200
2018-02-05 10:01:00,8.5750,8.5500,8.5500,8.5750,42692,1000
2018-02-05 10:02:00,8.5750,8.5500,8.5750,8.5500,43132,440
2018-02-05 10:04:00,8.6000,8.5750,8.6000,8.6000,45432,2200
2018-02-05 10:08:00,8.5750,8.5750,8.5750,8.5750,45798,200
2018-02-05 10:10:00,8.6250,8.6000,8.6000,8.6000,47398,1500
2018-02-05 10:11:00,8.6250,8.6250,8.6250,8.6250,47501,100
2018-02-05 10:12:00,8.6250,8.5500,8.6000,8.6000,50901,3400
2018-02-05 10:14:00,8.6000,8.6000,8.6000,8.6000,52234,1293
2018-02-05 10:17:00,8.5750,8.5750,8.5750,8.5750,52334,100
2018-02-05 10:18:00,8.5750,8.5750,8.5750,8.5750,52734,400
2018-02-05 10:20:00,8.6000,8.6000,8.6000,8.6000,52834,100
2018-02-05 10:21:00,8.5750,8.5750,8.5750,8.5750,52934,100
2018-02-05 10:22:00,8.6000,8.6000,8.6000,8.6000,53034,100
2018-02-05 10:23:00,8.5750,8.5750,8.5750,8.5750,53634,600
2018-02-05 10:25:00,8.6000,8.6000,8.6000,8.6000,53734,100
2018-02-05 10:26:00,8.5500,8.5500,8.5500,8.5500,53834,100
2018-02-05 10:28:00,8.6000,8.5750,8.5750,8.6000,54034,200
2018-02-05 10:29:00,8.6000,8.6000,8.6000,8.6000,54134,100
2018-02-05 10:30:00,8.6000,8.5750,8.5750,8.6000,54634,500
2018-02-05 10:31:00,8.5750,8.5750,8.5750,8.5750,56234,1404
2018-02-05 10:32:00,8.6000,8.5750,8.5750,8.6000,56734,500
2018-02-05 10:33:00,8.6000,8.5750,8.6000,8.5750,57834,1100
2018-02-05 10:35:00,8.6000,8.5250,8.6000,8.5250,61286,3312
2018-02-05 10:36:00,8.5500,8.5250,8.5250,8.5250,62086,800
2018-02-05 10:37:00,8.5750,8.5250,8.5250,8.5750,74779,12279
2018-02-05 10:38:00,8.5750,8.5750,8.5750,8.5750,75479,700
2018-02-05 10:39:00,8.5750,8.5750,8.5750,8.5750,76179,700
2018-02-05 10:40:00,8.6000,8.5750,8.6000,8.5750,77879,1700
2018-02-05 10:41:00,8.5750,8.5750,8.5750,8.5750,78179,300
2018-02-05 10:42:00,8.6250,8.5750,8.5750,8.6250,81120,2841
2018-02-05 10:43:00,8.6250,8.6250,8.6250,8.6250,81520,400
2018-02-05 10:45:00,8.6500,8.6250,8.6250,8.6500,81962,442
2018-02-05 10:46:00,8.6250,8.6250,8.6250,8.6250,82162,200
2018-02-05 10:47:00,8.6750,8.6500,8.6500,8.6500,88068,5270
2018-02-05 10:49:00,8.6250,8.6250,8.6250,8.6250,88298,200
2018-02-05 10:50:00,8.6500,8.6250,8.6250,8.6500,88498,200
2018-02-05 10:52:00,8.6250,8.6250,8.6250,8.6250,89298,800
2018-02-05 10:55:00,8.6500,8.6500,8.6500,8.6500,89498,200
2018-02-05 10:56:00,8.6250,8.6250,8.6250,8.6250,89798,300
2018-02-05 10:57:00,8.6250,8.6250,8.6250,8.6250,89898,100
2018-02-05 10:58:00,8.6250,8.6250,8.6250,8.6250,90298,400
2018-02-05 10:59:00,8.6750,8.6500,8.6500,8.6750,95875,5577
2018-02-05 11:00:00,8.6500,8.6250,8.6500,8.6500,109715,13800
2018-02-05 11:01:00,8.6500,8.6500,8.6500,8.6500,110615,900
2018-02-05 11:02:00,8.6750,8.6750,8.6750,8.6750,111115,500
2018-02-05 11:04:00,8.6500,8.6250,8.6500,8.6250,124717,13533
2018-02-05 11:05:00,8.6250,8.6250,8.6250,8.6250,125517,800
2018-02-05 11:06:00,8.6250,8.6000,8.6000,8.6250,126717,1200
2018-02-05 11:07:00,8.6250,8.6250,8.6250,8.6250,126917,200
2018-02-05 11:08:00,8.6250,8.6000,8.6250,8.6000,127617,700
2018-02-05 11:09:00,8.6250,8.6250,8.6250,8.6250,127817,200
2018-02-05 11:10:00,8.6250,8.6250,8.6250,8.6250,128017,200
2018-02-05 11:11:00,8.6250,8.6250,8.6250,8.6250,128217,200
2018-02-05 11:12:00,8.6250,8.6250,8.6250,8.6250,128717,500
2018-02-05 11:13:00,8.6250,8.6000,8.6000,8.6250,129797,1000
2018-02-05 11:14:00,8.6250,8.6250,8.6250,8.6250,129997,200
2018-02-05 11:15:00,8.6250,8.6250,8.6250,8.6250,130197,200
2018-02-05 11:16:00,8.6250,8.6250,8.6250,8.6250,130497,100
2018-02-05 11:17:00,8.6500,8.6250,8.6250,8.6250,130897,400
2018-02-05 11:18:00,8.6250,8.6000,8.6250,8.6000,131857,800
2018-02-05 11:19:00,8.6250,8.6250,8.6250,8.6250,132157,300
2018-02-05 11:20:00,8.6000,8.6000,8.6000,8.6000,132257,100
2018-02-05 11:21:00,8.6000,8.6000,8.6000,8.6000,135657,3399
2018-02-05 11:22:00,8.6250,8.6000,8.6250,8.6000,136393,700
2018-02-05 11:27:00,8.6500,8.6000,8.6500,8.6000,137643,1200
2018-02-05 11:29:00,8.6000,8.6000,8.6000,8.6000,137943,100
2018-02-05 11:31:00,8.6000,8.6000,8.6000,8.6000,138343,400
2018-02-05 11:32:00,8.6000,8.6000,8.6000,8.6000,138443,100
2018-02-05 11:33:00,8.6000,8.6000,8.6000,8.6000,138543,100
2018-02-05 11:35:00,8.6000,8.5500,8.5500,8.6000,139243,700
2018-02-05 11:36:00,8.6000,8.6000,8.6000,8.6000,139343,100
2018-02-05 11:37:00,8.6500,8.5500,8.5500,8.6250,139843,500
2018-02-05 11:38:00,8.6250,8.6000,8.6000,8.6250,141943,1900
2018-02-05 11:41:00,8.6750,8.6500,8.6500,8.6500,158511,16152
2018-02-05 11:42:00,8.6750,8.6750,8.6750,8.6750,158711,200
2018-02-05 11:43:00,8.6750,8.6750,8.6750,8.6750,159311,600
2018-02-05 11:44:00,8.7000,8.7000,8.7000,8.7000,162150,2737
2018-02-05 11:46:00,8.7000,8.7000,8.7000,8.7000,162450,300
2018-02-05 11:47:00,8.7000,8.7000,8.7000,8.7000,162950,500
2018-02-05 11:48:00,8.6900,8.6900,8.6900,8.6900,164150,1000
2018-02-05 11:50:00,8.7500,8.7500,8.7500,8.7500,164350,100
2018-02-05 11:51:00,8.7500,8.6500,8.7000,8.6500,167447,2950
2018-02-05 11:52:00,8.7000,8.6750,8.6750,8.7000,167747,300
2018-02-05 11:53:00,8.7250,8.6750,8.6750,8.7250,169647,1900
2018-02-05 11:54:00,8.7500,8.7250,8.7250,8.7500,171668,2021
2018-02-05 11:55:00,8.7500,8.7250,8.7250,8.7500,172276,600
2018-02-05 11:56:00,8.7500,8.7250,8.7250,8.7250,173576,1300
2018-02-05 11:57:00,8.7250,8.7250,8.7250,8.7250,174276,700
2018-02-05 11:58:00,8.7750,8.7500,8.7500,8.7750,177613,3200
2018-02-05 11:59:00,8.7750,8.7750,8.7750,8.7750,177713,100
2018-02-05 12:01:00,8.7750,8.7750,8.7750,8.7750,178213,300
2018-02-05 12:02:00,8.7750,8.7750,8.7750,8.7750,178813,600
2018-02-05 12:03:00,8.7750,8.7750,8.7750,8.7750,179013,200
2018-02-05 12:05:00,8.8000,8.7750,8.7750,8.7750,184613,5600
2018-02-05 12:06:00,8.8000,8.7750,8.7750,8.8000,188461,3848
2018-02-05 12:07:00,8.8000,8.7750,8.8000,8.7750,188961,500
2018-02-05 12:08:00,8.8000,8.8000,8.8000,8.8000,189413,400
2018-02-05 12:11:00,8.7750,8.7750,8.7750,8.7750,189613,100
2018-02-05 12:13:00,8.8000,8.7750,8.8000,8.7750,190013,400
2018-02-05 12:14:00,8.8000,8.8000,8.8000,8.8000,190113,100
2018-02-05 12:15:00,8.7750,8.7750,8.7750,8.7750,190313,200
2018-02-05 12:16:00,8.7750,8.7500,8.7750,8.7500,197082,6017
2018-02-05 12:18:00,8.8000,8.7500,8.8000,8.7500,300053,102900
2018-02-05 12:21:00,8.7250,8.7250,8.7250,8.7250,300453,100
2018-02-05 12:22:00,8.7750,8.7500,8.7500,8.7750,335838,34905
2018-02-05 12:23:00,8.7750,8.7750,8.7750,8.7750,336382,374
2018-02-05 12:24:00,8.7750,8.7500,8.7500,8.7750,337062,600
2018-02-05 12:27:00,8.8250,8.8000,8.8000,8.8250,340923,3800
2018-02-05 12:30:00,8.8250,8.8250,8.8250,8.8250,341123,200
2018-02-05 12:31:00,8.8500,8.8000,8.8250,8.8250,342023,900
2018-02-05 12:32:00,8.8500,8.8250,8.8500,8.8500,342389,366
2018-02-05 12:33:00,8.8250,8.8250,8.8250,8.8250,342489,100
2018-02-05 12:34:00,8.8500,8.8500,8.8500,8.8500,342689,100
2018-02-05 12:35:00,8.8500,8.8250,8.8500,8.8250,343201,410
2018-02-05 12:36:00,8.8250,8.8250,8.8250,8.8250,343801,600
2018-02-05 12:37:00,8.8250,8.7500,8.8000,8.7500,366636,22464
2018-02-05 12:38:00,8.7500,8.7500,8.7500,8.7500,367036,400
2018-02-05 12:39:00,8.7500,8.7500,8.7500,8.7500,367336,300
2018-02-05 12:40:00,8.7750,8.7500,8.7750,8.7750,368736,1400
2018-02-05 12:41:00,8.8000,8.7500,8.7500,8.7750,369336,600
2018-02-05 12:42:00,8.8250,8.7500,8.7500,8.8250,381786,11881
2018-02-05 12:43:00,8.8250,8.8250,8.8250,8.8250,381986,200
2018-02-05 12:45:00,8.8750,8.8500,8.8500,8.8750,387259,5269
2018-02-05 12:47:00,8.8750,8.8750,8.8750,8.8750,387659,400
2018-02-05 12:48:00,8.8500,8.8250,8.8500,8.8250,395150,7273
2018-02-05 12:50:00,8.8750,8.8500,8.8500,8.8750,406805,11506
2018-02-05 12:51:00,8.8750,8.8750,8.8750,8.8750,407205,300
2018-02-05 12:52:00,8.8750,8.8750,8.8750,8.8750,407405,200
2018-02-05 12:53:00,8.8750,8.8500,8.8750,8.8750,409705,2300
2018-02-05 12:55:00,8.8750,8.8750,8.8750,8.8750,410105,400
2018-02-05 12:56:00,8.8750,8.8750,8.8750,8.8750,410405,300
2018-02-05 12:57:00,8.8750,8.8750,8.8750,8.8750,410721,300
2018-02-05 12:58:00,8.8750,8.8750,8.8750,8.8750,412821,2100
2018-02-05 12:59:00,8.8750,8.8750,8.8750,8.8750,415821,3000
2018-02-05 13:00:00,8.8750,8.8500,8.8750,8.8750,417641,1800
2018-02-05 13:01:00,8.8750,8.8500,8.8750,8.8500,453308,35035
2018-02-05 13:02:00,8.8500,8.8500,8.8500,8.8500,453508,200
2018-02-05 13:03:00,8.8750,8.8500,8.8500,8.8750,454208,700
2018-02-05 13:04:00,8.9000,8.8500,8.9000,8.8500,455808,1600
2018-02-05 13:05:00,8.8750,8.8500,8.8500,8.8500,466308,10500
2018-02-05 13:06:00,8.8750,8.8500,8.8500,8.8750,466608,200
2018-02-05 13:07:00,8.8820,8.8500,8.8820,8.8500,468008,1400
2018-02-05 13:08:00,8.8750,8.8500,8.8500,8.8500,468908,800
2018-02-05 13:09:00,8.9000,8.8500,8.8500,8.8750,469408,500
2018-02-05 13:10:00,8.8750,8.8500,8.8500,8.8750,480525,11067
2018-02-05 13:11:00,8.8750,8.8500,8.8750,8.8750,481825,1300
2018-02-05 13:12:00,8.8750,8.8500,8.8500,8.8500,482256,400
2018-02-05 13:13:00,8.9000,8.8500,8.8750,8.8750,483437,1100
2018-02-05 13:14:00,8.8750,8.8750,8.8750,8.8750,483737,300
2018-02-05 13:15:00,8.8750,8.8750,8.8750,8.8750,484137,400
2018-02-05 13:16:00,8.9000,8.8500,8.8750,8.8750,488037,3900
2018-02-05 13:17:00,8.9000,8.8500,8.8750,8.8500,493188,4953
2018-02-05 13:18:00,8.8750,8.8250,8.8750,8.8250,497941,4600
2018-02-05 13:19:00,8.8500,8.8250,8.8250,8.8500,502241,4300
2018-02-05 13:20:00,8.8500,8.8500,8.8500,8.8500,502441,200
2018-02-05 13:21:00,8.8500,8.8500,8.8500,8.8500,503390,700
2018-02-05 13:22:00,8.8750,8.8000,8.8500,8.8250,510790,7220
2018-02-05 13:23:00,8.8250,8.8000,8.8000,8.8250,542936,32000
2018-02-05 13:24:00,8.8500,8.8500,8.8500,8.8500,548478,5342
2018-02-05 13:26:00,8.8750,8.8750,8.8750,8.8750,554578,6100
2018-02-05 13:27:00,8.8750,8.8500,8.8750,8.8750,582898,28290
2018-02-05 13:29:00,8.9250,8.9000,8.9000,8.9250,587696,4351
2018-02-05 13:30:00,8.9500,8.9250,8.9250,8.9500,595796,8100
2018-02-05 13:31:00,8.9250,8.9000,8.9250,8.9250,597146,1350
2018-02-05 13:32:00,8.9250,8.9250,8.9250,8.9250,597546,400
2018-02-05 13:33:00,8.9250,8.9250,8.9250,8.9250,597746,200
2018-02-05 13:35:00,8.9250,8.9250,8.9250,8.9250,598046,200
2018-02-05 13:36:00,8.9250,8.9250,8.9250,8.9250,600246,2100
2018-02-05 13:37:00,8.9250,8.9250,8.9250,8.9250,600846,600
2018-02-05 13:38:00,8.9250,8.9250,8.9250,8.9250,611746,10800
2018-02-05 13:39:00,8.9250,8.9250,8.9250,8.9250,612846,1100
2018-02-05 13:40:00,8.9250,8.9250,8.9250,8.9250,613246,400
2018-02-05 13:41:00,8.9500,8.9250,8.9250,8.9250,613746,500
2018-02-05 13:42:00,8.9500,8.9250,8.9250,8.9500,614354,600
2018-02-05 13:43:00,8.9250,8.9250,8.9250,8.9250,615336,900
2018-02-05 13:44:00,8.9500,8.9500,8.9500,8.9500,615436,100
2018-02-05 13:45:00,8.9500,8.9500,8.9500,8.9500,615536,100
2018-02-05 13:46:00,8.9500,8.9500,8.9500,8.9500,615646,100
2018-02-05 13:47:00,8.9500,8.9500,8.9500,8.9500,615746,100
2018-02-05 13:48:00,8.9500,8.9500,8.9500,8.9500,616056,100
2018-02-05 13:49:00,8.9750,8.9250,8.9500,8.9750,635789,19600
2018-02-05 13:50:00,8.9750,8.9750,8.9750,8.9750,643502,7700
2018-02-05 13:51:00,8.9750,8.9750,8.9750,8.9750,644409,800
2018-02-05 13:53:00,8.9750,8.9500,8.9750,8.9750,649634,5018
2018-02-05 13:54:00,8.9750,8.9750,8.9750,8.9750,649743,100
2018-02-05 13:55:00,9.0000,9.0000,9.0000,9.0000,649843,100
2018-02-05 13:56:00,9.0400,8.9750,8.9750,9.0400,663372,13274
2018-02-05 13:57:00,9.0250,9.0250,9.0250,9.0250,667772,4400
2018-02-05 13:58:00,9.0500,9.0250,9.0250,9.0250,679108,11294
2018-02-05 13:59:00,9.0500,9.0250,9.0250,9.0250,687747,8639
2018-02-05 14:00:00,9.1000,9.0250,9.0250,9.0750,704303,15236
2018-02-05 14:01:00,9.1000,9.0000,9.0500,9.0750,720903,15937
2018-02-05 14:02:00,9.0750,9.0500,9.0500,9.0500,733898,12141
2018-02-05 14:03:00,9.0250,9.0250,9.0250,9.0250,734898,1000
2018-02-05 14:04:00,9.0250,9.0250,9.0250,9.0250,734998,100
2018-02-05 14:05:00,9.0250,9.0250,9.0250,9.0250,735392,200
2018-02-05 14:06:00,9.0000,9.0000,9.0000,9.0000,735492,100
2018-02-05 14:07:00,9.0250,9.0000,9.0250,9.0000,736292,800
2018-02-05 14:08:00,9.0250,9.0000,9.0250,9.0000,739492,3200
2018-02-05 14:09:00,9.0250,8.9750,9.0000,9.0000,792508,52326
2018-02-05 14:10:00,9.0000,8.9750,9.0000,9.0000,854412,61900
2018-02-05 14:11:00,8.9750,8.9750,8.9750,8.9750,856712,2300
2018-02-05 14:12:00,9.0000,8.9750,9.0000,8.9750,857112,400
2018-02-05 14:13:00,8.9750,8.9750,8.9750,8.9750,857212,100
2018-02-05 14:14:00,8.9750,8.9750,8.9750,8.9750,858112,900
2018-02-05 14:15:00,8.9750,8.9750,8.9750,8.9750,858712,600
2018-02-05 14:16:00,8.9750,8.9750,8.9750,8.9750,870412,11700
2018-02-05 14:17:00,8.9750,8.9750,8.9750,8.9750,871562,1100
2018-02-05 14:18:00,8.9750,8.9750,8.9750,8.9750,872562,1000
2018-02-05 14:19:00,8.9750,8.9750,8.9750,8.9750,874062,1500
2018-02-05 14:20:00,9.0250,8.9750,8.9750,9.0000,897267,23100
2018-02-05 14:21:00,9.0000,8.9750,8.9750,9.0000,897761,400
2018-02-05 14:22:00,8.9750,8.9750,8.9750,8.9750,898448,600
2018-02-05 14:23:00,9.0000,8.9500,8.9750,9.0000,906745,7884
2018-02-05 14:24:00,8.9750,8.9750,8.9750,8.9750,907145,400
2018-02-05 14:25:00,8.9750,8.9500,8.9750,8.9500,911288,3993
2018-02-05 14:26:00,8.9500,8.9500,8.9500,8.9500,911488,200
2018-02-05 14:29:00,9.0000,8.9000,8.9500,8.9500,912588,1100
2018-02-05 14:30:00,9.0000,9.0000,9.0000,9.0000,912742,100
2018-02-05 14:31:00,8.9500,8.9500,8.9500,8.9500,913142,400
2018-02-05 14:32:00,8.9500,8.9500,8.9500,8.9500,913342,200
2018-02-05 14:33:00,8.9500,8.9500,8.9500,8.9500,913442,100
2018-02-05 14:34:00,8.9500,8.9000,8.9500,8.9500,915742,2200
2018-02-05 14:35:00,8.9500,8.9000,8.9500,8.9500,916077,300
2018-02-05 14:36:00,8.9750,8.9500,8.9500,8.9500,925400,8904
2018-02-05 14:37:00,8.9750,8.9500,8.9750,8.9750,925900,500
2018-02-05 14:38:00,8.9750,8.9750,8.9750,8.9750,926600,700
2018-02-05 14:39:00,9.0000,8.9750,8.9750,9.0000,927826,1226
2018-02-05 14:40:00,8.9750,8.9750,8.9750,8.9750,928526,700
2018-02-05 14:41:00,9.0000,8.9750,8.9750,8.9750,931949,3200
2018-02-05 14:42:00,8.9750,8.9750,8.9750,8.9750,933249,1300
2018-02-05 14:43:00,8.9750,8.9750,8.9750,8.9750,933749,500
2018-02-05 14:44:00,8.9750,8.9500,8.9750,8.9750,938749,5000
2018-02-05 14:45:00,8.9750,8.9750,8.9750,8.9750,940749,2000
2018-02-05 14:46:00,9.0250,8.9750,8.9750,9.0250,972434,31320
2018-02-05 14:48:00,9.0250,9.0000,9.0000,9.0250,973834,1400
2018-02-05 14:49:00,9.0250,9.0250,9.0250,9.0250,974334,500
2018-02-05 14:50:00,9.1000,9.0500,9.0500,9.1000,989944,15517
2018-02-05 14:51:00,9.1000,9.0750,9.1000,9.0750,990544,600
2018-02-05 14:52:00,9.0750,9.0750,9.0750,9.0750,991244,700
2018-02-05 14:53:00,9.1000,9.1000,9.1000,9.1000,991379,100
2018-02-05 14:54:00,9.1250,9.0750,9.1000,9.1250,1047614,56184
2018-02-05 14:55:00,9.2000,9.1250,9.1250,9.2000,1060345,12494
2018-02-05 14:56:00,9.1500,9.1250,9.1500,9.1250,1062655,2300
2018-02-05 14:57:00,9.1250,9.1000,9.1250,9.1000,1063955,1300
2018-02-05 14:58:00,9.1250,9.1250,9.1250,9.1250,1065156,1100
2018-02-05 14:59:00,9.1250,9.0750,9.1250,9.1250,1087710,22332
2018-02-05 15:00:00,9.1500,9.1500,9.1500,9.1500,1087898,188
2018-02-05 15:01:00,9.1250,9.1250,9.1250,9.1250,1088300,400
2018-02-05 15:02:00,9.1500,9.1500,9.1500,9.1500,1088420,100
2018-02-05 15:03:00,9.1500,9.1250,9.1250,9.1500,1088620,200
2018-02-05 15:04:00,9.1750,9.1500,9.1500,9.1750,1100200,11580
2018-02-05 15:05:00,9.1750,9.1000,9.1750,9.1000,1115487,15132
2018-02-05 15:06:00,9.1000,9.0750,9.1000,9.1000,1124912,9400
2018-02-05 15:07:00,9.1000,9.0500,9.1000,9.0500,1127617,2600
2018-02-05 15:08:00,9.1000,9.0500,9.0750,9.1000,1136727,9110
2018-02-05 15:09:00,9.0500,9.0500,9.0500,9.0500,1136827,100
2018-02-05 15:10:00,9.0500,9.0000,9.0500,9.0000,1148481,11475
2018-02-05 15:11:00,8.9750,8.9500,8.9750,8.9500,1151281,2800
2018-02-05 15:12:00,8.9750,8.9000,8.9000,8.9500,1172081,20490
2018-02-05 15:13:00,9.0250,8.9500,8.9500,9.0250,1184042,11861
2018-02-05 15:14:00,9.0250,9.0000,9.0000,9.0250,1185642,1600
2018-02-05 15:15:00,9.0250,8.9750,9.0000,9.0000,1206439,20524
2018-02-05 15:16:00,9.1000,9.0000,9.0000,9.0000,1209589,3100
2018-02-05 15:17:00,9.1000,9.0500,9.0500,9.0750,1211141,1450
2018-02-05 15:18:00,9.1500,9.1000,9.1000,9.1500,1218341,7200
2018-02-05 15:19:00,9.1250,9.0500,9.1000,9.0500,1237247,18280
2018-02-05 15:20:00,9.0750,9.0500,9.0500,9.0750,1238147,900
2018-02-05 15:21:00,9.0272,9.0000,9.0000,9.0000,1244973,6625
2018-02-05 15:22:00,9.0750,9.0000,9.0000,9.0500,1247873,2900
2018-02-05 15:23:00,9.0500,9.0250,9.0500,9.0500,1256933,9060
2018-02-05 15:24:00,9.0750,9.0500,9.0750,9.0750,1263245,6300
2018-02-05 15:25:00,9.0750,9.0500,9.0500,9.0750,1271045,7700
2018-02-05 15:26:00,9.1000,9.0500,9.0750,9.0750,1287190,16100
2018-02-05 15:27:00,9.0750,9.0500,9.0750,9.0750,1298250,10900
2018-02-05 15:28:00,9.1250,9.0500,9.0750,9.1000,1316130,17745
2018-02-05 15:29:00,9.1750,9.1000,9.1000,9.1250,1323569,6940
2018-02-05 15:30:00,9.1250,9.1000,9.1250,9.1250,1325014,1300
2018-02-05 15:31:00,9.1000,9.1000,9.1000,9.1000,1333479,8225
2018-02-05 15:32:00,9.1250,9.0500,9.0500,9.1250,1337997,4300
2018-02-05 15:33:00,9.1750,9.1000,9.1250,9.1500,1358481,20071
2018-02-05 15:34:00,9.1750,9.1500,9.1500,9.1750,1363531,4941
2018-02-05 15:35:00,9.2000,9.1250,9.1500,9.1500,1378225,13826
2018-02-05 15:36:00,9.1500,9.1000,9.1500,9.1250,1393261,14715
2018-02-05 15:37:00,9.1250,9.1000,9.1250,9.1250,1401641,8280
2018-02-05 15:38:00,9.1250,9.0750,9.0750,9.1000,1416855,15022
2018-02-05 15:39:00,9.0500,9.0000,9.0500,9.0000,1423310,6230
2018-02-05 15:40:00,9.0750,9.0000,9.0250,9.0250,1435841,12526
2018-02-05 15:41:00,9.0250,9.0000,9.0000,9.0000,1444266,8400
2018-02-05 15:42:00,9.0500,9.0000,9.0000,9.0250,1460024,15201
2018-02-05 15:43:00,9.0750,9.0000,9.0500,9.0250,1479671,19236
2018-02-05 15:44:00,9.0250,9.0000,9.0250,9.0250,1481545,1800
2018-02-05 15:45:00,9.0250,9.0000,9.0250,9.0000,1483455,1900
2018-02-05 15:46:00,9.0250,9.0000,9.0000,9.0250,1493255,9800
2018-02-05 15:47:00,9.0250,9.0000,9.0000,9.0250,1496105,2800
2018-02-05 15:48:00,9.0250,9.0000,9.0000,9.0250,1499805,3700
2018-02-05 15:49:00,9.0250,9.0000,9.0000,9.0250,1503205,3400
2018-02-05 15:50:00,9.0250,9.0000,9.0000,9.0000,1512105,8900
2018-02-05 15:51:00,9.0250,8.9500,9.0000,9.0000,1560628,48074
2018-02-05 15:52:00,9.0000,8.9750,8.9750,9.0000,1560828,200
2018-02-05 15:53:00,9.0000,8.9500,8.9750,9.0000,1566298,5370
2018-02-05 15:54:00,9.0000,8.9500,8.9750,9.0000,1580157,13270
2018-02-05 15:55:00,9.0250,8.9750,9.0000,9.0000,1588439,7713
2018-02-05 15:56:00,9.0250,8.9750,9.0000,9.0250,1600987,11929
2018-02-05 15:57:00,9.0500,9.0000,9.0000,9.0250,1613138,11913
2018-02-05 15:58:00,9.0500,9.0000,9.0000,9.0250,1634371,20900
2018-02-05 15:59:00,9.0500,9.0000,9.0250,9.0500,1649397,14640
2018-02-05 16:00:00,9.0500,9.0000,9.0250,9.0000,1688035,36617
2018-02-06 09:31:00,9.1000,8.7000,8.7000,9.1000,13155,12948
2018-02-06 09:32:00,9.2000,9.0500,9.0500,9.2000,58389,44717
2018-02-06 09:33:00,9.1500,9.0500,9.1000,9.1500,67790,9320
2018-02-06 09:34:00,9.2500,9.1500,9.1500,9.2500,83690,15800
2018-02-06 09:35:00,9.2880,9.2500,9.2500,9.2500,88090,4400
2018-02-06 09:36:00,9.3250,9.2500,9.2500,9.2500,93794,5296
2018-02-06 09:37:00,9.3500,9.3000,9.3000,9.3500,94963,1069
2018-02-06 09:38:00,9.5000,9.3500,9.3500,9.4500,103263,8300
2018-02-06 09:39:00,9.4500,9.4500,9.4500,9.4500,105463,2105
2018-02-06 09:40:00,9.6000,9.4500,9.4500,9.6000,113728,7824
2018-02-06 09:41:00,9.6500,9.5500,9.6000,9.6500,133441,18833
2018-02-06 09:42:00,9.8000,9.6500,9.7000,9.7000,145743,11464
2018-02-06 09:43:00,9.8000,9.7000,9.7000,9.7500,168801,22841
2018-02-06 09:44:00,9.8250,9.7500,9.7500,9.8000,171085,2284
2018-02-06 09:45:00,9.8000,9.7500,9.8000,9.8000,176912,5707
2018-02-06 09:46:00,9.8000,9.7500,9.8000,9.8000,186064,8804
2018-02-06 09:47:00,9.8500,9.8000,9.8000,9.8500,186982,900
2018-02-06 09:49:00,9.8000,9.7500,9.8000,9.7500,196721,9401
2018-02-06 09:50:00,9.7000,9.6500,9.7000,9.7000,198435,1700
2018-02-06 09:51:00,9.7500,9.7000,9.7000,9.7500,202405,3771
2018-02-06 09:52:00,9.7500,9.7500,9.7500,9.7500,203105,700
2018-02-06 09:53:00,9.8000,9.7500,9.7500,9.7500,207919,4466
2018-02-06 09:54:00,9.8500,9.7750,9.8000,9.8500,225221,13841
2018-02-06 09:55:00,9.8500,9.8250,9.8500,9.8500,228491,2950
2018-02-06 09:56:00,9.9000,9.8500,9.8500,9.8500,234777,6286
2018-02-06 09:57:00,9.9500,9.8750,9.8750,9.9000,245706,10828
2018-02-06 09:58:00,9.9500,9.8500,9.9500,9.9500,250712,4822
2018-02-06 09:59:00,9.9000,9.9000,9.9000,9.9000,252813,2100
2018-02-06 10:00:00,9.9000,9.8750,9.9000,9.9000,254498,1500
2018-02-06 10:01:00,9.9000,9.9000,9.9000,9.9000,265469,10971
2018-02-06 10:02:00,9.9000,9.8000,9.9000,9.8000,269146,3391
2018-02-06 10:03:00,9.8500,9.8500,9.8500,9.8500,269366,200
2018-02-06 10:04:00,9.9000,9.9000,9.9000,9.9000,272611,2966
2018-02-06 10:05:00,9.8500,9.8500,9.8500,9.8500,272711,100
2018-02-06 10:06:00,9.9000,9.8500,9.9000,9.8500,277757,4471
2018-02-06 10:07:00,9.9000,9.8500,9.8500,9.8500,286291,8126
2018-02-06 10:08:00,9.8000,9.8000,9.8000,9.8000,286991,600
2018-02-06 10:09:00,9.8000,9.7500,9.8000,9.7500,290374,3200
2018-02-06 10:10:00,9.8000,9.8000,9.8000,9.8000,294288,3800
2018-02-06 10:11:00,9.8500,9.8000,9.8200,9.8250,300224,5525
2018-02-06 10:13:00,9.8000,9.7500,9.8000,9.7500,302624,2400
2018-02-06 10:15:00,9.7750,9.7500,9.7750,9.7500,304663,2000
2018-02-06 10:16:00,9.7500,9.7500,9.7500,9.7500,305995,1300
2018-02-06 10:17:00,9.7000,9.6000,9.7000,9.6500,313315,7200
2018-02-06 10:18:00,9.6000,9.5500,9.6000,9.5500,315316,2000
2018-02-06 10:19:00,9.6500,9.5500,9.6000,9.6500,329012,13490
2018-02-06 10:20:00,9.6750,9.6500,9.6500,9.6500,343115,13847
2018-02-06 10:21:00,9.7000,9.6500,9.6500,9.7000,344519,1100
2018-02-06 10:22:00,9.7000,9.7000,9.7000,9.7000,344619,100
2018-02-06 10:23:00,9.6750,9.6500,9.6500,9.6750,346148,1141
2018-02-06 10:24:00,9.6500,9.6250,9.6500,9.6500,347789,1641
2018-02-06 10:25:00,9.6500,9.6000,9.6000,9.6500,357989,9999
2018-02-06 10:26:00,9.7000,9.6500,9.6500,9.7000,361101,3112
2018-02-06 10:27:00,9.7000,9.6750,9.7000,9.6750,377801,16639
2018-02-06 10:28:00,9.6500,9.6500,9.6500,9.6500,378601,700
2018-02-06 10:29:00,9.7000,9.6500,9.7000,9.6500,381481,2700
2018-02-06 10:30:00,9.6500,9.6500,9.6500,9.6500,382232,700
2018-02-06 10:32:00,9.6500,9.6500,9.6500,9.6500,383332,1100
2018-02-06 10:33:00,9.6500,9.6500,9.6500,9.6500,383504,120
2018-02-06 10:34:00,9.6500,9.6500,9.6500,9.6500,383604,100
2018-02-06 10:36:00,9.6500,9.6250,9.6250,9.6500,384329,700
2018-02-06 10:37:00,9.7000,9.6500,9.6500,9.6500,385877,1225
2018-02-06 10:38:00,9.7500,9.6500,9.6500,9.7000,398820,11061
2018-02-06 10:39:00,9.7000,9.6750,9.6750,9.7000,400130,1210
2018-02-06 10:40:00,9.7500,9.7000,9.7000,9.7500,403230,3010
2018-02-06 10:41:00,9.8000,9.7500,9.7500,9.8000,408030,4316
2018-02-06 10:42:00,9.8000,9.7500,9.8000,9.7500,434168,25978
2018-02-06 10:43:00,9.8000,9.7250,9.7250,9.7500,438306,4000
2018-02-06 10:44:00,9.7250,9.7000,9.7000,9.7250,441001,2428
2018-02-06 10:45:00,9.8000,9.7250,9.7250,9.8000,463989,22325
2018-02-06 10:46:00,9.8250,9.8000,9.8000,9.8000,465414,1400
2018-02-06 10:47:00,9.8250,9.7750,9.8000,9.8250,472181,6347
2018-02-06 10:48:00,9.8000,9.8000,9.8000,9.8000,476875,4547
2018-02-06 10:49:00,9.8000,9.8000,9.8000,9.8000,476975,100
2018-02-06 10:50:00,9.8250,9.8000,9.8000,9.8250,477677,700
2018-02-06 10:51:00,9.8000,9.7512,9.8000,9.7512,478076,300
2018-02-06 10:52:00,9.8500,9.8500,9.8500,9.8500,479732,1500
2018-02-06 10:53:00,9.9500,9.8500,9.8500,9.9000,488267,8107
2018-02-06 10:54:00,9.8750,9.8750,9.8750,9.8750,488916,600
2018-02-06 10:55:00,9.9000,9.9000,9.9000,9.9000,490016,1000
2018-02-06 10:56:00,9.9000,9.9000,9.9000,9.9000,490216,200
2018-02-06 10:57:00,9.8750,9.8750,9.8750,9.8750,491066,700
2018-02-06 10:58:00,9.8500,9.8000,9.8500,9.8000,497173,6107
2018-02-06 10:59:00,9.8000,9.8000,9.8000,9.8000,499573,2400
2018-02-06 11:01:00,9.8000,9.8000,9.8000,9.8000,505148,4811
2018-02-06 11:02:00,9.8500,9.8500,9.8500,9.8500,505888,500
2018-02-06 11:03:00,9.9500,9.8500,9.9000,9.9500,512406,6147
2018-02-06 11:04:00,9.9500,9.9000,9.9000,9.9500,515301,2700
2018-02-06 11:05:00,9.9500,9.9500,9.9500,9.9500,522342,6900
2018-02-06 11:06:00,10.0500,10.0000,10.0000,10.0250,527268,4453
2018-02-06 11:07:00,10.0000,10.0000,10.0000,10.0000,529468,2200
2018-02-06 11:08:00,10.0500,10.0000,10.0000,10.0000,537250,7415
2018-02-06 11:09:00,10.0250,10.0000,10.0000,10.0000,540200,2850
2018-02-06 11:10:00,10.0000,9.9500,9.9500,10.0000,548011,7522
2018-02-06 11:11:00,10.0250,10.0000,10.0000,10.0250,548811,700
2018-02-06 11:12:00,10.0500,10.0000,10.0000,10.0500,553508,4432
2018-02-06 11:13:00,10.1000,10.0250,10.0500,10.0250,558625,5000
2018-02-06 11:14:00,10.0500,10.0000,10.0000,10.0000,565272,6400
2018-02-06 11:15:00,10.0500,10.0000,10.0000,10.0500,568680,2700
2018-02-06 11:16:00,10.1250,10.0500,10.0500,10.1000,578388,9300
2018-02-06 11:17:00,10.1500,10.1000,10.1000,10.1500,586316,6385
2018-02-06 11:18:00,10.2000,10.1000,10.1500,10.1500,594051,6574
2018-02-06 11:19:00,10.1500,10.1000,10.1000,10.1500,605883,10307
2018-02-06 11:20:00,10.2000,10.1500,10.1500,10.1500,607121,700
2018-02-06 11:21:00,10.2000,10.1000,10.1500,10.1500,611471,3900
2018-02-06 11:22:00,10.2500,10.1500,10.1500,10.2000,619945,7755
2018-02-06 11:23:00,10.2000,10.2000,10.2000,10.2000,621384,1321
2018-02-06 11:24:00,10.2000,10.1500,10.2000,10.2000,625175,3321
2018-02-06 11:25:00,10.1500,10.1250,10.1500,10.1250,627682,2466
2018-02-06 11:26:00,10.1250,10.1000,10.1250,10.1250,649860,21978
2018-02-06 11:27:00,10.2000,10.1000,10.1000,10.1750,653160,3100
2018-02-06 11:28:00,10.1750,10.1250,10.1500,10.1750,656535,3375
2018-02-06 11:29:00,10.1500,10.1500,10.1500,10.1500,659935,3359
2018-02-06 11:30:00,10.2000,10.1500,10.2000,10.2000,662035,2100
2018-02-06 11:31:00,10.2000,10.1500,10.1500,10.1500,662776,700
2018-02-06 11:32:00,10.1750,10.1000,10.1750,10.1500,666753,3700
2018-02-06 11:33:00,10.2000,10.1250,10.1250,10.1750,672226,4777
2018-02-06 11:34:00,10.1750,10.1500,10.1500,10.1750,680072,6723
2018-02-06 11:35:00,10.2750,10.1500,10.1750,10.2750,710829,28803
2018-02-06 11:36:00,10.3000,10.2000,10.2000,10.2500,718314,6680
2018-02-06 11:37:00,10.2500,10.2250,10.2500,10.2500,720314,1800
2018-02-06 11:38:00,10.2500,10.2250,10.2500,10.2250,723611,3000
2018-02-06 11:39:00,10.2750,10.2500,10.2500,10.2750,732188,8456
2018-02-06 11:40:00,10.2750,10.2500,10.2500,10.2750,738792,6565
2018-02-06 11:41:00,10.3250,10.2500,10.2750,10.3250,750063,10659
2018-02-06 11:42:00,10.3500,10.2500,10.3000,10.3500,764371,13464
2018-02-06 11:43:00,10.3500,10.3000,10.3000,10.3500,773256,7700
2018-02-06 11:44:00,10.4000,10.3500,10.3750,10.4000,780179,6188
2018-02-06 11:45:00,10.3750,10.3500,10.3500,10.3500,786991,6371
2018-02-06 11:46:00,10.3500,10.3000,10.3198,10.3500,796850,9450
2018-02-06 11:47:00,10.3750,10.3500,10.3500,10.3500,825437,26866
2018-02-06 11:48:00,10.3500,10.3500,10.3500,10.3500,836237,10800
2018-02-06 11:49:00,10.4000,10.3500,10.3500,10.4000,851409,13390
2018-02-06 11:50:00,10.4500,10.3880,10.3880,10.4250,862886,10900
2018-02-06 11:51:00,10.5000,10.4000,10.4000,10.5000,872514,8282
2018-02-06 11:52:00,10.4500,10.3750,10.4500,10.4500,908859,35008
2018-02-06 11:53:00,10.4500,10.4500,10.4500,10.4500,910324,1400
2018-02-06 11:54:00,10.4500,10.4000,10.4500,10.4250,918387,7700
2018-02-06 11:55:00,10.4000,10.3750,10.4000,10.3750,922108,3700
2018-02-06 11:56:00,10.3750,10.3500,10.3750,10.3500,930208,7900
2018-02-06 11:57:00,10.3500,10.2750,10.3500,10.2750,934433,4200
2018-02-06 11:58:00,10.2500,10.1750,10.2500,10.2000,943489,8888
2018-02-06 11:59:00,10.1500,10.1500,10.1500,10.1500,943589,100
2018-02-06 12:00:00,10.2000,10.1500,10.2000,10.1500,945589,1900
2018-02-06 12:01:00,10.1500,10.1000,10.1500,10.1000,945793,200
2018-02-06 12:02:00,10.2000,10.1000,10.1500,10.2000,948393,2600
2018-02-06 12:03:00,10.2000,10.2000,10.2000,10.2000,948593,200
2018-02-06 12:04:00,10.1750,10.1500,10.1500,10.1500,955229,6600
2018-02-06 12:05:00,10.1000,10.1000,10.1000,10.1000,955329,100
2018-02-06 12:06:00,10.2000,10.0700,10.1000,10.2000,968583,12869
2018-02-06 12:07:00,10.2750,10.2000,10.2500,10.2750,972746,3800
2018-02-06 12:08:00,10.3500,10.2500,10.2500,10.3000,985747,12588
2018-02-06 12:09:00,10.3000,10.3000,10.3000,10.3000,987864,2013
2018-02-06 12:10:00,10.3000,10.3000,10.3000,10.3000,994196,6100
2018-02-06 12:11:00,10.3000,10.3000,10.3000,10.3000,1001439,7002
2018-02-06 12:12:00,10.3000,10.2750,10.2750,10.2750,1008589,6984
2018-02-06 12:13:00,10.2750,10.2750,10.2750,10.2750,1008894,300
2018-02-06 12:14:00,10.3500,10.3000,10.3000,10.3000,1018133,8733
2018-02-06 12:15:00,10.3500,10.3250,10.3500,10.3250,1023076,3900
2018-02-06 12:16:00,10.3500,10.3250,10.3250,10.3250,1035455,11441
2018-02-06 12:17:00,10.3500,10.3250,10.3500,10.3250,1045788,9800
2018-02-06 12:18:00,10.3500,10.3250,10.3250,10.3500,1047171,1343
2018-02-06 12:19:00,10.3500,10.3500,10.3500,10.3500,1056809,8610
2018-02-06 12:20:00,10.4000,10.3500,10.3500,10.3750,1059027,2000
2018-02-06 12:21:00,10.4000,10.3750,10.4000,10.4000,1072485,12954
2018-02-06 12:22:00,10.4000,10.3750,10.4000,10.4000,1082812,9718
2018-02-06 12:23:00,10.4500,10.4000,10.4500,10.4000,1088226,5271
2018-02-06 12:24:00,10.4500,10.4000,10.4000,10.4000,1097873,9070
2018-02-06 12:25:00,10.4500,10.4000,10.4500,10.4000,1105543,7600
2018-02-06 12:26:00,10.4000,10.4000,10.4000,10.4000,1108766,2973
2018-02-06 12:27:00,10.4250,10.4000,10.4000,10.4250,1115225,6219
2018-02-06 12:28:00,10.4250,10.4250,10.4250,10.4250,1115715,400
2018-02-06 12:29:00,10.4500,10.4250,10.4250,10.4250,1118015,2300
2018-02-06 12:30:00,10.4500,10.4250,10.4500,10.4500,1139541,21324
2018-02-06 12:31:00,10.5000,10.4750,10.5000,10.4750,1144308,4029
2018-02-06 12:32:00,10.5500,10.4500,10.4750,10.5000,1164946,20134
2018-02-06 12:33:00,10.4750,10.4750,10.4750,10.4750,1167408,2459
2018-02-06 12:34:00,10.4500,10.4050,10.4500,10.4250,1174072,6551
2018-02-06 12:35:00,10.4000,10.3750,10.4000,10.4000,1195937,21601
2018-02-06 12:36:00,10.4000,10.4000,10.4000,10.4000,1199937,3949
2018-02-06 12:38:00,10.3750,10.3750,10.3750,10.3750,1200124,100
2018-02-06 12:39:00,10.4000,10.4000,10.4000,10.4000,1201024,900
2018-02-06 12:40:00,10.4500,10.3500,10.4500,10.3500,1201424,400
2018-02-06 12:41:00,10.4000,10.4000,10.4000,10.4000,1201624,100
2018-02-06 12:43:00,10.3500,10.3500,10.3500,10.3500,1201724,100
2018-02-06 12:44:00,10.3500,10.2750,10.3500,10.3000,1219581,17408
2018-02-06 12:47:00,10.3010,10.3010,10.3010,10.3010,1219819,100
2018-02-06 12:48:00,10.3500,10.3000,10.3000,10.3500,1220181,300
2018-02-06 12:49:00,10.3000,10.3000,10.3000,10.3000,1220381,200
2018-02-06 12:51:00,10.4000,10.3000,10.3500,10.4000,1257222,36528
2018-02-06 12:52:00,10.4000,10.4000,10.4000,10.4000,1259722,2500
2018-02-06 12:53:00,10.4000,10.4000,10.4000,10.4000,1260122,400
2018-02-06 12:54:00,10.4000,10.3500,10.3500,10.4000,1260534,400
2018-02-06 12:55:00,10.3500,10.3500,10.3500,10.3500,1260634,100
2018-02-06 12:56:00,10.5000,10.4000,10.4000,10.5000,1353241,92365
2018-02-06 12:57:00,10.5000,10.4500,10.5000,10.5000,1361141,7826
2018-02-06 12:58:00,10.5000,10.4750,10.5000,10.4750,1365441,4300
2018-02-06 12:59:00,10.5000,10.4750,10.5000,10.5000,1389312,23871
2018-02-06 13:00:00,10.5000,10.5000,10.5000,10.5000,1389414,100
2018-02-06 13:01:00,10.5000,10.4500,10.5000,10.4500,1392502,3000
2018-02-06 13:02:00,10.4500,10.4500,10.4500,10.4500,1394602,1930
2018-02-06 13:03:00,10.4750,10.4500,10.4750,10.4500,1395002,400
2018-02-06 13:05:00,10.4500,10.4500,10.4500,10.4500,1397802,2544
2018-02-06 13:06:00,10.4500,10.4500,10.4500,10.4500,1401058,3256
2018-02-06 13:07:00,10.4500,10.4250,10.4500,10.4250,1402458,1335
2018-02-06 13:08:00,10.4500,10.4500,10.4500,10.4500,1404134,1535
2018-02-06 13:09:00,10.4500,10.4500,10.4500,10.4500,1404434,300
2018-02-06 13:10:00,10.4500,10.4500,10.4500,10.4500,1406534,2100
2018-02-06 13:11:00,10.4500,10.4500,10.4500,10.4500,1408704,1835
2018-02-06 13:12:00,10.5000,10.5000,10.5000,10.5000,1416778,8074
2018-02-06 13:13:00,10.5000,10.5000,10.5000,10.5000,1417007,100
2018-02-06 13:14:00,10.5500,10.5000,10.5000,10.5500,1419807,2700
2018-02-06 13:15:00,10.5500,10.5250,10.5500,10.5250,1420447,500
2018-02-06 13:16:00,10.5500,10.5250,10.5250,10.5250,1421147,700
2018-02-06 13:17:00,10.5250,10.5250,10.5250,10.5250,1421447,300
2018-02-06 13:18:00,10.5500,10.5250,10.5250,10.5500,1443954,22481
2018-02-06 13:19:00,10.5500,10.5500,10.5500,10.5500,1447054,3100
2018-02-06 13:20:00,10.5500,10.5250,10.5500,10.5500,1448594,1500
2018-02-06 13:21:00,10.5500,10.5000,10.5500,10.5000,1464464,15500
2018-02-06 13:22:00,10.5500,10.5000,10.5000,10.5250,1468495,4000
2018-02-06 13:23:00,10.6000,10.5250,10.5500,10.5500,1478150,9100
2018-02-06 13:24:00,10.6000,10.5500,10.5500,10.5750,1493962,15600
2018-02-06 13:25:00,10.6500,10.5750,10.5750,10.6250,1507323,12978
2018-02-06 13:26:00,10.6500,10.6250,10.6500,10.6250,1514765,5953
2018-02-06 13:27:00,10.6500,10.6500,10.6500,10.6500,1515007,200
2018-02-06 13:28:00,10.6500,10.6500,10.6500,10.6500,1515207,200
2018-02-06 13:29:00,10.6500,10.6500,10.6500,10.6500,1516648,934
2018-02-06 13:30:00,10.6500,10.6500,10.6500,10.6500,1536034,18400
2018-02-06 13:31:00,10.6500,10.6250,10.6250,10.6500,1541138,4798
2018-02-06 13:32:00,10.6250,10.6250,10.6250,10.6250,1541338,200
2018-02-06 13:33:00,10.7000,10.6500,10.6500,10.7000,1552972,10890
2018-02-06 13:34:00,10.7250,10.7000,10.7000,10.7000,1555003,1900
2018-02-06 13:35:00,10.7000,10.7000,10.7000,10.7000,1555231,200
2018-02-06 13:36:00,10.7000,10.6750,10.6750,10.7000,1555481,250
2018-02-06 13:37:00,10.7500,10.7000,10.7000,10.7250,1559711,3777
2018-02-06 13:38:00,10.7500,10.7250,10.7500,10.7250,1560504,550
2018-02-06 13:39:00,10.7500,10.7250,10.7250,10.7500,1560903,300
2018-02-06 13:40:00,10.7250,10.7000,10.7250,10.7000,1570077,9074
2018-02-06 13:41:00,10.7250,10.7000,10.7250,10.7250,1572734,2500
2018-02-06 13:42:00,10.7500,10.7000,10.7250,10.7500,1582352,8905
2018-02-06 13:43:00,10.8000,10.7750,10.7750,10.7750,1584058,1500
2018-02-06 13:45:00,10.8000,10.7500,10.7500,10.8000,1588007,3283
2018-02-06 13:46:00,10.9000,10.7500,10.8000,10.9000,1600429,10742
2018-02-06 13:47:00,10.9000,10.8000,10.9000,10.8500,1618640,16566
2018-02-06 13:48:00,10.8500,10.8000,10.8250,10.8500,1631360,11568
2018-02-06 13:49:00,10.8500,10.7750,10.8500,10.8500,1664861,31185
2018-02-06 13:50:00,10.8500,10.8000,10.8500,10.8000,1673639,8160
2018-02-06 13:51:00,10.8000,10.7050,10.8000,10.7500,1680091,6300
2018-02-06 13:52:00,10.7500,10.7500,10.7500,10.7500,1681591,1500
2018-02-06 13:53:00,10.7250,10.7250,10.7250,10.7250,1682026,300
2018-02-06 13:54:00,10.7250,10.6380,10.7250,10.6500,1684085,1807
2018-02-06 13:55:00,10.6500,10.6500,10.6500,10.6500,1685585,1466
2018-02-06 13:56:00,10.6500,10.6000,10.6000,10.6500,1685785,200
2018-02-06 13:57:00,10.6250,10.5500,10.6250,10.5500,1724317,38178
2018-02-06 13:58:00,10.5500,10.5000,10.5500,10.5500,1725758,1341
2018-02-06 13:59:00,10.6000,10.5000,10.5500,10.6000,1726514,732
2018-02-06 14:00:00,10.5500,10.5000,10.5500,10.5250,1729680,2775
2018-02-06 14:01:00,10.5250,10.5000,10.5250,10.5250,1730180,500
2018-02-06 14:02:00,10.5000,10.5000,10.5000,10.5000,1730380,200
2018-02-06 14:03:00,10.5250,10.5000,10.5000,10.5250,1730855,200
2018-02-06 14:04:00,10.5250,10.5250,10.5250,10.5250,1732035,1100
2018-02-06 14:05:00,10.5250,10.5000,10.5000,10.5000,1743296,11147
2018-02-06 14:06:00,10.5000,10.4550,10.5000,10.4550,1744024,700
2018-02-06 14:07:00,10.4743,10.4650,10.4650,10.4743,1745624,1500
2018-02-06 14:08:00,10.4500,10.4500,10.4500,10.4500,1754385,8592
2018-02-06 14:09:00,10.4413,10.4250,10.4413,10.4250,1756655,2200
2018-02-06 14:10:00,10.4000,10.4000,10.4000,10.4000,1758463,1700
2018-02-06 14:11:00,10.4250,10.4000,10.4000,10.4250,1758847,300
2018-02-06 14:12:00,10.4500,10.4250,10.4500,10.4500,1767178,8191
2018-02-06 14:16:00,10.4000,10.3750,10.4000,10.3750,1782970,15369
2018-02-06 14:17:00,10.4000,10.3750,10.3750,10.4000,1783770,800
2018-02-06 14:18:00,10.3750,10.3500,10.3750,10.3750,1784580,700
2018-02-06 14:19:00,10.3750,10.3750,10.3750,10.3750,1784680,100
2018-02-06 14:20:00,10.4000,10.4000,10.4000,10.4000,1784986,300
2018-02-06 14:21:00,10.4000,10.3750,10.3750,10.4000,1785286,300
2018-02-06 14:23:00,10.4500,10.4000,10.4000,10.4500,1795438,9900
2018-02-06 14:24:00,10.4500,10.4250,10.4500,10.4250,1796059,600
2018-02-06 14:25:00,10.4250,10.4250,10.4250,10.4250,1796159,100
2018-02-06 14:26:00,10.4500,10.4250,10.4250,10.4500,1796359,200
2018-02-06 14:27:00,10.4500,10.4250,10.4500,10.4500,1796891,500
2018-02-06 14:28:00,10.5000,10.4500,10.4500,10.5000,1799468,2016
2018-02-06 14:29:00,10.5250,10.5000,10.5000,10.5000,1803106,3583
2018-02-06 14:30:00,10.5000,10.4791,10.5000,10.5000,1812428,9268
2018-02-06 14:31:00,10.5000,10.5000,10.5000,10.5000,1814531,1990
2018-02-06 14:33:00,10.5000,10.5000,10.5000,10.5000,1815231,700
2018-02-06 14:34:00,10.5000,10.5000,10.5000,10.5000,1823171,7645
2018-02-06 14:35:00,10.5000,10.4750,10.5000,10.5000,1826776,3600
2018-02-06 14:36:00,10.5500,10.5293,10.5293,10.5500,1835547,8506
2018-02-06 14:37:00,10.5250,10.5000,10.5250,10.5000,1840490,4941
2018-02-06 14:42:00,10.6000,10.5000,10.5000,10.6000,1851230,10336
2018-02-06 14:44:00,10.6000,10.5500,10.5500,10.5500,1851943,700
2018-02-06 14:46:00,10.5500,10.5000,10.5500,10.5000,1852443,400
2018-02-06 14:47:00,10.5750,10.5250,10.5500,10.5500,1856566,4000
2018-02-06 14:48:00,10.6000,10.5500,10.5500,10.6000,1874173,17053
2018-02-06 14:49:00,10.6250,10.6000,10.6000,10.6000,1883365,9078
2018-02-06 14:50:00,10.6000,10.5750,10.6000,10.6000,1889365,5900
2018-02-06 14:51:00,10.6000,10.5500,10.6000,10.5500,1894734,5331
2018-02-06 14:53:00,10.5500,10.5250,10.5500,10.5500,1897034,2300
2018-02-06 14:54:00,10.5246,10.5246,10.5246,10.5246,1897334,300
2018-02-06 14:55:00,10.6000,10.5500,10.5500,10.5500,1905316,7900
2018-02-06 14:56:00,10.5750,10.5750,10.5750,10.5750,1905516,100
2018-02-06 14:57:00,10.6000,10.5500,10.6000,10.5500,1911756,5924
2018-02-06 14:58:00,10.5500,10.5500,10.5500,10.5500,1912556,700
2018-02-06 14:59:00,10.6000,10.5500,10.5500,10.6000,1922051,8500
2018-02-06 15:00:00,10.6500,10.6000,10.6000,10.6500,1930440,7963
2018-02-06 15:01:00,10.7000,10.6500,10.7000,10.7000,1937319,6300
2018-02-06 15:02:00,10.7500,10.7000,10.7000,10.7500,1948626,10115
2018-02-06 15:03:00,10.8500,10.7500,10.7500,10.8000,1979721,26876
2018-02-06 15:04:00,10.8500,10.8000,10.8000,10.8500,1984225,4158
2018-02-06 15:05:00,10.8500,10.8000,10.8500,10.8500,2000809,12296
2018-02-06 15:06:00,10.8500,10.8500,10.8500,10.8500,2001233,324
2018-02-06 15:07:00,10.8500,10.8500,10.8500,10.8500,2001433,100
2018-02-06 15:08:00,10.9000,10.8500,10.8500,10.9000,2006581,5083
2018-02-06 15:09:00,10.9250,10.9000,10.9000,10.9000,2027200,19817
2018-02-06 15:11:00,10.9250,10.8500,10.9250,10.8500,2073302,45674
2018-02-06 15:13:00,10.8500,10.7500,10.8500,10.7500,2106455,32685
2018-02-06 15:14:00,10.8000,10.7750,10.8000,10.7750,2110555,4000
2018-02-06 15:15:00,10.7500,10.7500,10.7500,10.7500,2115508,4951
2018-02-06 15:16:00,10.8000,10.7250,10.7250,10.8000,2140068,24545
2018-02-06 15:17:00,10.8250,10.8250,10.8250,10.8250,2141268,1200
2018-02-06 15:18:00,10.8250,10.8000,10.8000,10.8250,2144051,2700
2018-02-06 15:19:00,10.8250,10.7750,10.8250,10.7950,2151651,7600
2018-02-06 15:20:00,10.7500,10.7500,10.7500,10.7500,2152056,200
2018-02-06 15:21:00,10.8250,10.7750,10.7750,10.8250,2162577,10400
2018-02-06 15:22:00,10.8250,10.8000,10.8250,10.8250,2162877,300
2018-02-06 15:23:00,10.8250,10.7750,10.8000,10.7750,2167203,4283
2018-02-06 15:24:00,10.7750,10.7500,10.7500,10.7750,2169504,2205
2018-02-06 15:25:00,10.8000,10.7500,10.7500,10.7500,2170646,1142
2018-02-06 15:26:00,10.9000,10.7500,10.7750,10.8599,2197510,26467
2018-02-06 15:27:00,10.8500,10.8284,10.8284,10.8500,2198300,700
2018-02-06 15:28:00,10.8750,10.8000,10.8000,10.8750,2203400,4816
2018-02-06 15:29:00,10.8500,10.8500,10.8500,10.8500,2203500,100
2018-02-06 15:30:00,10.8750,10.8500,10.8500,10.8500,2208117,4400
2018-02-06 15:31:00,10.8950,10.8000,10.8750,10.8500,2223461,15083
2018-02-06 15:32:00,10.8500,10.8000,10.8000,10.8500,2225535,2074
2018-02-06 15:33:00,10.8500,10.8000,10.8500,10.8250,2244459,18275
2018-02-06 15:34:00,10.8500,10.8500,10.8500,10.8500,2251356,6526
2018-02-06 15:35:00,10.8750,10.8250,10.8250,10.8500,2265732,13989
2018-02-06 15:36:00,10.9000,10.8000,10.8000,10.9000,2272878,7100
2018-02-06 15:37:00,10.9500,10.9000,10.9000,10.9500,2319978,46389
2018-02-06 15:38:00,10.9256,10.9000,10.9256,10.9250,2324005,3965
2018-02-06 15:39:00,10.9250,10.8750,10.9000,10.8750,2331223,6918
2018-02-06 15:40:00,10.8750,10.8750,10.8750,10.8750,2331323,100
2018-02-06 15:41:00,10.8750,10.8500,10.8750,10.8750,2332723,1400
2018-02-06 15:42:00,10.9000,10.8500,10.8750,10.8750,2354424,21034
2018-02-06 15:43:00,10.9000,10.8750,10.9000,10.9000,2361988,6643
2018-02-06 15:44:00,10.9500,10.9000,10.9000,10.9000,2367364,5174
2018-02-06 15:45:00,10.9500,10.9000,10.9500,10.9000,2380741,12953
2018-02-06 15:46:00,10.9000,10.8500,10.8500,10.8500,2391413,9216
2018-02-06 15:47:00,10.9500,10.8500,10.9000,10.9000,2399515,7998
2018-02-06 15:48:00,10.9500,10.9000,10.9000,10.9500,2404487,4435
2018-02-06 15:49:00,10.9000,10.8500,10.9000,10.8500,2405987,1500
2018-02-06 15:50:00,10.9500,10.8500,10.9000,10.8500,2416678,9858
2018-02-06 15:51:00,10.9250,10.8500,10.9000,10.8750,2422438,5540
2018-02-06 15:52:00,10.8750,10.8500,10.8750,10.8500,2432553,9691
2018-02-06 15:53:00,10.8500,10.8000,10.8500,10.8250,2462088,29216
2018-02-06 15:54:00,10.8250,10.8000,10.8250,10.8250,2467227,5100
2018-02-06 15:55:00,10.8500,10.8000,10.8250,10.8250,2475340,8000
2018-02-06 15:56:00,10.8000,10.7500,10.8000,10.7750,2510921,34325
2018-02-06 15:57:00,10.8000,10.7500,10.7750,10.7750,2537506,24900
2018-02-06 15:58:00,10.8000,10.7250,10.7750,10.7250,2560582,22341
2018-02-06 15:59:00,10.8000,10.7000,10.7250,10.7750,2649276,86197
2018-02-06 16:00:00,10.8000,10.7500,10.7500,10.7500,2664906,14283
2018-02-07 09:31:00,10.6500,10.4500,10.6500,10.4500,31307,31207
2018-02-07 09:33:00,10.5500,10.5500,10.5500,10.5500,31678,200
2018-02-07 09:34:00,10.5500,10.5000,10.5500,10.5000,39781,8000
2018-02-07 09:35:00,10.5500,10.5000,10.5500,10.5500,43481,3700
2018-02-07 09:36:00,10.7000,10.5500,10.5500,10.7000,52532,8698
2018-02-07 09:37:00,10.7000,10.6500,10.7000,10.7000,54635,2000
2018-02-07 09:38:00,10.7500,10.7000,10.7000,10.7500,62416,7516
2018-02-07 09:39:00,10.7500,10.7000,10.7000,10.7500,63058,600
2018-02-07 09:40:00,10.7000,10.7000,10.7000,10.7000,64798,1700
2018-02-07 09:41:00,10.6500,10.6000,10.6500,10.6000,76466,11289
2018-02-07 09:42:00,10.6500,10.5500,10.5500,10.6500,87332,10654
2018-02-07 09:43:00,10.6000,10.5500,10.6000,10.5500,89234,1900
2018-02-07 09:44:00,10.5500,10.5000,10.5000,10.5050,98029,8700