2018-02-05 09:31:00,31.3900,30.5900,30.5900,31.3900,873,873
2018-02-05 09:34:00,30.7200,30.5700,30.7200,30.5700,3523,2600
2018-02-05 09:35:00,30.8000,30.5700,30.5700,30.5700,3923,400
2018-02-05 09:36:00,30.5700,30.5700,30.5700,30.5700,4123,200
2018-02-05 09:37:00,30.9700,30.5800,30.5800,30.9700,7323,3200
2018-02-05 09:38:00,30.9300,30.5900,30.5900,30.9300,7631,300
2018-02-05 09:39:00,30.7900,30.7600,30.7603,30.7900,8073,442
2018-02-05 09:40:00,30.7800,30.7600,30.7800,30.7600,8673,600
2018-02-05 09:41:00,30.7700,30.7500,30.7700,30.7500,8873,200
2018-02-05 09:42:00,30.7600,30.7500,30.7600,30.7500,9073,200
2018-02-05 09:44:00,30.7200,30.7200,30.7200,30.7200,9174,100
2018-02-05 09:45:00,30.7200,30.6700,30.7200,30.7000,9774,600
2018-02-05 09:47:00,30.6900,30.6900,30.6900,30.6900,9975,200
2018-02-05 09:48:00,30.6900,30.6752,30.6752,30.6900,10212,237
2018-02-05 09:49:00,30.7200,30.6900,30.6900,30.7200,10412,200
2018-02-05 09:51:00,30.7900,30.7600,30.7900,30.7600,10902,400
2018-02-05 09:56:00,31.0000,30.9400,30.9500,31.0000,11802,900
2018-02-05 09:57:00,31.0100,31.0100,31.0100,31.0100,11902,100
2018-02-05 09:59:00,31.0100,30.9900,31.0100,30.9900,12202,300
2018-02-05 10:00:00,31.0100,31.0100,31.0100,31.0100,12302,100
2018-02-05 10:01:00,31.0450,31.0100,31.0100,31.0450,12602,300
2018-02-05 10:02:00,31.0197,30.9400,30.9900,31.0197,15212,2580
2018-02-05 10:03:00,31.0100,31.0100,31.0100,31.0100,15552,300
2018-02-05 10:04:00,31.0100,31.0100,31.0100,31.0100,16752,1100
2018-02-05 10:05:00,31.0200,31.0200,31.0200,31.0200,17302,400
2018-02-05 10:06:00,31.0400,31.0250,31.0250,31.0400,17602,300
2018-02-05 10:07:00,31.0500,31.0000,31.0500,31.0200,18404,600
2018-02-05 10:08:00,31.0500,31.0500,31.0500,31.0500,18804,300
2018-02-05 10:09:00,31.1200,31.0800,31.1100,31.1200,19454,500
2018-02-05 10:11:00,31.2400,31.1700,31.1700,31.2400,19954,500
2018-02-05 10:12:00,31.2300,31.2100,31.2200,31.2300,20674,590
2018-02-05 10:13:00,31.2500,31.2500,31.2500,31.2500,21254,500
2018-02-05 10:15:00,31.3600,31.2272,31.2272,31.3600,22764,1161
2018-02-05 10:16:00,31.3000,31.3000,31.3000,31.3000,22944,180
2018-02-05 10:20:00,31.3000,31.3000,31.3000,31.3000,23045,100
2018-02-05 10:21:00,31.3800,31.3800,31.3800,31.3800,23178,100
2018-02-05 10:22:00,31.3200,31.3200,31.3200,31.3200,23678,500
2018-02-05 10:28:00,31.4650,31.4650,31.4650,31.4650,23928,100
2018-02-05 10:29:00,31.4650,31.4650,31.4650,31.4650,24028,100
2018-02-05 10:31:00,31.4099,31.4099,31.4099,31.4099,24128,100
2018-02-05 10:32:00,31.3500,31.3000,31.3500,31.3225,26188,1800
2018-02-05 10:33:00,31.2900,31.2900,31.2900,31.2900,26288,100
2018-02-05 10:37:00,31.2200,31.2000,31.2200,31.2000,27590,1240
2018-02-05 10:40:00,31.1700,31.1200,31.1700,31.1200,28110,400
2018-02-05 10:41:00,31.1100,31.1100,31.1100,31.1100,28310,200
2018-02-05 10:42:00,31.1800,31.1300,31.1300,31.1600,29626,1100
2018-02-05 10:44:00,31.1300,31.1300,31.1300,31.1300,29971,100
2018-02-05 10:45:00,31.1300,31.1300,31.1300,31.1300,30271,300
2018-02-05 10:46:00,31.2200,31.1700,31.1700,31.2200,30981,700
2018-02-05 10:48:00,31.2200,31.2100,31.2200,31.2100,31681,700
2018-02-05 10:49:00,31.2000,31.2000,31.2000,31.2000,31781,100
2018-02-05 10:54:00,31.1200,31.1000,31.1200,31.1000,32868,900
2018-02-05 10:58:00,30.9900,30.9900,30.9900,30.9900,32968,100
2018-02-05 11:00:00,30.9700,30.9700,30.9700,30.9700,33171,200
2018-02-05 11:01:00,31.0000,30.9700,31.0000,30.9700,34453,1040
2018-02-05 11:05:00,30.9700,30.9300,30.9700,30.9300,35133,500
2018-02-05 11:06:00,30.9300,30.9300,30.9300,30.9300,35344,200
2018-02-05 11:09:00,30.9200,30.9200,30.9200,30.9200,35957,400
2018-02-05 11:11:00,30.9750,30.9400,30.9750,30.9400,36475,400
2018-02-05 11:12:00,30.9600,30.9375,30.9375,30.9450,37116,641
2018-02-05 11:14:00,30.9600,30.9600,30.9600,30.9600,37416,290
2018-02-05 11:15:00,30.9550,30.9550,30.9550,30.9550,37526,100
2018-02-05 11:16:00,30.9400,30.9200,30.9400,30.9200,38038,300
2018-02-05 11:18:00,31.0000,30.9450,30.9450,30.9900,38824,600
2018-02-05 11:19:00,30.9750,30.9750,30.9750,30.9750,39124,300
2018-02-05 11:21:00,30.9627,30.9525,30.9627,30.9525,39587,415
2018-02-05 11:22:00,30.9625,30.9400,30.9400,30.9400,40927,1200
2018-02-05 11:25:00,30.9700,30.9700,30.9700,30.9700,41903,780
2018-02-05 11:31:00,30.9500,30.9500,30.9500,30.9500,42153,200
2018-02-05 11:34:00,30.9650,30.9500,30.9600,30.9650,43013,800
2018-02-05 11:37:00,30.9800,30.9300,30.9800,30.9300,43954,730
2018-02-05 11:41:00,30.9150,30.9100,30.9100,30.9150,44354,400
2018-02-05 11:42:00,30.9100,30.9000,30.9100,30.9000,44554,200
2018-02-05 11:43:00,30.9200,30.9200,30.9200,30.9200,45854,999
2018-02-05 11:50:00,30.9200,30.8900,30.8900,30.9200,46480,500
2018-02-05 11:51:00,30.9208,30.9208,30.9208,30.9208,46606,100
2018-02-05 11:54:00,30.9200,30.9200,30.9200,30.9200,46706,100
2018-02-05 11:56:00,30.9500,30.9200,30.9500,30.9200,46906,200
2018-02-05 11:58:00,30.9600,30.9300,30.9300,30.9600,47537,400
2018-02-05 11:59:00,30.9900,30.9800,30.9800,30.9900,47887,300
2018-02-05 12:04:00,30.9800,30.9600,30.9800,30.9600,48707,500
2018-02-05 12:05:00,30.9745,30.9500,30.9745,30.9500,49325,530
2018-02-05 12:06:00,30.9700,30.9400,30.9400,30.9700,49775,400
2018-02-05 12:10:00,30.9625,30.9500,30.9500,30.9500,50405,550
2018-02-05 12:12:00,30.9500,30.9500,30.9500,30.9500,51405,1000
2018-02-05 12:13:00,30.9700,30.9700,30.9700,30.9700,51505,100
2018-02-05 12:15:00,30.9900,30.9900,30.9900,30.9900,51762,200
2018-02-05 12:18:00,30.9900,30.9900,30.9900,30.9900,52052,100
2018-02-05 12:21:00,31.0100,30.9800,31.0100,30.9800,52352,300
2018-02-05 12:22:00,31.0100,30.9900,31.0100,30.9900,52952,400
2018-02-05 12:25:00,30.9800,30.9800,30.9800,30.9800,53089,100
2018-02-05 12:26:00,31.0100,31.0000,31.0000,31.0100,53889,600
2018-02-05 12:27:00,31.0850,31.0500,31.0500,31.0850,54186,200
2018-02-05 12:31:00,31.0900,31.0614,31.0614,31.0900,54551,365
2018-02-05 12:32:00,31.0900,31.0800,31.0800,31.0900,55052,500
2018-02-05 12:34:00,31.1200,31.1200,31.1200,31.1200,55252,200
2018-02-05 12:35:00,31.1600,31.1400,31.1400,31.1600,55452,200
2018-02-05 12:36:00,31.1700,31.1700,31.1700,31.1700,55552,100
2018-02-05 12:37:00,31.1700,31.1600,31.1700,31.1600,55752,200
2018-02-05 12:38:00,31.1700,31.1700,31.1700,31.1700,55852,100
2018-02-05 12:40:00,31.1697,31.1697,31.1697,31.1697,55952,100
2018-02-05 12:44:00,31.1700,31.1400,31.1700,31.1550,58592,2492
2018-02-05 12:45:00,31.2900,31.1900,31.1900,31.2600,61367,2700
2018-02-05 12:46:00,31.2900,31.2700,31.2700,31.2750,62198,831
2018-02-05 12:47:00,31.2600,31.2500,31.2600,31.2500,63098,696
2018-02-05 12:48:00,31.2400,31.2200,31.2200,31.2400,63398,300
2018-02-05 12:50:00,31.2300,31.2300,31.2300,31.2300,63612,200
2018-02-05 12:52:00,31.2000,31.1800,31.1800,31.2000,64284,400
2018-02-05 12:53:00,31.1900,31.1900,31.1900,31.1900,64984,700
2018-02-05 12:54:00,31.1900,31.1900,31.1900,31.1900,65594,400
2018-02-05 12:55:00,31.2000,31.2000,31.2000,31.2000,65694,100
2018-02-05 12:56:00,31.1950,31.1700,31.1950,31.1800,66695,800
2018-02-05 13:00:00,31.1600,31.1600,31.1600,31.1600,66801,100
2018-02-05 13:03:00,31.1400,31.0700,31.1200,31.0700,68155,1200
2018-02-05 13:06:00,31.1100,31.0600,31.0600,31.1100,68506,200
2018-02-05 13:10:00,31.0800,31.0600,31.0800,31.0600,69757,1200
2018-02-05 13:11:00,31.0800,31.0800,31.0800,31.0800,69857,100
2018-02-05 13:13:00,31.0750,31.0700,31.0750,31.0725,70857,1000
2018-02-05 13:14:00,31.1000,31.1000,31.1000,31.1000,71197,300
2018-02-05 13:15:00,31.1000,31.1000,31.1000,31.1000,71392,100
2018-02-05 13:18:00,31.1000,31.0700,31.0800,31.0700,72695,1300
2018-02-05 13:19:00,31.0800,31.0700,31.0700,31.0700,73296,500
2018-02-05 13:20:00,31.0600,31.0400,31.0600,31.0400,73665,300
2018-02-05 13:23:00,31.0000,31.0000,31.0000,31.0000,74169,400
2018-02-05 13:24:00,31.0100,31.0100,31.0100,31.0100,74269,100
2018-02-05 13:26:00,31.0200,31.0000,31.0000,31.0200,75469,1200
2018-02-05 13:27:00,31.0100,31.0100,31.0100,31.0100,76069,600
2018-02-05 13:29:00,31.0000,30.9800,30.9800,31.0000,76471,300
2018-02-05 13:32:00,31.0200,31.0200,31.0200,31.0200,76571,100
2018-02-05 13:36:00,31.0600,31.0300,31.0600,31.0300,76971,300
2018-02-05 13:37:00,31.0600,31.0450,31.0450,31.0600,77171,200
2018-02-05 13:38:00,31.0600,31.0600,31.0600,31.0600,77301,100
2018-02-05 13:39:00,31.0800,31.0800,31.0800,31.0800,78241,800
2018-02-05 13:40:00,31.0700,31.0500,31.0700,31.0500,79641,1200
2018-02-05 13:41:00,31.1000,31.0600,31.0600,31.1000,80351,620
2018-02-05 13:42:00,31.1100,31.1100,31.1100,31.1100,80851,500
2018-02-05 13:43:00,31.1200,31.1200,31.1200,31.1200,80951,100
2018-02-05 13:45:00,31.0850,31.0850,31.0850,31.0850,81051,100
2018-02-05 13:46:00,31.0900,31.0700,31.0700,31.0800,82551,1400
2018-02-05 13:47:00,31.0900,31.0900,31.0900,31.0900,82861,300
2018-02-05 13:48:00,31.1400,31.0900,31.0900,31.1400,83161,300
2018-02-05 13:50:00,31.1400,31.1400,31.1400,31.1400,83261,100
2018-02-05 13:51:00,31.1500,31.1500,31.1500,31.1500,84161,900
2018-02-05 13:53:00,31.2200,31.1900,31.1900,31.2200,84761,500
2018-02-05 13:55:00,31.2200,31.2200,31.2200,31.2200,85162,400
2018-02-05 13:59:00,31.2800,31.2800,31.2800,31.2800,85430,100
2018-02-05 14:01:00,31.2800,31.2300,31.2800,31.2300,86737,1200
2018-02-05 14:02:00,31.2300,31.1900,31.2300,31.1900,87001,200
2018-02-05 14:03:00,31.1800,31.1700,31.1700,31.1800,87718,538
2018-02-05 14:04:00,31.2000,31.2000,31.2000,31.2000,87818,100
2018-02-05 14:05:00,31.2000,31.1793,31.1793,31.2000,88118,300
2018-02-05 14:06:00,31.2100,31.1950,31.1950,31.2100,88418,300
2018-02-05 14:08:00,31.1850,31.1350,31.1800,31.1350,89400,600
2018-02-05 14:09:00,31.1300,31.1300,31.1300,31.1300,89501,100
2018-02-05 14:11:00,31.1400,31.1250,31.1250,31.1400,89951,400
2018-02-05 14:12:00,31.1650,31.1650,31.1650,31.1650,90151,100
2018-02-05 14:13:00,31.1400,31.1400,31.1400,31.1400,90351,200
2018-02-05 14:14:00,31.2050,31.1400,31.1400,31.2050,90851,500
2018-02-05 14:16:00,31.2100,31.1300,31.2100,31.1300,92272,1420
2018-02-05 14:17:00,31.1300,31.1300,31.1300,31.1300,92394,100
2018-02-05 14:18:00,31.1200,31.1200,31.1200,31.1200,92495,100
2018-02-05 14:19:00,31.1100,31.1100,31.1100,31.1100,92595,100
2018-02-05 14:21:00,31.1350,31.1200,31.1350,31.1200,92960,300
2018-02-05 14:23:00,31.1000,31.0800,31.1000,31.0800,93792,800
2018-02-05 14:24:00,31.0900,31.0800,31.0800,31.0900,94892,1100
2018-02-05 14:26:00,31.0900,31.0900,31.0900,31.0900,94995,100
2018-02-05 14:27:00,31.0800,31.0600,31.0600,31.0800,95195,200
2018-02-05 14:28:00,31.0500,31.0500,31.0500,31.0500,95395,200
2018-02-05 14:31:00,31.0800,31.0800,31.0800,31.0800,95495,100
2018-02-05 14:32:00,31.0400,31.0400,31.0400,31.0400,95695,200
2018-02-05 14:34:00,31.0700,31.0700,31.0700,31.0700,96195,500
2018-02-05 14:35:00,31.1600,31.0700,31.0700,31.1100,100235,3936
2018-02-05 14:36:00,31.1100,31.1100,31.1100,31.1100,100435,200
2018-02-05 14:37:00,31.1500,31.1500,31.1500,31.1500,100935,500
2018-02-05 14:38:00,31.1500,31.1500,31.1500,31.1500,101335,400
2018-02-05 14:39:00,31.1500,31.1100,31.1500,31.1100,101635,300
2018-02-05 14:41:00,31.1600,31.1400,31.1600,31.1400,101835,200
2018-02-05 14:42:00,31.1500,31.1225,31.1225,31.1500,102145,300
2018-02-05 14:43:00,31.1500,31.1100,31.1300,31.1450,102960,800
2018-02-05 14:44:00,31.1450,31.1450,31.1450,31.1450,103060,100
2018-02-05 14:45:00,31.1700,31.1200,31.1500,31.1700,107585,3911
2018-02-05 14:46:00,31.1900,31.1900,31.1900,31.1900,107685,100
2018-02-05 14:47:00,31.2000,31.1700,31.1900,31.1700,109391,1500
2018-02-05 14:48:00,31.1700,31.1700,31.1700,31.1700,109906,200
2018-02-05 14:50:00,31.1600,31.1600,31.1600,31.1600,110037,100
2018-02-05 14:51:00,31.1500,31.1500,31.1500,31.1500,110137,100
2018-02-05 14:55:00,31.1400,31.1300,31.1300,31.1400,110342,200
2018-02-05 14:57:00,31.0825,31.0300,31.0500,31.0400,114626,4000
2018-02-05 14:58:00,31.0500,31.0300,31.0400,31.0400,115176,500
2018-02-05 14:59:00,31.0200,30.9500,30.9500,31.0200,115574,398
2018-02-05 15:00:00,31.0400,31.0100,31.0100,31.0350,117007,1330
2018-02-05 15:01:00,31.0400,31.0400,31.0400,31.0400,117107,100
2018-02-05 15:02:00,31.0200,31.0200,31.0200,31.0200,117607,500
2018-02-05 15:03:00,31.0300,31.0200,31.0300,31.0200,118207,500
2018-02-05 15:04:00,31.0100,30.9900,31.0100,30.9900,119325,900
2018-02-05 15:05:00,30.9700,30.9400,30.9700,30.9700,120231,800
2018-02-05 15:06:00,30.9700,30.9400,30.9700,30.9500,121292,1000
2018-02-05 15:07:00,30.9400,30.9200,30.9400,30.9200,122298,999
2018-02-05 15:08:00,30.9300,30.8900,30.9000,30.9300,125518,3000
2018-02-05 15:09:00,30.9450,30.9300,30.9450,30.9300,126378,800
2018-02-05 15:10:00,30.8800,30.8500,30.8700,30.8550,129780,3100
2018-02-05 15:11:00,30.8800,30.8300,30.8600,30.8300,132719,2500
2018-02-05 15:12:00,30.8410,30.8410,30.8410,30.8410,133799,1000
2018-02-05 15:13:00,30.9800,30.8600,30.8600,30.9300,135781,1800
2018-02-05 15:14:00,30.9700,30.9350,30.9350,30.9700,136195,200
2018-02-05 15:16:00,31.3300,31.0400,31.0500,31.2772,148356,11797
2018-02-05 15:17:00,31.2400,31.1400,31.1400,31.2400,148756,400
2018-02-05 15:18:00,31.2400,31.1500,31.1500,31.2400,149104,283
2018-02-05 15:19:00,31.3200,31.1600,31.3200,31.2500,150054,800
2018-02-05 15:21:00,31.2000,31.1500,31.2000,31.1500,151659,1600
2018-02-05 15:22:00,31.2500,31.1700,31.1900,31.2500,153019,1100
2018-02-05 15:23:00,31.2900,31.1800,31.2300,31.2900,154040,660
2018-02-05 15:24:00,31.2800,31.2200,31.2800,31.2800,154445,400
2018-02-05 15:25:00,31.2900,31.2500,31.2900,31.2600,155445,900
2018-02-05 15:27:00,31.2700,31.2200,31.2600,31.2400,157211,1600
2018-02-05 15:28:00,31.3100,31.2100,31.2400,31.3100,161074,3400
2018-02-05 15:29:00,31.2500,31.2400,31.2500,31.2500,163157,1746
2018-02-05 15:30:00,31.4600,31.2500,31.2500,31.4600,170329,6571
2018-02-05 15:31:00,31.4800,31.3600,31.4800,31.4200,172341,1412
2018-02-05 15:32:00,31.4100,31.3500,31.4000,31.3500,174152,1600
2018-02-05 15:33:00,31.3050,31.2500,31.2500,31.2550,179816,5500
2018-02-05 15:34:00,31.2650,31.2500,31.2500,31.2650,180051,200
2018-02-05 15:35:00,31.2700,31.1600,31.2500,31.1600,184151,3762
2018-02-05 15:36:00,31.1900,31.1400,31.1700,31.1900,186763,1960
2018-02-05 15:37:00,31.2300,31.1900,31.2000,31.2300,188163,1300
2018-02-05 15:38:00,31.1800,31.1400,31.1800,31.1400,188623,400
2018-02-05 15:39:00,31.1500,31.1000,31.1500,31.1200,189557,700
2018-02-05 15:40:00,31.1000,31.0500,31.0800,31.0900,192493,2700
2018-02-05 15:41:00,31.0900,31.0800,31.0900,31.0800,192894,400
2018-02-05 15:42:00,31.0400,31.0200,31.0300,31.0350,194898,1700
2018-02-05 15:43:00,31.0700,31.0200,31.0200,31.0400,196409,1400
2018-02-05 15:44:00,31.1800,31.0500,31.0850,31.1600,200589,3900
2018-02-05 15:45:00,31.1600,31.1400,31.1600,31.1400,201699,1000
2018-02-05 15:46:00,31.1700,31.1000,31.1600,31.1600,204909,3200
2018-02-05 15:47:00,31.2300,31.1300,31.1700,31.1600,206949,1900
2018-02-05 15:48:00,31.2100,31.1400,31.1850,31.1400,207661,600
2018-02-05 15:49:00,31.1900,31.1000,31.1400,31.1600,212922,4900
2018-02-05 15:50:00,31.1700,31.1400,31.1400,31.1600,217791,4600
2018-02-05 15:51:00,31.2050,31.1600,31.1650,31.1800,222679,4334
2018-02-05 15:52:00,31.2100,31.1600,31.1850,31.1600,225930,2800
2018-02-05 15:53:00,31.1800,31.1600,31.1800,31.1600,226930,1000
2018-02-05 15:54:00,31.1900,31.1400,31.1800,31.1450,235304,7697
2018-02-05 15:55:00,31.1800,31.1450,31.1450,31.1600,242398,6879
2018-02-05 15:56:00,31.2300,31.1500,31.1700,31.1700,250345,7045
2018-02-05 15:57:00,31.2400,31.1300,31.1300,31.2000,255350,4800
2018-02-05 15:58:00,31.2300,31.1400,31.2100,31.1900,263908,8242
2018-02-05 15:59:00,31.2200,31.1400,31.1900,31.1500,274462,9830
2018-02-05 16:00:00,31.2200,31.0700,31.1500,31.1900,290610,14552
2018-02-06 09:31:00,30.4400,30.1600,30.4400,30.2600,5155,5155
2018-02-06 09:32:00,30.5000,30.3000,30.5000,30.4500,11744,6400
2018-02-06 09:33:00,30.4300,30.3300,30.4200,30.4200,13144,1400
2018-02-06 09:34:00,30.4200,30.2700,30.4100,30.3400,18044,4723
2018-02-06 09:35:00,30.4000,30.2000,30.3000,30.3800,19745,1671
2018-02-06 09:36:00,30.4300,30.2100,30.3900,30.4300,21845,2100
2018-02-06 09:37:00,30.4800,30.2300,30.4200,30.4500,28182,6000
2018-02-06 09:38:00,30.5300,30.2800,30.4600,30.5300,34656,6400
2018-02-06 09:39:00,30.5800,30.2900,30.5300,30.3800,38556,3900
2018-02-06 09:42:00,31.0200,30.9900,30.9900,31.0200,39085,400
2018-02-06 09:45:00,30.7250,30.7250,30.7250,30.7250,39185,100
2018-02-06 09:46:00,31.0200,30.2950,30.7300,30.2950,45600,6200
2018-02-06 09:47:00,30.5150,30.3400,30.3400,30.5150,45801,200
2018-02-06 09:48:00,30.5150,30.3450,30.3450,30.5150,46101,300
2018-02-06 09:49:00,30.7100,30.6700,30.6700,30.7100,46691,500
2018-02-06 09:50:00,30.6900,30.4600,30.4700,30.5650,47432,700
2018-02-06 09:51:00,30.5900,30.4600,30.5350,30.4600,48076,500
2018-02-06 09:52:00,30.5500,30.5000,30.5350,30.5000,48445,300
2018-02-06 09:53:00,30.5500,30.4300,30.5000,30.4300,50506,2000
2018-02-06 09:54:00,30.4650,30.4300,30.4300,30.4300,50806,300
2018-02-06 09:55:00,30.5300,30.4300,30.4300,30.5300,51677,800
2018-02-06 09:56:00,30.6300,30.5300,30.5300,30.6300,52396,600
2018-02-06 09:57:00,30.5200,30.5200,30.5200,30.5200,52496,100
2018-02-06 09:59:00,30.4210,30.4210,30.4210,30.4210,52636,128
2018-02-06 10:00:00,30.5184,30.3900,30.5184,30.4100,56436,3700
2018-02-06 10:01:00,30.4500,30.3850,30.3950,30.4500,62938,6400
2018-02-06 10:02:00,30.4475,30.4000,30.4000,30.4475,63148,200
2018-02-06 10:03:00,30.4475,30.3600,30.4300,30.3600,63579,400
2018-02-06 10:04:00,30.4500,30.3500,30.4500,30.3500,64829,1200
2018-02-06 10:05:00,30.4483,30.4150,30.4483,30.4150,65070,200
2018-02-06 10:06:00,30.4400,30.3800,30.4150,30.3950,66330,1200
2018-02-06 10:07:00,30.4100,30.3000,30.4100,30.3000,69031,2663
2018-02-06 10:08:00,30.4100,30.2900,30.3400,30.4000,101168,32100
2018-02-06 10:09:00,30.4200,30.3600,30.3800,30.4200,104201,2764
2018-02-06 10:10:00,30.3500,30.2900,30.3400,30.3200,105487,1200
2018-02-06 10:11:00,30.3200,30.2900,30.3200,30.3200,107033,1500
2018-02-06 10:13:00,30.3100,30.2600,30.3050,30.2600,142841,35700
2018-02-06 10:14:00,30.2500,30.2100,30.2500,30.2100,145700,2300
2018-02-06 10:15:00,30.2200,30.1400,30.2200,30.1400,147401,1400
2018-02-06 10:16:00,30.2600,30.1500,30.1500,30.2600,150734,2839
2018-02-06 10:17:00,30.1900,30.1300,30.1900,30.1300,152634,1800
2018-02-06 10:18:00,30.1400,30.1000,30.1000,30.1400,153184,500
2018-02-06 10:19:00,30.1400,30.1200,30.1400,30.1200,153528,200
2018-02-06 10:20:00,30.1600,30.1100,30.1500,30.1600,154228,700
2018-02-06 10:21:00,30.1900,30.1250,30.1250,30.1900,155029,800
2018-02-06 10:22:00,30.2600,30.2168,30.2168,30.2200,158478,3449
2018-02-06 10:23:00,30.1900,30.1900,30.1900,30.1900,158678,200
2018-02-06 10:24:00,30.1900,30.1300,30.1400,30.1300,160378,1500
2018-02-06 10:25:00,30.1900,30.1200,30.1300,30.1600,163878,3200
2018-02-06 10:26:00,30.1550,30.1200,30.1550,30.1200,164785,900
2018-02-06 10:28:00,30.1200,30.1000,30.1100,30.1000,165827,700
2018-02-06 10:29:00,30.1200,30.0100,30.0700,30.0100,167726,1850
2018-02-06 10:30:00,30.1100,30.0800,30.1100,30.0800,167926,200
2018-02-06 10:31:00,30.1500,30.1200,30.1200,30.1500,168676,400
2018-02-06 10:32:00,30.1450,30.1450,30.1450,30.1450,168776,100
2018-02-06 10:33:00,30.1500,30.1100,30.1500,30.1100,169368,400
2018-02-06 10:36:00,30.1000,30.0400,30.0500,30.1000,171118,1650
2018-02-06 10:37:00,30.0700,30.0400,30.0700,30.0450,175207,3989
2018-02-06 10:38:00,30.0600,30.0350,30.0450,30.0600,178485,2700
2018-02-06 10:39:00,30.0800,30.0100,30.0550,30.0600,181545,3000
2018-02-06 10:40:00,30.1100,30.0800,30.0800,30.1000,184927,3000
2018-02-06 10:41:00,30.1900,30.1100,30.1100,30.1900,186991,1800
2018-02-06 10:42:00,30.2200,30.1600,30.1900,30.2100,187991,1000
2018-02-06 10:43:00,30.2900,30.2900,30.2900,30.2900,188191,100
2018-02-06 10:44:00,30.2900,30.2700,30.2700,30.2900,188503,300
2018-02-06 10:45:00,30.3400,30.2900,30.2900,30.3300,189480,900
2018-02-06 10:46:00,30.4100,30.4100,30.4100,30.4100,189830,200
2018-02-06 10:47:00,30.3900,30.3400,30.3900,30.3700,191228,1200
2018-02-06 10:50:00,30.4100,30.4100,30.4100,30.4100,191531,100
2018-02-06 10:51:00,30.4100,30.4100,30.4100,30.4100,191921,300
2018-02-06 10:52:00,30.3500,30.3500,30.3500,30.3500,193121,1200
2018-02-06 10:53:00,30.4300,30.3950,30.3950,30.4050,193421,300
2018-02-06 10:54:00,30.4200,30.3700,30.3700,30.4200,193821,400
2018-02-06 10:55:00,30.4500,30.4249,30.4249,30.4500,194444,513
2018-02-06 10:56:00,30.5500,30.5500,30.5500,30.5500,194582,100
2018-02-06 10:57:00,30.4700,30.4600,30.4700,30.4600,195483,900
2018-02-06 10:58:00,30.4600,30.3900,30.4600,30.4000,197503,1804
2018-02-06 10:59:00,30.3900,30.3900,30.3900,30.3900,198103,500
2018-02-06 11:00:00,30.3900,30.3900,30.3900,30.3900,198303,200
2018-02-06 11:01:00,30.3750,30.2900,30.3750,30.2900,200116,1800
2018-02-06 11:02:00,30.2800,30.2800,30.2800,30.2800,200316,200
2018-02-06 11:03:00,30.3000,30.2300,30.2800,30.2600,201785,1300
2018-02-06 11:04:00,30.2900,30.2300,30.2300,30.2900,203359,1504
2018-02-06 11:06:00,30.3100,30.3100,30.3100,30.3100,203488,100
2018-02-06 11:07:00,30.3900,30.3800,30.3800,30.3900,203872,300
2018-02-06 11:08:00,30.4100,30.3900,30.3900,30.4100,204479,500
2018-02-06 11:09:00,30.4000,30.3300,30.4000,30.3300,205669,900
2018-02-06 11:10:00,30.3300,30.3300,30.3300,30.3300,205869,200
2018-02-06 11:12:00,30.3800,30.3100,30.3800,30.3100,206731,600
2018-02-06 11:15:00,30.3500,30.3100,30.3250,30.3100,207351,300
2018-02-06 11:16:00,30.3400,30.3100,30.3300,30.3400,208115,600
2018-02-06 11:17:00,30.3600,30.3500,30.3600,30.3500,208434,200
2018-02-06 11:18:00,30.4400,30.3600,30.3600,30.3900,209944,1500
2018-02-06 11:19:00,30.4100,30.3300,30.3300,30.4100,210259,300
2018-02-06 11:20:00,30.4300,30.3400,30.3400,30.4300,210891,600
2018-02-06 11:21:00,30.4500,30.4400,30.4400,30.4500,211191,300
2018-02-06 11:22:00,30.4500,30.4500,30.4500,30.4500,211652,300
2018-02-06 11:23:00,30.4300,30.4100,30.4300,30.4100,212482,800
2018-02-06 11:24:00,30.3900,30.3900,30.3900,30.3900,212586,100
2018-02-06 11:25:00,30.4000,30.3650,30.4000,30.3650,212936,300
2018-02-06 11:26:00,30.3650,30.3400,30.3400,30.3650,213276,300
2018-02-06 11:27:00,30.3900,30.3100,30.3300,30.3900,214477,1200
2018-02-06 11:28:00,30.4000,30.3300,30.3300,30.4000,214959,400
2018-02-06 11:29:00,30.4700,30.4600,30.4600,30.4700,215231,200
2018-02-06 11:30:00,30.4800,30.4350,30.4800,30.4350,215900,600
2018-02-06 11:31:00,30.5200,30.4700,30.4800,30.4700,219600,3600
2018-02-06 11:32:00,30.5900,30.5900,30.5900,30.5900,219800,200
2018-02-06 11:34:00,30.5800,30.5800,30.5800,30.5800,220014,200
2018-02-06 11:35:00,30.5600,30.4600,30.5200,30.5000,223045,2800
2018-02-06 11:36:00,30.5100,30.4700,30.5000,30.5000,226182,2900
2018-02-06 11:38:00,30.5100,30.5000,30.5000,30.5000,227067,800
2018-02-06 11:39:00,30.5700,30.5100,30.5100,30.5700,228817,1600
2018-02-06 11:40:00,30.6000,30.6000,30.6000,30.6000,228917,100
2018-02-06 11:41:00,30.6000,30.6000,30.6000,30.6000,229285,300
2018-02-06 11:42:00,30.7700,30.6000,30.6000,30.6800,231385,2000
2018-02-06 11:44:00,30.7300,30.7200,30.7300,30.7200,231685,300
2018-02-06 11:45:00,31.0100,30.7100,30.7100,30.8100,233703,1900
2018-02-06 11:46:00,30.8400,30.7700,30.8100,30.7730,235103,1400
2018-02-06 11:47:00,30.7300,30.7300,30.7300,30.7300,235203,100
2018-02-06 11:50:00,30.7200,30.7200,30.7200,30.7200,235392,100
2018-02-06 11:53:00,30.7650,30.7650,30.7650,30.7650,235592,100
2018-02-06 11:54:00,30.7800,30.7200,30.7400,30.7300,237149,1500
2018-02-06 11:55:00,30.7600,30.7000,30.7100,30.7400,238289,1000
2018-02-06 11:56:00,30.7790,30.6950,30.7050,30.7790,240289,1900
2018-02-06 11:57:00,30.7600,30.7600,30.7600,30.7600,240389,100
2018-02-06 11:58:00,30.7500,30.7500,30.7500,30.7500,240507,100
2018-02-06 11:59:00,30.7552,30.7300,30.7300,30.7550,241114,600
2018-02-06 12:01:00,30.8100,30.7800,30.7800,30.8100,242015,700
2018-02-06 12:03:00,30.8800,30.8800,30.8800,30.8800,242170,100
2018-02-06 12:06:00,30.8500,30.8150,30.8350,30.8500,243280,900
2018-02-06 12:07:00,30.9500,30.8600,30.8600,30.9400,244360,900
2018-02-06 12:08:00,31.0000,30.9800,30.9900,31.0000,245860,1500
2018-02-06 12:09:00,31.0700,30.9769,31.0000,31.0600,246982,1050
2018-02-06 12:10:00,31.2000,31.1400,31.1400,31.1500,247612,600
2018-02-06 12:11:00,31.1500,31.1500,31.1500,31.1500,247712,100
2018-02-06 12:13:00,31.1600,31.1600,31.1600,31.1600,247877,100
2018-02-06 12:14:00,31.1700,31.1699,31.1699,31.1700,248477,600
2018-02-06 12:15:00,31.1300,31.1050,31.1300,31.1050,248706,200
2018-02-06 12:16:00,31.1500,31.1250,31.1400,31.1250,249106,400
2018-02-06 12:17:00,31.1600,31.1500,31.1500,31.1600,249606,500
2018-02-06 12:18:00,31.2300,31.1800,31.1900,31.2300,251107,1400
2018-02-06 12:19:00,31.1500,31.1300,31.1500,31.1300,251507,400
2018-02-06 12:20:00,31.1500,31.1500,31.1500,31.1500,251707,200
2018-02-06 12:21:00,31.1600,31.1441,31.1441,31.1600,252057,350
2018-02-06 12:24:00,31.1300,30.9900,31.1300,30.9900,254329,2100
2018-02-06 12:25:00,31.0400,31.0000,31.0400,31.0250,254829,500
2018-02-06 12:26:00,31.0100,30.9700,31.0000,30.9700,255830,900
2018-02-06 12:27:00,30.9900,30.9900,30.9900,30.9900,256380,500
2018-02-06 12:28:00,31.0500,31.0000,31.0000,31.0300,257130,600
2018-02-06 12:29:00,31.0350,31.0100,31.0100,31.0200,257430,300
2018-02-06 12:30:00,31.1700,31.0600,31.0600,31.1700,258194,500
2018-02-06 12:31:00,31.1800,31.1000,31.1800,31.1000,259060,866
2018-02-06 12:32:00,31.1450,31.1000,31.1450,31.1400,259460,400
2018-02-06 12:33:00,31.1400,31.1400,31.1400,31.1400,259811,351
2018-02-06 12:34:00,31.1195,31.0300,31.1100,31.0300,265385,5400
2018-02-06 12:36:00,31.0500,31.0500,31.0500,31.0500,265585,200
2018-02-06 12:37:00,31.0600,31.0400,31.0600,31.0400,265886,300
2018-02-06 12:38:00,31.0400,31.0200,31.0400,31.0200,266089,200
2018-02-06 12:39:00,31.0500,31.0500,31.0500,31.0500,266989,700
2018-02-06 12:40:00,31.1800,31.0600,31.1800,31.0600,269429,2400
2018-02-06 12:43:00,31.0500,30.9600,31.0500,30.9600,270711,800
2018-02-06 12:44:00,30.9400,30.9100,30.9400,30.9100,271073,200
2018-02-06 12:45:00,30.9000,30.9000,30.9000,30.9000,271773,400
2018-02-06 12:47:00,30.8900,30.8500,30.8900,30.8550,272480,400
2018-02-06 12:48:00,30.8600,30.8600,30.8600,30.8600,272781,100
2018-02-06 12:49:00,30.8900,30.8600,30.8600,30.8900,274272,1000
2018-02-06 12:50:00,30.8500,30.8200,30.8500,30.8200,276469,1647
2018-02-06 12:52:00,30.8500,30.8100,30.8100,30.8454,277768,1110
2018-02-06 12:53:00,30.8200,30.8100,30.8100,30.8100,278376,400
2018-02-06 12:54:00,30.8600,30.8500,30.8500,30.8600,278676,300
2018-02-06 12:56:00,30.8900,30.8700,30.8700,30.8900,279376,600
2018-02-06 12:57:00,30.8900,30.8900,30.8900,30.8900,279613,237
2018-02-06 12:59:00,30.9599,30.9599,30.9599,30.9599,279723,100
2018-02-06 13:00:00,30.9600,30.9400,30.9600,30.9400,280223,412
2018-02-06 13:01:00,30.9400,30.9000,30.9400,30.9200,281294,700
2018-02-06 13:03:00,30.9200,30.8900,30.8900,30.8900,282594,1000
2018-02-06 13:04:00,30.9100,30.8900,30.9000,30.9100,283054,400
2018-02-06 13:06:00,30.9500,30.9500,30.9500,30.9500,283504,200
2018-02-06 13:07:00,30.9700,30.9700,30.9700,30.9700,283804,300
2018-02-06 13:08:00,30.9100,30.9100,30.9100,30.9100,284003,100
2018-02-06 13:09:00,30.9799,30.9300,30.9300,30.9799,284323,200
2018-02-06 13:11:00,30.9100,30.8800,30.9000,30.8900,286074,1600
2018-02-06 13:12:00,30.9000,30.8900,30.9000,30.8900,286274,200
2018-02-06 13:13:00,30.9100,30.9100,30.9100,30.9100,286474,200
2018-02-06 13:14:00,30.9400,30.9300,30.9300,30.9400,286983,200
2018-02-06 13:15:00,30.9716,30.9716,30.9716,30.9716,287383,300
2018-02-06 13:16:00,30.9700,30.9600,30.9700,30.9600,288068,400
2018-02-06 13:18:00,30.9600,30.9600,30.9600,30.9600,288339,100
2018-02-06 13:20:00,30.9600,30.9600,30.9600,30.9600,288481,100
2018-02-06 13:21:00,31.0100,31.0000,31.0100,31.0000,288691,200
2018-02-06 13:23:00,30.9600,30.9300,30.9600,30.9300,289771,700
2018-02-06 13:26:00,30.9150,30.9150,30.9150,30.9150,290227,200
2018-02-06 13:27:00,30.9000,30.8900,30.9000,30.8900,290467,200
2018-02-06 13:30:00,30.9000,30.8800,30.9000,30.8800,291055,400
2018-02-06 13:31:00,30.8900,30.8900,30.8900,30.8900,291296,200
2018-02-06 13:32:00,30.8900,30.8800,30.8900,30.8900,291602,300
2018-02-06 13:33:00,30.9900,30.8700,30.8700,30.9900,293562,1800
2018-02-06 13:34:00,31.0000,30.9300,30.9750,30.9300,294581,1000
2018-02-06 13:35:00,31.0000,31.0000,31.0000,31.0000,294691,100
2018-02-06 13:36:00,31.0000,31.0000,31.0000,31.0000,295031,300
2018-02-06 13:37:00,31.0899,31.0300,31.0300,31.0899,299368,4337
2018-02-06 13:38:00,31.0400,31.0200,31.0400,31.0200,299668,300
2018-02-06 13:39:00,31.0200,31.0200,31.0200,31.0200,299868,200
2018-02-06 13:40:00,31.0100,30.9900,31.0100,31.0000,300648,600
2018-02-06 13:42:00,30.9800,30.9400,30.9700,30.9400,301686,800
2018-02-06 13:44:00,30.9900,30.9450,30.9600,30.9450,306264,4000
2018-02-06 13:46:00,30.9500,30.9500,30.9500,30.9500,306724,400
2018-02-06 13:47:00,30.9500,30.9500,30.9500,30.9500,307244,400
2018-02-06 13:48:00,30.9450,30.9300,30.9400,30.9450,307844,300
2018-02-06 13:49:00,30.9600,30.9300,30.9600,30.9450,308528,400
2018-02-06 13:50:00,30.9400,30.9200,30.9300,30.9400,309941,1000
2018-02-06 13:51:00,30.9250,30.9250,30.9250,30.9250,310284,300
2018-02-06 13:52:00,30.9300,30.8900,30.9200,30.9300,312212,1500
2018-02-06 13:53:00,30.9700,30.9500,30.9500,30.9550,312717,300
2018-02-06 13:54:00,30.9800,30.9800,30.9800,30.9800,312817,100
2018-02-06 13:55:00,30.9900,30.9500,30.9500,30.9900,313017,200
2018-02-06 13:56:00,30.9650,30.9650,30.9650,30.9650,313117,100
2018-02-06 13:57:00,30.9800,30.9600,30.9600,30.9650,313540,400
2018-02-06 13:58:00,30.9600,30.9300,30.9300,30.9600,314183,600
2018-02-06 13:59:00,31.0100,30.9800,30.9800,31.0000,315363,1100
2018-02-06 14:02:00,31.0025,30.9800,30.9800,31.0025,315786,300
2018-02-06 14:03:00,31.0300,31.0000,31.0200,31.0000,316241,400
2018-02-06 14:05:00,31.0000,31.0000,31.0000,31.0000,316400,100
2018-02-06 14:06:00,31.0400,31.0300,31.0300,31.0400,317033,600
2018-02-06 14:07:00,31.0600,30.9900,31.0100,31.0400,318500,1400
2018-02-06 14:10:00,31.0900,31.0800,31.0800,31.0900,318793,200
2018-02-06 14:11:00,31.1300,31.0700,31.0700,31.1300,319693,800
2018-02-06 14:12:00,31.2000,31.1300,31.1300,31.2000,321319,1500
2018-02-06 14:13:00,31.2100,31.1400,31.2100,31.1400,322159,800
2018-02-06 14:14:00,31.2000,31.1600,31.1600,31.2000,322777,500
2018-02-06 14:15:00,31.2500,31.2000,31.2100,31.2500,323704,750
2018-02-06 14:16:00,31.3200,31.2100,31.2600,31.2100,324204,400
2018-02-06 14:17:00,31.2700,31.2700,31.2700,31.2700,324304,100
2018-02-06 14:18:00,31.2700,31.2000,31.2700,31.2600,324971,600
2018-02-06 14:19:00,31.2700,31.2700,31.2700,31.2700,325131,100
2018-02-06 14:20:00,31.2100,31.1550,31.1900,31.1550,326338,900
2018-02-06 14:21:00,31.2200,31.2100,31.2100,31.2200,326924,500
2018-02-06 14:22:00,31.2700,31.2200,31.2200,31.2400,327781,800
2018-02-06 14:23:00,31.2700,31.2300,31.2300,31.2600,329696,1566
2018-02-06 14:24:00,31.2600,31.2600,31.2600,31.2600,330264,400
2018-02-06 14:25:00,31.3400,31.3000,31.3000,31.3400,331117,700
2018-02-06 14:26:00,31.3900,31.3900,31.3900,31.3900,331217,100
2018-02-06 14:27:00,31.3700,31.3700,31.3700,31.3700,347107,15800
2018-02-06 14:28:00,31.3400,31.3100,31.3400,31.3100,348060,800
2018-02-06 14:29:00,31.3700,31.3700,31.3700,31.3700,348304,100
2018-02-06 14:30:00,31.3700,31.3700,31.3700,31.3700,348492,100
2018-02-06 14:31:00,31.3699,31.2600,31.3400,31.2600,350665,1429
2018-02-06 14:32:00,31.2900,31.2200,31.2700,31.2900,355980,5100
2018-02-06 14:33:00,31.3300,31.2700,31.3000,31.3300,356487,500
2018-02-06 14:34:00,31.3500,31.3000,31.3500,31.3000,356908,400
2018-02-06 14:36:00,31.3900,31.3300,31.3400,31.3300,358285,1100
2018-02-06 14:37:00,31.3700,31.3100,31.3400,31.3100,361275,2700
2018-02-06 14:38:00,31.3600,31.3000,31.3000,31.3600,361745,400
2018-02-06 14:39:00,31.3200,31.2600,31.3200,31.3100,362949,1100
2018-02-06 14:40:00,31.3500,31.3500,31.3500,31.3500,363049,100
2018-02-06 14:41:00,31.4000,31.3500,31.3600,31.3600,363849,700
2018-02-06 14:43:00,31.5000,31.3700,31.3900,31.4100,369179,4680
2018-02-06 14:44:00,31.4100,31.3700,31.4100,31.3700,372340,2909
2018-02-06 14:45:00,31.4000,31.3000,31.3900,31.3000,376081,3500
2018-02-06 14:46:00,31.3700,31.3600,31.3700,31.3600,376851,700
2018-02-06 14:47:00,31.4100,31.4100,31.4100,31.4100,376951,100
2018-02-06 14:48:00,31.4100,31.4100,31.4100,31.4100,377573,500
2018-02-06 14:52:00,31.4000,31.3600,31.4000,31.3800,379263,1300
2018-02-06 14:53:00,31.3500,31.3400,31.3400,31.3500,379563,300
2018-02-06 14:55:00,31.4100,31.3400,31.3400,31.3900,381406,1600
2018-02-06 14:56:00,31.4400,31.4400,31.4400,31.4400,381873,300
2018-02-06 14:58:00,31.4100,31.3700,31.4100,31.3700,383300,1300
2018-02-06 14:59:00,31.4000,31.3900,31.3900,31.4000,383704,260
2018-02-06 15:01:00,31.3900,31.3900,31.3900,31.3900,384093,100
2018-02-06 15:02:00,31.4400,31.4300,31.4300,31.4300,387094,2900
2018-02-06 15:03:00,31.5100,31.4650,31.5000,31.5100,387394,300
2018-02-06 15:04:00,31.5000,31.5000,31.5000,31.5000,387554,100
2018-02-06 15:05:00,31.5100,31.4850,31.4850,31.5100,387954,400
2018-02-06 15:07:00,31.5790,31.5200,31.5300,31.5790,389143,950
2018-02-06 15:08:00,31.5550,31.5300,31.5300,31.5500,389703,400
2018-02-06 15:09:00,31.5200,31.5200,31.5200,31.5200,389903,100
2018-02-06 15:10:00,31.5450,31.5200,31.5450,31.5400,390303,300
2018-02-06 15:11:00,31.5800,31.5300,31.5600,31.5350,392803,2500
2018-02-06 15:12:00,31.5800,31.5600,31.5600,31.5650,393303,400
2018-02-06 15:13:00,31.5700,31.4900,31.5400,31.5300,394703,1400
2018-02-06 15:14:00,31.5300,31.5300,31.5300,31.5300,394903,200
2018-02-06 15:15:00,31.5400,31.4400,31.5100,31.5400,396122,900
2018-02-06 15:16:00,31.4800,31.4800,31.4800,31.4800,396321,100
2018-02-06 15:17:00,31.5600,31.5000,31.5600,31.5000,397061,600
2018-02-06 15:18:00,31.5400,31.4800,31.4800,31.5400,397551,490
2018-02-06 15:19:00,31.5300,31.4800,31.4800,31.5300,397826,200
2018-02-06 15:20:00,31.5300,31.4800,31.5300,31.4800,399585,1600
2018-02-06 15:21:00,31.5500,31.4900,31.5000,31.5500,402844,3158
2018-02-06 15:22:00,31.5600,31.5300,31.5550,31.5400,403944,1000
2018-02-06 15:23:00,31.5200,31.4700,31.5200,31.5000,405395,1100
2018-02-06 15:24:00,31.5500,31.4700,31.4700,31.5500,405995,500
2018-02-06 15:25:00,31.5500,31.5200,31.5500,31.5200,406295,300
2018-02-06 15:27:00,31.5900,31.5500,31.5500,31.5550,407445,900
2018-02-06 15:28:00,31.6100,31.5300,31.5500,31.6100,411149,3500
2018-02-06 15:29:00,31.6100,31.6000,31.6000,31.6100,412733,1301
2018-02-06 15:30:00,31.6100,31.5900,31.6000,31.5900,414396,1500
2018-02-06 15:31:00,31.6400,31.5700,31.5900,31.6150,417937,2800
2018-02-06 15:32:00,31.6000,31.5400,31.6000,31.5800,420045,1800
2018-02-06 15:33:00,31.6000,31.6000,31.6000,31.6000,420145,100
2018-02-06 15:34:00,31.7400,31.5800,31.5800,31.7400,421533,1200
2018-02-06 15:35:00,31.7200,31.6900,31.7000,31.7200,422803,700
2018-02-06 15:36:00,31.7100,31.6900,31.6900,31.7100,424814,1700
2018-02-06 15:37:00,31.7400,31.6800,31.6900,31.7400,427289,2260
2018-02-06 15:38:00,31.7400,31.7000,31.7400,31.7000,428929,1365
2018-02-06 15:39:00,31.7200,31.7200,31.7200,31.7200,429229,200
2018-02-06 15:40:00,31.7500,31.7000,31.7000,31.7400,430413,900
2018-02-06 15:41:00,31.7500,31.7400,31.7500,31.7500,432313,1900
2018-02-06 15:42:00,31.7500,31.7100,31.7400,31.7300,437341,4700
2018-02-06 15:43:00,31.7100,31.6800,31.7000,31.6800,439841,2400
2018-02-06 15:44:00,31.6700,31.6400,31.6400,31.6600,440888,800
2018-02-06 15:45:00,31.6500,31.6300,31.6500,31.6300,443749,2154
2018-02-06 15:46:00,31.6450,31.6000,31.6450,31.6400,447562,3500
2018-02-06 15:47:00,31.6400,31.6100,31.6400,31.6200,448578,700
2018-02-06 15:48:00,31.6200,31.6000,31.6200,31.6100,449592,800
2018-02-06 15:49:00,31.6050,31.4600,31.6050,31.5300,456261,6096
2018-02-06 15:50:00,31.5600,31.5100,31.5350,31.5350,457372,900
2018-02-06 15:51:00,31.5350,31.4600,31.5100,31.4600,462935,4600
2018-02-06 15:52:00,31.4700,31.4100,31.4500,31.4200,465364,2149
2018-02-06 15:53:00,31.4800,31.4300,31.4300,31.4800,467858,2300
2018-02-06 15:54:00,31.4800,31.4400,31.4650,31.4400,472158,4100
2018-02-06 15:55:00,31.4700,31.4300,31.4700,31.4450,474051,1500
2018-02-06 15:56:00,31.4600,31.4300,31.4500,31.4500,480417,5541
2018-02-06 15:57:00,31.5700,31.4500,31.4500,31.5700,487810,5317
2018-02-06 15:58:00,31.6000,31.5400,31.6000,31.5500,491389,2716
2018-02-06 15:59:00,31.6400,31.5600,31.5700,31.5600,497032,4000
2018-02-06 16:00:00,31.6600,31.5400,31.5700,31.6600,511304,11976
2018-02-07 09:31:00,31.5900,31.5900,31.5900,31.5900,530,530
2018-02-07 09:34:00,31.7500,31.2500,31.6700,31.7500,5562,4977
2018-02-07 09:35:00,31.7500,31.6200,31.7500,31.7350,6362,800
2018-02-07 09:36:00,31.7500,31.6800,31.7500,31.7150,8712,2250
2018-02-07 09:37:00,31.7500,31.7200,31.7500,31.7200,14115,5403
2018-02-07 09:38:00,31.7300,31.7300,31.7300,31.7300,14315,100
2018-02-07 09:42:00,31.7300,31.7300,31.7300,31.7300,14515,100
2018-02-07 09:43:00,31.9600,31.6900,31.9600,31.6900,17464,2650
2018-02-07 09:44:00,31.6900,31.6900,31.6900,31.6900,18664,1200