2018-02-05 09:31:00,30.6300,29.3900,30.3500,29.7800,226160,183146
2018-02-05 09:32:00,30.1500,29.6903,29.7000,30.0376,262535,25310
2018-02-05 09:33:00,30.7000,30.1200,30.1400,30.6126,289888,19748
2018-02-05 09:34:00,30.8500,30.5000,30.6400,30.8500,308164,17502
2018-02-05 09:35:00,30.9300,30.5220,30.8650,30.5220,328982,19002
2018-02-05 09:36:00,30.9400,30.5800,30.5800,30.8850,338815,9451
2018-02-05 09:37:00,30.8700,30.7217,30.8450,30.8088,347153,8262
2018-02-05 09:38:00,31.2450,30.7624,30.8600,31.2450,383251,35150
2018-02-05 09:39:00,31.3050,31.1000,31.2400,31.1450,402894,19297
2018-02-05 09:40:00,31.2200,31.0950,31.1500,31.1950,415736,11525
2018-02-05 09:41:00,31.5000,31.1910,31.2050,31.3500,429905,12674
2018-02-05 09:42:00,31.4300,31.2100,31.4100,31.2200,455562,25310
2018-02-05 09:43:00,31.3800,31.1600,31.2800,31.1600,465418,9507
2018-02-05 09:44:00,31.3200,31.1250,31.1250,31.2754,470049,4507
2018-02-05 09:45:00,31.3600,31.1500,31.2600,31.1500,476421,5161
2018-02-05 09:46:00,31.4600,31.1000,31.1000,31.4600,480075,3151
2018-02-05 09:47:00,31.4600,31.2750,31.3500,31.3100,485257,4894
2018-02-05 09:48:00,31.3200,31.2004,31.2800,31.2900,489717,4100
2018-02-05 09:49:00,31.2700,31.1200,31.2365,31.1700,497920,6927
2018-02-05 09:50:00,31.2100,31.0800,31.2100,31.2100,502625,4178
2018-02-05 09:51:00,31.2430,31.1500,31.2100,31.2300,509590,6144
2018-02-05 09:52:00,31.2400,31.1400,31.1700,31.2400,513917,3904
2018-02-05 09:53:00,31.2900,31.2400,31.2400,31.2501,520079,5010
2018-02-05 09:54:00,31.2800,31.1900,31.2675,31.2800,526779,6035
2018-02-05 09:55:00,31.4400,31.2500,31.2500,31.4400,536550,9625
2018-02-05 09:56:00,31.5800,31.3700,31.4400,31.5110,556482,19541
2018-02-05 09:57:00,31.6000,31.4700,31.5800,31.5000,567808,10107
2018-02-05 09:58:00,31.5350,31.4800,31.5100,31.4800,570101,1411
2018-02-05 09:59:00,31.5500,31.4401,31.5300,31.4401,573790,3440
2018-02-05 10:00:00,31.6422,31.4700,31.4750,31.6422,581790,7390
2018-02-05 10:01:00,31.6339,31.5500,31.6339,31.6200,591863,9200
2018-02-05 10:02:00,31.6000,31.4900,31.6000,31.5250,596897,4218
2018-02-05 10:03:00,31.6800,31.4853,31.4853,31.6800,600355,2894
2018-02-05 10:04:00,31.8000,31.6900,31.6900,31.7400,608997,7845
2018-02-05 10:05:00,31.8500,31.7798,31.8000,31.8100,628551,18768
2018-02-05 10:06:00,31.8300,31.6900,31.8300,31.7300,647550,17531
2018-02-05 10:07:00,31.7100,31.6700,31.7100,31.6800,649530,1600
2018-02-05 10:08:00,31.7300,31.6300,31.7000,31.7000,657289,7018
2018-02-05 10:09:00,31.8300,31.6700,31.6700,31.7900,665751,8175
2018-02-05 10:10:00,31.9300,31.8200,31.8200,31.9300,676796,10437
2018-02-05 10:11:00,32.0600,31.9200,31.9200,32.0128,694807,16274
2018-02-05 10:12:00,32.1200,32.0100,32.0500,32.0625,709761,14350
2018-02-05 10:13:00,32.1000,32.0200,32.1000,32.1000,727336,16803
2018-02-05 10:14:00,32.1400,32.0300,32.0500,32.1152,733857,6023
2018-02-05 10:15:00,32.1600,32.0800,32.1300,32.1400,739028,4756
2018-02-05 10:16:00,32.2000,32.0900,32.1400,32.1290,748980,9232
2018-02-05 10:17:00,32.1155,31.9700,32.1155,31.9700,755846,6030
2018-02-05 10:18:00,31.9600,31.8801,31.9600,31.8900,759405,3103
2018-02-05 10:19:00,32.1400,31.9100,31.9500,32.1400,763303,2750
2018-02-05 10:20:00,32.1700,32.0780,32.1700,32.1200,767066,3300
2018-02-05 10:21:00,32.1200,31.9300,32.1200,32.0400,771804,3134
2018-02-05 10:22:00,32.1500,32.0500,32.0500,32.1500,775222,2288
2018-02-05 10:23:00,32.2700,32.1200,32.1450,32.2700,784542,7627
2018-02-05 10:24:00,32.3400,32.2000,32.2450,32.2900,802426,16495
2018-02-05 10:25:00,32.4800,32.2400,32.2442,32.4500,814792,10968
2018-02-05 10:26:00,32.4800,32.3600,32.4400,32.3600,818657,3311
2018-02-05 10:27:00,32.3600,32.2200,32.3500,32.2200,825122,6265
2018-02-05 10:28:00,32.2699,32.1100,32.2699,32.1900,869117,43130
2018-02-05 10:29:00,32.1900,32.0300,32.1900,32.1100,872854,3400
2018-02-05 10:30:00,32.2000,32.0900,32.1100,32.0900,883209,10350
2018-02-05 10:31:00,32.0900,32.0000,32.0700,32.0288,900890,16410
2018-02-05 10:32:00,32.0200,31.9252,32.0000,31.9500,910797,8400
2018-02-05 10:33:00,32.0172,31.9200,31.9400,31.9924,921201,10150
2018-02-05 10:34:00,32.0500,31.8600,31.9950,31.9700,930786,8950
2018-02-05 10:35:00,32.0100,31.8700,31.8700,31.9925,932695,1800
2018-02-05 10:36:00,32.0400,31.9800,31.9800,31.9900,933624,900
2018-02-05 10:37:00,32.1300,32.0400,32.0400,32.0500,938557,4700
2018-02-05 10:38:00,32.0950,32.0300,32.0700,32.0398,940081,1470
2018-02-05 10:39:00,32.0500,32.0000,32.0450,32.0000,946197,5872
2018-02-05 10:40:00,32.0100,31.9500,32.0000,31.9501,949505,2700
2018-02-05 10:41:00,32.0672,32.0000,32.0100,32.0672,951214,1400
2018-02-05 10:42:00,32.1800,32.0600,32.0900,32.1800,962233,9474
2018-02-05 10:43:00,32.1600,32.0800,32.1600,32.0800,966308,3610
2018-02-05 10:44:00,32.1600,32.0900,32.1600,32.0900,966789,400
2018-02-05 10:45:00,32.2500,32.1300,32.1300,32.2500,968031,700
2018-02-05 10:46:00,32.2700,32.2000,32.2500,32.2000,972283,3418
2018-02-05 10:47:00,32.2400,32.1800,32.1900,32.2200,976473,3750
2018-02-05 10:48:00,32.2700,32.2200,32.2200,32.2400,977914,1400
2018-02-05 10:49:00,32.2500,32.1700,32.2500,32.2350,980391,1900
2018-02-05 10:50:00,32.2500,32.1300,32.1800,32.1300,983241,2820
2018-02-05 10:51:00,32.1700,32.0000,32.1700,32.0100,992043,8264
2018-02-05 10:52:00,32.1148,32.0248,32.0248,32.0500,995622,3100
2018-02-05 10:53:00,32.1000,32.0300,32.0400,32.1000,997737,1611
2018-02-05 10:54:00,32.1000,32.0500,32.0800,32.0600,1000566,2111
2018-02-05 10:55:00,32.1200,32.0000,32.1200,32.0300,1003697,3100
2018-02-05 10:56:00,32.1000,32.0400,32.0400,32.1000,1005327,1190
2018-02-05 10:57:00,32.1500,32.0675,32.0900,32.1500,1011646,5339
2018-02-05 10:58:00,32.1900,32.1000,32.1400,32.1810,1016736,4600
2018-02-05 10:59:00,32.2700,32.1500,32.1500,32.1900,1020637,3201
2018-02-05 11:00:00,32.1700,32.1100,32.1700,32.1500,1023358,2100
2018-02-05 11:01:00,32.2630,32.1563,32.1900,32.2300,1027317,3700
2018-02-05 11:02:00,32.2200,32.1400,32.2200,32.1400,1028667,1200
2018-02-05 11:03:00,32.1400,32.0900,32.0900,32.1000,1029297,550
2018-02-05 11:04:00,32.1900,32.1400,32.1400,32.1800,1032247,2425
2018-02-05 11:05:00,32.1600,32.1000,32.1400,32.1000,1036965,4200
2018-02-05 11:06:00,32.1396,32.0900,32.1396,32.0900,1038965,1800
2018-02-05 11:07:00,32.2200,32.1234,32.1500,32.2200,1044177,4800
2018-02-05 11:08:00,32.2000,32.0469,32.2000,32.0469,1051479,6260
2018-02-05 11:09:00,32.0900,32.0400,32.0600,32.0400,1054430,2600
2018-02-05 11:10:00,32.0800,32.0562,32.0800,32.0562,1055180,700
2018-02-05 11:11:00,32.0202,32.0100,32.0100,32.0202,1056335,850
2018-02-05 11:12:00,32.0500,31.8500,32.0400,31.8800,1092163,35108
2018-02-05 11:13:00,31.8900,31.7800,31.8700,31.8010,1108255,15531
2018-02-05 11:14:00,31.8400,31.8000,31.8279,31.8350,1112105,3850
2018-02-05 11:15:00,31.8200,31.7900,31.8000,31.8100,1115925,3190
2018-02-05 11:16:00,31.8700,31.8300,31.8300,31.8600,1118352,2300
2018-02-05 11:17:00,31.9250,31.8225,31.8600,31.8225,1126997,7631
2018-02-05 11:18:00,31.8500,31.7900,31.8300,31.8127,1131677,3720
2018-02-05 11:19:00,31.8500,31.7600,31.8500,31.8200,1133369,1500
2018-02-05 11:20:00,31.7600,31.5900,31.7510,31.6200,1152075,18372
2018-02-05 11:21:00,31.6200,31.5700,31.6000,31.6200,1154086,1600
2018-02-05 11:22:00,31.5700,31.5500,31.5700,31.5500,1155073,500
2018-02-05 11:23:00,31.6700,31.5900,31.5900,31.6600,1165692,9900
2018-02-05 11:24:00,31.7800,31.6600,31.6800,31.7800,1168952,3100
2018-02-05 11:25:00,31.8100,31.7300,31.8000,31.7300,1171324,2049
2018-02-05 11:26:00,31.8300,31.7400,31.7500,31.7400,1175000,3129
2018-02-05 11:27:00,31.8100,31.8100,31.8100,31.8100,1175542,300
2018-02-05 11:28:00,31.9000,31.8058,31.8058,31.8600,1177572,1900
2018-02-05 11:29:00,31.8900,31.8100,31.8900,31.8200,1179736,1500
2018-02-05 11:30:00,31.8400,31.7500,31.7900,31.8400,1185868,5700
2018-02-05 11:31:00,31.7800,31.6300,31.7700,31.6600,1196530,10400
2018-02-05 11:32:00,31.7100,31.6800,31.6900,31.7100,1200195,3600
2018-02-05 11:33:00,31.7200,31.6300,31.6600,31.7200,1202847,2300
2018-02-05 11:34:00,31.7700,31.7200,31.7200,31.7700,1203620,400
2018-02-05 11:35:00,31.8000,31.7600,31.7900,31.8000,1211072,6100
2018-02-05 11:36:00,31.7800,31.6800,31.7500,31.7353,1217195,5792
2018-02-05 11:37:00,31.7500,31.6800,31.7000,31.7200,1219657,2400
2018-02-05 11:38:00,31.7250,31.7190,31.7190,31.7200,1220237,443
2018-02-05 11:39:00,31.7700,31.7000,31.7700,31.7000,1221140,900
2018-02-05 11:40:00,31.7300,31.6600,31.6800,31.7300,1225708,3400
2018-02-05 11:41:00,31.7000,31.6800,31.7000,31.7000,1227118,900
2018-02-05 11:42:00,31.7400,31.6900,31.7400,31.7200,1228003,800
2018-02-05 11:43:00,31.7400,31.6860,31.6900,31.7100,1230379,2049
2018-02-05 11:44:00,31.7800,31.7200,31.7300,31.7800,1234128,3416
2018-02-05 11:45:00,31.7600,31.7000,31.7600,31.7100,1245907,10381
2018-02-05 11:46:00,31.8200,31.7500,31.7500,31.8100,1252534,6240
2018-02-05 11:47:00,31.8200,31.7950,31.8100,31.8200,1254377,1800
2018-02-05 11:48:00,31.8200,31.7850,31.8200,31.8000,1260297,5900
2018-02-05 11:49:00,31.7850,31.7200,31.7700,31.7400,1267690,5635
2018-02-05 11:50:00,31.7500,31.7100,31.7400,31.7200,1273330,4800
2018-02-05 11:51:00,31.7800,31.7000,31.7200,31.7800,1276600,3034
2018-02-05 11:52:00,31.8000,31.7760,31.7800,31.7760,1281359,4749
2018-02-05 11:53:00,31.8400,31.8000,31.8000,31.8300,1284582,2600
2018-02-05 11:54:00,31.8700,31.8100,31.8600,31.8600,1289524,4569
2018-02-05 11:56:00,31.9200,31.8000,31.8300,31.9200,1294498,4093
2018-02-05 11:57:00,31.9500,31.8700,31.8900,31.9000,1305365,10700
2018-02-05 11:58:00,32.0000,31.8900,31.9000,31.9800,1316212,9423
2018-02-05 11:59:00,32.0200,31.9600,32.0000,32.0200,1322268,5584
2018-02-05 12:00:00,32.0700,32.0000,32.0600,32.0100,1327161,3959
2018-02-05 12:01:00,32.0100,31.9495,32.0100,31.9700,1329467,2075
2018-02-05 12:02:00,31.9300,31.9000,31.9300,31.9200,1330347,800
2018-02-05 12:03:00,31.9300,31.8600,31.9200,31.8779,1334146,3290
2018-02-05 12:04:00,31.8800,31.8300,31.8500,31.8800,1336210,1500
2018-02-05 12:05:00,31.9200,31.8400,31.9000,31.8850,1338218,1600
2018-02-05 12:06:00,31.9400,31.8700,31.8750,31.9200,1346023,7514
2018-02-05 12:07:00,31.9400,31.8200,31.9400,31.8500,1351774,5100
2018-02-05 12:08:00,31.8900,31.8538,31.8600,31.8538,1352653,840
2018-02-05 12:09:00,31.9000,31.8600,31.8900,31.8800,1353688,1000
2018-02-05 12:10:00,31.8900,31.8100,31.8900,31.8700,1359315,5000
2018-02-05 12:11:00,31.8600,31.8000,31.8400,31.8000,1366113,6600
2018-02-05 12:12:00,31.8800,31.7900,31.8000,31.8800,1369351,2800
2018-02-05 12:13:00,31.8800,31.8550,31.8800,31.8550,1370251,900
2018-02-05 12:14:00,31.9200,31.8500,31.8800,31.9200,1374694,4315
2018-02-05 12:15:00,32.0500,31.9200,31.9300,32.0330,1399649,24250
2018-02-05 12:16:00,32.0300,31.9500,32.0300,31.9800,1406755,6734
2018-02-05 12:17:00,31.9900,31.9500,31.9500,31.9900,1412698,5800
2018-02-05 12:18:00,31.9700,31.9200,31.9550,31.9700,1422708,8900
2018-02-05 12:19:00,32.0150,31.9600,31.9900,31.9600,1426094,2950
2018-02-05 12:20:00,32.0000,31.9500,32.0000,31.9625,1428963,2450
2018-02-05 12:21:00,31.9700,31.8600,31.9700,31.9000,1434235,4433
2018-02-05 12:22:00,31.9400,31.8900,31.8900,31.8952,1435278,750
2018-02-05 12:23:00,31.9200,31.8600,31.9200,31.8600,1439261,3015
2018-02-05 12:24:00,31.9200,31.8700,31.8800,31.8900,1441637,2250
2018-02-05 12:25:00,31.9500,31.8800,31.9000,31.9250,1444694,2300
2018-02-05 12:26:00,31.9671,31.9000,31.9000,31.9650,1452549,7548
2018-02-05 12:27:00,32.0100,31.9600,31.9600,32.0050,1457785,4200
2018-02-05 12:28:00,31.9900,31.9300,31.9900,31.9500,1460314,2100
2018-02-05 12:29:00,32.0100,31.9200,31.9600,32.0100,1470882,9900
2018-02-05 12:30:00,32.0300,31.9700,31.9800,32.0100,1480603,9270
2018-02-05 12:31:00,32.0300,31.9700,32.0250,32.0000,1485477,4300
2018-02-05 12:32:00,32.0500,31.9600,31.9600,32.0214,1487192,1456
2018-02-05 12:33:00,32.0390,31.9950,32.0000,32.0200,1494423,7088
2018-02-05 12:34:00,32.0600,32.0100,32.0234,32.0600,1497490,2099
2018-02-05 12:35:00,32.0800,31.9800,32.0800,31.9800,1500402,2600
2018-02-05 12:36:00,32.0200,31.9100,32.0200,31.9400,1510294,9510
2018-02-05 12:37:00,31.9900,31.9100,31.9100,31.9600,1521238,10600
2018-02-05 12:38:00,32.0000,31.9300,31.9700,32.0000,1525825,4045
2018-02-05 12:39:00,32.0200,31.9650,31.9650,32.0200,1529950,2744
2018-02-05 12:40:00,32.0500,31.9500,32.0500,31.9927,1533702,3200
2018-02-05 12:41:00,32.0600,31.9900,31.9900,32.0100,1535146,1200
2018-02-05 12:42:00,32.0500,31.9800,32.0200,31.9900,1538149,2924
2018-02-05 12:43:00,32.0100,32.0000,32.0100,32.0000,1538803,600
2018-02-05 12:44:00,31.9899,31.9600,31.9800,31.9899,1541433,1897
2018-02-05 12:45:00,32.0500,31.9600,31.9696,32.0500,1545040,3000
2018-02-05 12:46:00,32.0700,32.0100,32.0600,32.0100,1551141,6100
2018-02-05 12:47:00,32.0100,31.9900,32.0000,32.0100,1552665,1408
2018-02-05 12:48:00,32.0200,31.9900,32.0100,32.0200,1554451,1500
2018-02-05 12:49:00,32.0100,31.9800,31.9800,32.0100,1555588,700
2018-02-05 12:50:00,32.0500,32.0201,32.0500,32.0201,1556835,1100
2018-02-05 12:51:00,32.0800,32.0500,32.0600,32.0600,1560121,2700
2018-02-05 12:52:00,32.0400,31.9800,32.0200,31.9800,1562535,2200
2018-02-05 12:53:00,32.0600,32.0200,32.0200,32.0600,1563221,307
2018-02-05 12:54:00,32.0300,31.9700,32.0270,32.0000,1578476,14782
2018-02-05 12:55:00,32.0600,32.0500,32.0500,32.0600,1579444,200
2018-02-05 12:56:00,32.1200,32.0300,32.0500,32.1000,1584196,4550
2018-02-05 12:57:00,32.1200,32.0500,32.1100,32.0500,1586659,2136
2018-02-05 12:58:00,32.1100,32.0100,32.1000,32.0700,1589433,2150
2018-02-05 12:59:00,32.0900,32.0000,32.0520,32.0900,1591745,2200
2018-02-05 13:00:00,32.0800,32.0000,32.0600,32.0400,1593445,1400
2018-02-05 13:01:00,32.0400,32.0000,32.0000,32.0000,1595494,1700
2018-02-05 13:02:00,32.0100,31.9500,31.9900,31.9647,1596791,1000
2018-02-05 13:03:00,32.0300,31.9200,32.0300,31.9300,1604039,6200
2018-02-05 13:04:00,31.9800,31.9300,31.9662,31.9500,1605802,1464
2018-02-05 13:05:00,31.9900,31.9300,31.9491,31.9900,1607769,1600
2018-02-05 13:06:00,32.0300,31.9900,31.9900,32.0100,1609121,1200
2018-02-05 13:07:00,32.0900,31.9900,32.0500,31.9900,1614121,3900
2018-02-05 13:08:00,32.0300,31.9800,31.9900,32.0300,1618028,3430
2018-02-05 13:09:00,32.0600,32.0000,32.0400,32.0000,1621943,3405
2018-02-05 13:10:00,32.0150,31.9800,32.0000,31.9800,1623369,1100
2018-02-05 13:11:00,32.0300,31.9300,31.9900,31.9600,1630112,6150
2018-02-05 13:12:00,32.0000,31.9300,32.0000,31.9900,1635249,4433
2018-02-05 13:13:00,32.0100,31.9300,32.0100,31.9500,1643073,6961
2018-02-05 13:14:00,32.0600,31.9800,31.9900,32.0000,1646409,3000
2018-02-05 13:15:00,31.9900,31.9400,31.9700,31.9475,1652204,5655
2018-02-05 13:16:00,31.9700,31.8600,31.9300,31.9500,1661472,8798
2018-02-05 13:17:00,31.9600,31.8500,31.9600,31.8900,1666674,5023
2018-02-05 13:18:00,31.8900,31.7650,31.8900,31.7800,1672035,5050
2018-02-05 13:19:00,31.8500,31.7750,31.7750,31.8100,1673918,1600
2018-02-05 13:20:00,31.8400,31.7150,31.8400,31.7150,1685177,10190
2018-02-05 13:21:00,31.9600,31.7400,31.7400,31.8075,1732005,44570
2018-02-05 13:22:00,31.8150,31.7000,31.8150,31.7200,1738153,5700
2018-02-05 13:23:00,31.8100,31.7000,31.7400,31.7300,1741978,3200
2018-02-05 13:24:00,31.8200,31.7400,31.7600,31.8000,1745740,3729
2018-02-05 13:25:00,31.8100,31.7500,31.7900,31.7500,1747222,1400
2018-02-05 13:26:00,31.8000,31.7500,31.7900,31.7900,1749876,2100
2018-02-05 13:27:00,31.7800,31.7200,31.7600,31.7300,1754877,4600
2018-02-05 13:28:00,31.7700,31.7300,31.7500,31.7300,1758675,3600
2018-02-05 13:29:00,31.7700,31.6700,31.7600,31.7400,1765736,5800
2018-02-05 13:30:00,31.8200,31.7200,31.7500,31.7800,1771613,5765
2018-02-05 13:31:00,31.8250,31.7900,31.7900,31.8250,1772153,400
2018-02-05 13:32:00,31.8900,31.8100,31.8500,31.8100,1774987,2402
2018-02-05 13:33:00,31.8998,31.8332,31.8400,31.8900,1777804,2200
2018-02-05 13:34:00,31.9400,31.9399,31.9400,31.9400,1778937,1130
2018-02-05 13:35:00,31.9400,31.8300,31.9400,31.8300,1782017,2732
2018-02-05 13:36:00,31.9200,31.8700,31.8900,31.8900,1785419,2900
2018-02-05 13:37:00,31.9000,31.8600,31.9000,31.8900,1786760,1298
2018-02-05 13:38:00,31.8750,31.7600,31.8500,31.8100,1790943,2900
2018-02-05 13:39:00,31.9100,31.8300,31.8300,31.9100,1792386,1200
2018-02-05 13:40:00,31.9000,31.7900,31.9000,31.8300,1794246,1800
2018-02-05 13:41:00,31.8600,31.8200,31.8600,31.8400,1795577,1297
2018-02-05 13:42:00,31.9300,31.8500,31.8700,31.8800,1799154,2183
2018-02-05 13:43:00,31.8700,31.7956,31.8548,31.8040,1803353,3214
2018-02-05 13:44:00,31.8500,31.8163,31.8400,31.8300,1806103,2650
2018-02-05 13:45:00,31.8800,31.8422,31.8700,31.8700,1808085,1550
2018-02-05 13:46:00,31.8652,31.7800,31.8652,31.8100,1812185,3566
2018-02-05 13:47:00,31.9000,31.8400,31.8400,31.8500,1815753,3027
2018-02-05 13:48:00,31.8959,31.7900,31.8200,31.8700,1822061,5300
2018-02-05 13:49:00,31.8750,31.8200,31.8700,31.8700,1824265,1700
2018-02-05 13:50:00,31.9200,31.8700,31.8700,31.9200,1826630,1984
2018-02-05 13:51:00,31.9000,31.8500,31.8750,31.8900,1827430,800
2018-02-05 13:52:00,31.9900,31.8900,31.8900,31.9800,1830375,2614
2018-02-05 13:53:00,31.9800,31.9000,31.9800,31.9400,1834233,2950
2018-02-05 13:54:00,31.9600,31.9400,31.9400,31.9600,1835214,800
2018-02-05 13:55:00,32.1000,31.9900,31.9900,32.1000,1841583,6040
2018-02-05 13:56:00,32.1400,32.0900,32.1100,32.1100,1847184,5245
2018-02-05 13:57:00,32.1900,32.1100,32.1100,32.1900,1851005,3730
2018-02-05 13:58:00,32.3100,32.1700,32.1700,32.2100,1873091,20685
2018-02-05 13:59:00,32.2700,32.1900,32.2300,32.1900,1876096,2600
2018-02-05 14:00:00,32.3100,32.2300,32.2500,32.3100,1888145,10168
2018-02-05 14:01:00,32.3200,32.2700,32.3100,32.2900,1899953,11089
2018-02-05 14:02:00,32.2900,32.2300,32.2700,32.2300,1905170,4534
2018-02-05 14:03:00,32.2700,32.2200,32.2450,32.2500,1923527,17401
2018-02-05 14:04:00,32.3000,32.2300,32.2650,32.3000,1934856,11023
2018-02-05 14:05:00,32.3700,32.3200,32.3200,32.3285,1941859,6376
2018-02-05 14:06:00,32.4300,32.3300,32.3600,32.3850,1956461,12061
2018-02-05 14:07:00,32.4200,32.3400,32.3850,32.3400,1983513,26177
2018-02-05 14:08:00,32.3550,32.2700,32.3550,32.2800,2001611,16606
2018-02-05 14:09:00,32.3300,32.2800,32.3200,32.3000,2016211,14250
2018-02-05 14:10:00,32.2825,32.2100,32.2825,32.2200,2022948,6123
2018-02-05 14:11:00,32.2200,32.1600,32.2185,32.2150,2029207,5533
2018-02-05 14:12:00,32.3000,32.2400,32.2400,32.2650,2031306,1700
2018-02-05 14:13:00,32.2700,32.1600,32.2700,32.1700,2034480,2400
2018-02-05 14:14:00,32.2400,32.1800,32.1800,32.2400,2035542,900
2018-02-05 14:15:00,32.2100,32.1400,32.2100,32.1700,2037712,1754
2018-02-05 14:16:00,32.1700,32.0800,32.1500,32.1450,2042995,4600
2018-02-05 14:17:00,32.1400,32.0800,32.1300,32.1200,2049703,5635
2018-02-05 14:18:00,32.1080,32.0500,32.1080,32.0700,2051526,1649
2018-02-05 14:19:00,32.0700,31.9900,32.0610,32.0000,2055788,4000
2018-02-05 14:20:00,32.0500,32.0100,32.0200,32.0200,2057563,1663
2018-02-05 14:21:00,32.0300,32.0000,32.0000,32.0300,2058813,1100
2018-02-05 14:22:00,32.0100,31.8900,32.0100,31.9000,2071948,11841
2018-02-05 14:23:00,31.9400,31.8600,31.8801,31.9400,2081322,8846
2018-02-05 14:24:00,31.9200,31.8100,31.9100,31.8300,2091239,9700
2018-02-05 14:25:00,31.8250,31.7800,31.8000,31.8000,2093999,2257
2018-02-05 14:26:00,31.8600,31.7800,31.7900,31.8100,2096014,1950
2018-02-05 14:27:00,31.8300,31.7800,31.7900,31.8300,2098549,2234
2018-02-05 14:28:00,31.8300,31.8000,31.8150,31.8200,2100636,1800
2018-02-05 14:29:00,31.8200,31.7500,31.8200,31.8000,2103558,2900
2018-02-05 14:30:00,31.8400,31.7800,31.7982,31.7800,2104935,1052
2018-02-05 14:31:00,31.8300,31.7200,31.7800,31.7500,2112678,6691
2018-02-05 14:32:00,31.8200,31.7600,31.7600,31.8100,2115841,2700
2018-02-05 14:33:00,31.8400,31.7675,31.8400,31.7900,2123291,7243
2018-02-05 14:34:00,31.7705,31.7100,31.7600,31.7600,2126286,2425
2018-02-05 14:35:00,31.7500,31.6700,31.7100,31.7200,2137560,10172
2018-02-05 14:36:00,31.7800,31.7100,31.7300,31.7400,2140774,3012
2018-02-05 14:37:00,31.7600,31.6900,31.7300,31.7500,2142930,1900
2018-02-05 14:38:00,31.7600,31.7200,31.7200,31.7300,2144963,1750
2018-02-05 14:39:00,31.7700,31.7400,31.7400,31.7700,2147498,1914
2018-02-05 14:40:00,31.7400,31.6700,31.7400,31.6882,2152672,4550
2018-02-05 14:41:00,31.7600,31.7100,31.7200,31.7400,2154627,1629
2018-02-05 14:42:00,31.7400,31.6404,31.7400,31.6900,2160526,5820
2018-02-05 14:43:00,31.7600,31.6900,31.7100,31.7600,2164822,3900
2018-02-05 14:44:00,31.7600,31.7000,31.7600,31.7300,2171834,6400
2018-02-05 14:45:00,31.7100,31.6400,31.7100,31.6850,2176545,3800
2018-02-05 14:46:00,31.7400,31.6900,31.7100,31.7200,2178787,1700
2018-02-05 14:47:00,31.7800,31.6600,31.7300,31.6900,2189254,9950
2018-02-05 14:48:00,31.6800,31.6000,31.6800,31.6400,2191117,1710
2018-02-05 14:49:00,31.6400,31.5900,31.6400,31.6400,2199152,7382
2018-02-05 14:50:00,31.7099,31.5900,31.6300,31.6500,2203705,4144
2018-02-05 14:51:00,31.6500,31.5500,31.6000,31.5600,2215511,10738
2018-02-05 14:52:00,31.5900,31.5200,31.5500,31.5900,2225724,9710
2018-02-05 14:53:00,31.6400,31.5700,31.6400,31.6100,2228721,2500
2018-02-05 14:54:00,31.6000,31.5300,31.6000,31.5500,2246339,15400
2018-02-05 14:55:00,31.5800,31.4900,31.5700,31.4900,2253983,6756
2018-02-05 14:56:00,31.5600,31.4900,31.5200,31.4900,2256598,2100
2018-02-05 14:57:00,31.4900,31.4100,31.4900,31.4500,2262368,4784
2018-02-05 14:58:00,31.4700,31.2800,31.4600,31.3900,2285600,21287
2018-02-05 14:59:00,31.4400,31.3300,31.3800,31.4300,2291359,5032
2018-02-05 15:00:00,31.4300,31.3500,31.3800,31.3800,2299696,7772
2018-02-05 15:01:00,31.3650,31.2900,31.3400,31.3400,2302442,2400
2018-02-05 15:02:00,31.3900,31.3400,31.3800,31.3750,2305085,2058
2018-02-05 15:03:00,31.4600,31.3600,31.3700,31.4600,2308348,3000
2018-02-05 15:04:00,31.4900,31.4100,31.4100,31.4509,2314525,5113
2018-02-05 15:05:00,31.4200,31.2400,31.4200,31.2400,2321750,6086
2018-02-05 15:06:00,31.3800,31.2500,31.2800,31.3400,2347568,25298
2018-02-05 15:07:00,31.3450,31.2100,31.3450,31.2352,2359395,10722
2018-02-05 15:08:00,31.2700,31.0800,31.2700,31.1889,2375411,14679
2018-02-05 15:09:00,31.1900,31.1400,31.1600,31.1852,2380435,3822
2018-02-05 15:10:00,31.1700,30.9900,31.1500,31.0100,2407765,25585
2018-02-05 15:11:00,31.0300,30.9100,30.9900,30.9100,2432994,23706
2018-02-05 15:12:00,31.0000,30.9000,30.9200,30.9900,2460365,26192
2018-02-05 15:13:00,31.3200,30.9510,30.9900,31.3100,2497254,34319
2018-02-05 15:14:00,31.3300,31.1900,31.3300,31.2600,2509895,11581
2018-02-05 15:15:00,31.2600,30.8101,31.1900,30.9000,2640839,125442
2018-02-05 15:16:00,31.0100,30.8900,30.8920,30.9500,2647435,6057
2018-02-05 15:17:00,31.2300,30.9800,30.9800,31.1000,2683623,33788
2018-02-05 15:18:00,31.2400,31.1450,31.1450,31.1800,2695558,10870
2018-02-05 15:19:00,31.2100,31.0000,31.1800,31.0700,2725232,27350
2018-02-05 15:20:00,31.1300,30.9900,31.0600,31.0600,2746561,18835
2018-02-05 15:21:00,31.0700,30.9100,31.0700,30.9300,2762413,14090
2018-02-05 15:22:00,31.0300,30.8900,30.9400,31.0200,2778826,13734
2018-02-05 15:23:00,31.0700,30.9800,31.0400,31.0700,2795954,15544
2018-02-05 15:24:00,31.2200,31.0700,31.0700,31.1841,2806651,9490
2018-02-05 15:25:00,31.2600,31.1200,31.1800,31.2446,2837371,26908
2018-02-05 15:26:00,31.2700,31.1900,31.2500,31.2000,2848553,9459
2018-02-05 15:27:00,31.2700,31.1900,31.2000,31.2699,2862947,11684
2018-02-05 15:28:00,31.3400,31.2200,31.2600,31.2850,2877499,12937
2018-02-05 15:29:00,31.4200,31.3300,31.3300,31.3700,2899679,20314
2018-02-05 15:30:00,31.4800,31.3900,31.4100,31.4000,2918539,17754
2018-02-05 15:31:00,31.4500,31.3200,31.4300,31.3400,2945751,23768
2018-02-05 15:32:00,31.3500,31.2700,31.3500,31.3100,2962724,15060
2018-02-05 15:33:00,31.3600,31.2910,31.3200,31.3300,2975915,10102
2018-02-05 15:34:00,31.3600,31.2900,31.3300,31.3400,2990002,11467
2018-02-05 15:35:00,31.4000,31.3400,31.3600,31.3900,3003728,11450
2018-02-05 15:36:00,31.4300,31.3300,31.3600,31.3600,3018339,13308
2018-02-05 15:37:00,31.3700,31.2500,31.3600,31.2500,3034503,14582
2018-02-05 15:38:00,31.2700,31.2000,31.2500,31.2000,3060175,24329
2018-02-05 15:39:00,31.2100,31.1200,31.2100,31.1400,3077266,12262
2018-02-05 15:40:00,31.1700,30.9900,31.1148,31.1700,3113713,33668
2018-02-05 15:41:00,31.1600,31.0000,31.1500,31.0000,3124501,10125
2018-02-05 15:42:00,31.0300,30.8800,31.0000,30.8900,3143365,18062
2018-02-05 15:43:00,31.0200,30.8800,30.9000,30.9700,3170118,24550
2018-02-05 15:44:00,31.0600,30.9100,31.0300,30.9800,3184963,13773
2018-02-05 15:45:00,31.0400,30.8600,31.0150,30.9002,3197578,11550
2018-02-05 15:46:00,30.9200,30.8100,30.8600,30.8100,3213381,14226
2018-02-05 15:47:00,30.8400,30.6700,30.8150,30.6800,3244538,29050
2018-02-05 15:48:00,30.7100,30.5000,30.6800,30.6100,3291795,44710
2018-02-05 15:49:00,30.6600,30.5800,30.5800,30.6600,3311790,17502
2018-02-05 15:50:00,30.6600,30.5200,30.6400,30.5200,3340512,27020
2018-02-05 15:51:00,30.5900,30.5000,30.5200,30.5000,3380301,35852
2018-02-05 15:52:00,30.5300,30.4400,30.5100,30.4400,3399598,16191
2018-02-05 15:53:00,30.4400,30.3400,30.4400,30.3890,3426639,24835
2018-02-05 15:54:00,30.4000,30.3100,30.3900,30.3350,3472925,42864
2018-02-05 15:55:00,30.3800,30.3000,30.3600,30.3000,3508325,33488
2018-02-05 15:56:00,30.3900,30.3100,30.3400,30.3300,3558749,48081
2018-02-05 15:57:00,30.4400,30.3400,30.3400,30.4300,3597409,36568
2018-02-05 15:58:00,30.5100,30.4100,30.4200,30.4950,3635967,35829
2018-02-05 15:59:00,30.5000,30.4100,30.5000,30.4300,3686512,45438
2018-02-05 16:00:00,30.4400,30.3300,30.4300,30.3400,3743599,52792
2018-02-06 09:31:00,29.7500,29.3400,29.6000,29.5000,141490,112847
2018-02-06 09:32:00,29.7500,29.4300,29.5300,29.6095,158311,15435
2018-02-06 09:33:00,29.9799,29.5501,29.5501,29.8500,173085,12406
2018-02-06 09:34:00,30.1000,29.8100,29.9700,29.8100,194377,18365
2018-02-06 09:35:00,30.1490,29.8100,30.0263,30.1490,202751,7723
2018-02-06 09:36:00,30.4600,30.0800,30.1090,30.3400,217130,13775
2018-02-06 09:37:00,30.6500,30.3600,30.4700,30.6400,237194,19552
2018-02-06 09:38:00,30.8000,30.4400,30.7200,30.5000,256149,18671
2018-02-06 09:39:00,30.5632,30.2701,30.5000,30.3300,265913,9338
2018-02-06 09:40:00,30.4700,30.3100,30.3101,30.3800,270050,3835
2018-02-06 09:41:00,30.7900,30.4700,30.4899,30.6500,283509,12859
2018-02-06 09:42:00,30.6452,30.4000,30.6050,30.4292,315587,31464
2018-02-06 09:43:00,30.6600,30.4000,30.4240,30.5500,331049,15075
2018-02-06 09:44:00,30.7000,30.6000,30.6700,30.6900,339794,8552
2018-02-06 09:45:00,30.7300,30.5550,30.6800,30.6300,349082,9250
2018-02-06 09:46:00,30.6500,30.5200,30.6250,30.6026,353436,4100
2018-02-06 09:47:00,30.8700,30.5555,30.5555,30.8700,372078,17727
2018-02-06 09:48:00,31.0300,30.8100,30.8800,30.9316,394429,21322
2018-02-06 09:49:00,31.2500,30.8950,30.9900,31.1316,408320,13194
2018-02-06 09:50:00,31.2200,30.9100,31.2100,31.0000,429565,20799
2018-02-06 09:51:00,31.0700,30.9200,31.0700,30.9400,437621,7698
2018-02-06 09:52:00,31.0400,30.9100,30.9449,30.9750,442245,4022
2018-02-06 09:53:00,30.9700,30.7600,30.9700,30.8600,456365,13191
2018-02-06 09:54:00,31.0000,30.7800,30.8000,31.0000,464851,7795
2018-02-06 09:55:00,31.2700,30.9500,30.9500,31.1993,478653,13476
2018-02-06 09:56:00,31.3300,31.1900,31.2000,31.3200,487933,8827
2018-02-06 09:57:00,31.3600,31.1400,31.2700,31.2190,509742,15075
2018-02-06 09:58:00,31.1700,30.8600,31.1200,30.9000,518067,6933
2018-02-06 09:59:00,30.9273,30.6600,30.9273,30.6600,535551,17080
2018-02-06 10:00:00,30.9700,30.6200,30.7400,30.9700,562264,25411
2018-02-06 10:01:00,31.0000,30.9300,30.9600,30.9300,571223,8249
2018-02-06 10:02:00,31.0500,30.9000,30.9400,31.0500,581266,8900
2018-02-06 10:03:00,31.0000,30.7000,31.0000,30.7390,601229,19616
2018-02-06 10:04:00,30.8900,30.7200,30.7200,30.8900,604674,3415
2018-02-06 10:05:00,31.0150,30.8300,30.8300,30.9435,622487,17546
2018-02-06 10:06:00,31.1200,31.0000,31.0300,31.0290,629443,6662
2018-02-06 10:07:00,31.0090,30.7600,30.9500,30.7600,638125,8325
2018-02-06 10:08:00,30.8700,30.7200,30.7200,30.8700,646459,7550
2018-02-06 10:09:00,30.9200,30.7600,30.8832,30.7600,652442,5470
2018-02-06 10:10:00,30.8000,30.6800,30.7600,30.7700,660025,7222
2018-02-06 10:11:00,30.9400,30.7100,30.7300,30.8800,664223,3800
2018-02-06 10:12:00,30.8900,30.8006,30.8900,30.8006,669314,4600
2018-02-06 10:13:00,30.8600,30.7000,30.8600,30.7000,673008,3013
2018-02-06 10:14:00,30.7790,30.6400,30.7200,30.7100,678745,5100
2018-02-06 10:15:00,30.8100,30.7000,30.7000,30.8100,691909,12153
2018-02-06 10:16:00,30.8000,30.6700,30.7900,30.7300,707119,14253
2018-02-06 10:17:00,30.7250,30.5300,30.7200,30.6800,726513,18350
2018-02-06 10:18:00,30.7000,30.5000,30.6900,30.5300,754248,25173
2018-02-06 10:19:00,30.5900,30.4300,30.5100,30.5900,777125,21810
2018-02-06 10:20:00,30.6300,30.5100,30.5500,30.6300,781829,4100
2018-02-06 10:21:00,30.7900,30.6000,30.6300,30.6100,802901,18601
2018-02-06 10:22:00,30.7700,30.6000,30.6000,30.6700,812714,9538
2018-02-06 10:23:00,30.7400,30.6000,30.6400,30.6800,833642,20462
2018-02-06 10:24:00,30.7100,30.6200,30.6550,30.7100,844578,9733
2018-02-06 10:25:00,30.6800,30.5300,30.6600,30.6800,860547,14471
2018-02-06 10:26:00,30.6554,30.5300,30.6554,30.6100,873516,10918
2018-02-06 10:27:00,30.8000,30.6000,30.6000,30.8000,888859,14191
2018-02-06 10:28:00,30.7400,30.5800,30.7400,30.6300,895886,6115
2018-02-06 10:29:00,30.8100,30.6388,30.6400,30.7500,909708,12733
2018-02-06 10:30:00,30.8400,30.7300,30.7750,30.7311,913719,3230
2018-02-06 10:31:00,30.8400,30.7400,30.7850,30.7400,919692,5150
2018-02-06 10:32:00,30.7800,30.6700,30.7400,30.7147,926660,6564
2018-02-06 10:33:00,30.7500,30.5900,30.6800,30.7500,941953,14024
2018-02-06 10:34:00,30.7700,30.6200,30.7500,30.6600,949294,6300
2018-02-06 10:35:00,30.7400,30.6500,30.6900,30.7100,984774,34175
2018-02-06 10:36:00,30.7100,30.5500,30.6700,30.5500,998856,12043
2018-02-06 10:37:00,30.6200,30.2700,30.5800,30.3400,1011138,9861
2018-02-06 10:38:00,30.3800,30.2200,30.3300,30.3700,1025874,12644
2018-02-06 10:39:00,30.3800,30.2600,30.3200,30.3500,1039396,12473
2018-02-06 10:40:00,30.3400,30.2600,30.3200,30.3000,1070438,29976
2018-02-06 10:41:00,30.4600,30.3000,30.3500,30.3710,1096969,25274
2018-02-06 10:42:00,30.4900,30.2900,30.4196,30.4450,1107819,10120
2018-02-06 10:43:00,30.4600,30.3701,30.4400,30.4100,1111887,3517
2018-02-06 10:44:00,30.4800,30.3700,30.4100,30.3800,1129030,16890
2018-02-06 10:45:00,30.6300,30.4000,30.4100,30.6300,1133875,4322
2018-02-06 10:46:00,30.7700,30.5700,30.5700,30.6700,1144618,10042
2018-02-06 10:47:00,30.7900,30.6350,30.6700,30.7700,1148478,3200
2018-02-06 10:48:00,30.7800,30.6823,30.7500,30.7700,1151905,3126
2018-02-06 10:49:00,30.8400,30.7200,30.7900,30.7300,1160535,6850
2018-02-06 10:50:00,30.7900,30.6100,30.7700,30.6800,1166013,4933
2018-02-06 10:51:00,30.7300,30.5400,30.6600,30.5400,1170160,3929
2018-02-06 10:52:00,30.6389,30.4700,30.5300,30.5700,1180894,8932
2018-02-06 10:53:00,30.7500,30.5750,30.5750,30.7000,1186387,4700
2018-02-06 10:54:00,30.7400,30.6350,30.7200,30.7300,1190076,3360
2018-02-06 10:55:00,30.7600,30.6500,30.6800,30.7100,1195263,4023
2018-02-06 10:56:00,30.7800,30.6700,30.7000,30.6700,1200511,4700
2018-02-06 10:57:00,30.7500,30.6200,30.6551,30.7200,1202865,2000
2018-02-06 10:58:00,30.7200,30.6200,30.6900,30.7100,1209849,5441
2018-02-06 10:59:00,30.6900,30.5917,30.6900,30.5917,1215755,5300
2018-02-06 11:00:00,30.6100,30.4300,30.6100,30.5100,1221615,3675
2018-02-06 11:01:00,30.5300,30.3200,30.5300,30.3700,1227213,4423
2018-02-06 11:02:00,30.3900,30.3000,30.3800,30.3400,1233058,4640
2018-02-06 11:03:00,30.4200,30.3355,30.3355,30.4100,1236281,2847
2018-02-06 11:04:00,30.4400,30.3200,30.4400,30.3800,1247105,9880
2018-02-06 11:05:00,30.5500,30.3400,30.4100,30.3700,1260332,12485
2018-02-06 11:06:00,30.5200,30.3606,30.3606,30.5200,1264775,3410
2018-02-06 11:07:00,30.6000,30.5200,30.5600,30.5200,1274043,8200
2018-02-06 11:08:00,30.6600,30.5000,30.5065,30.6600,1279410,4500
2018-02-06 11:09:00,30.7100,30.5750,30.7000,30.6200,1282447,2600
2018-02-06 11:10:00,30.6100,30.4200,30.5400,30.5800,1292067,7839
2018-02-06 11:11:00,30.5800,30.5000,30.5200,30.5100,1300055,6880
2018-02-06 11:12:00,30.6000,30.4800,30.5000,30.4900,1311694,9785
2018-02-06 11:13:00,30.5500,30.4500,30.5000,30.5100,1316555,3900
2018-02-06 11:14:00,30.4800,30.3600,30.4800,30.3600,1317770,900
2018-02-06 11:15:00,30.5500,30.3400,30.3400,30.5400,1326912,7099
2018-02-06 11:16:00,30.5600,30.5000,30.5500,30.5100,1330676,3000
2018-02-06 11:17:00,30.6400,30.5300,30.5300,30.6400,1334882,2583
2018-02-06 11:18:00,30.6800,30.5500,30.6400,30.5900,1339056,3947
2018-02-06 11:19:00,30.6300,30.5500,30.5800,30.5800,1342324,2900
2018-02-06 11:20:00,30.6800,30.5700,30.6200,30.6700,1347503,4295
2018-02-06 11:21:00,30.7200,30.5500,30.7000,30.6400,1357993,9946
2018-02-06 11:22:00,30.6900,30.5700,30.5800,30.6566,1362588,3700
2018-02-06 11:23:00,30.7200,30.6200,30.6600,30.7100,1368968,5440
2018-02-06 11:24:00,30.7800,30.6700,30.7400,30.7600,1372807,3062
2018-02-06 11:25:00,30.7100,30.6000,30.7100,30.6700,1378792,4862
2018-02-06 11:26:00,30.6800,30.5000,30.6800,30.5100,1383943,4159
2018-02-06 11:27:00,30.5800,30.5000,30.5000,30.5800,1393991,8960
2018-02-06 11:28:00,30.5900,30.4700,30.5800,30.5900,1401161,5025
2018-02-06 11:29:00,30.6400,30.5500,30.5900,30.5700,1407796,4194
2018-02-06 11:30:00,30.5900,30.4600,30.5500,30.5500,1411610,2900
2018-02-06 11:31:00,30.5400,30.4600,30.4900,30.4600,1414972,3000
2018-02-06 11:32:00,30.5600,30.3801,30.5500,30.3801,1418690,3075
2018-02-06 11:33:00,30.5200,30.3900,30.3900,30.4950,1424113,4400
2018-02-06 11:34:00,30.5100,30.3900,30.4501,30.3900,1429940,5593
2018-02-06 11:35:00,30.4200,30.3400,30.3900,30.4000,1431649,1579
2018-02-06 11:36:00,30.5100,30.3600,30.3700,30.5100,1444987,12549
2018-02-06 11:37:00,30.5300,30.4400,30.5300,30.5100,1448280,2900
2018-02-06 11:38:00,30.5800,30.5100,30.5200,30.5100,1450314,1500
2018-02-06 11:39:00,30.5800,30.4800,30.4850,30.5800,1455072,4700
2018-02-06 11:40:00,30.5600,30.5080,30.5450,30.5300,1456355,1000
2018-02-06 11:41:00,30.6800,30.5450,30.5450,30.6700,1463806,6632
2018-02-06 11:42:00,30.6650,30.5700,30.6650,30.6100,1471375,7157
2018-02-06 11:43:00,30.5700,30.5100,30.5400,30.5100,1472276,800
2018-02-06 11:44:00,30.6300,30.5700,30.5900,30.6300,1478778,5900
2018-02-06 11:45:00,30.6900,30.6250,30.6250,30.6900,1480042,900
2018-02-06 11:46:00,30.6700,30.6200,30.6500,30.6551,1482852,2458
2018-02-06 11:47:00,30.6800,30.6250,30.6500,30.6250,1484326,1400
2018-02-06 11:48:00,30.6700,30.5900,30.6250,30.6500,1486376,1800
2018-02-06 11:49:00,30.6900,30.6300,30.6500,30.6900,1487527,900
2018-02-06 11:50:00,30.7900,30.6700,30.6750,30.7400,1491238,3250
2018-02-06 11:51:00,30.7900,30.7500,30.7500,30.7650,1492709,1430
2018-02-06 11:52:00,30.8200,30.7600,30.7700,30.8150,1498174,4940
2018-02-06 11:53:00,30.9300,30.8456,30.8500,30.8759,1505409,5979
2018-02-06 11:54:00,30.9400,30.8700,30.8900,30.9000,1518363,12494
2018-02-06 11:55:00,30.8965,30.7700,30.8800,30.8200,1521493,2920
2018-02-06 11:56:00,30.8900,30.8100,30.8300,30.8500,1527330,4939
2018-02-06 11:57:00,30.8900,30.8350,30.8350,30.8500,1530113,2400
2018-02-06 11:58:00,30.8400,30.7700,30.8100,30.8400,1531024,700
2018-02-06 11:59:00,30.8000,30.6300,30.7900,30.6900,1533504,1850
2018-02-06 12:00:00,30.7900,30.6400,30.6400,30.7000,1536737,3200
2018-02-06 12:01:00,30.8100,30.7400,30.7700,30.7700,1541321,4066
2018-02-06 12:02:00,30.7600,30.7000,30.7300,30.7300,1543650,2000
2018-02-06 12:03:00,30.7700,30.7300,30.7500,30.7500,1546181,2300
2018-02-06 12:04:00,30.8100,30.7500,30.7800,30.7624,1550050,3300
2018-02-06 12:05:00,30.8100,30.7800,30.7900,30.7800,1551565,1300
2018-02-06 12:06:00,30.8300,30.7800,30.8100,30.8100,1553827,1812
2018-02-06 12:07:00,30.9299,30.8000,30.8400,30.9299,1557429,2692
2018-02-06 12:08:00,30.9600,30.8600,30.9200,30.9600,1569690,11611
2018-02-06 12:09:00,31.0225,30.9600,30.9700,31.0150,1583381,12862
2018-02-06 12:10:00,31.1300,31.0000,31.0300,31.0400,1594677,10153
2018-02-06 12:11:00,31.0200,30.9050,31.0200,30.9050,1596771,1800
2018-02-06 12:12:00,30.9300,30.8100,30.8800,30.9300,1608316,11011
2018-02-06 12:13:00,30.9300,30.8900,30.9100,30.9100,1610662,2125
2018-02-06 12:14:00,30.9900,30.9000,30.9120,30.9750,1612714,1600
2018-02-06 12:15:00,31.0400,30.9600,31.0000,31.0400,1617749,4535
2018-02-06 12:16:00,31.1070,31.0200,31.0400,31.0200,1627476,9146
2018-02-06 12:17:00,31.0600,31.0100,31.0300,31.0400,1629993,2019
2018-02-06 12:18:00,31.0600,30.9300,31.0241,30.9400,1649162,18460
2018-02-06 12:19:00,30.9400,30.8500,30.9400,30.9000,1658071,8220
2018-02-06 12:20:00,30.8900,30.8200,30.8700,30.8700,1674358,15213
2018-02-06 12:21:00,30.9000,30.8600,30.8600,30.8900,1678185,3027
2018-02-06 12:22:00,30.9200,30.8000,30.9000,30.8700,1687857,6818
2018-02-06 12:23:00,30.9200,30.8500,30.8800,30.9200,1695978,7387
2018-02-06 12:24:00,30.9900,30.8900,30.9000,30.9900,1701486,4493
2018-02-06 12:25:00,31.0200,30.9600,30.9750,31.0200,1720456,18145
2018-02-06 12:26:00,31.0100,30.9000,30.9900,30.9350,1746605,25335
2018-02-06 12:27:00,30.9500,30.8600,30.9500,30.9000,1760884,12233
2018-02-06 12:28:00,30.9600,30.8600,30.8800,30.9600,1769173,7827
2018-02-06 12:29:00,30.9700,30.9000,30.9500,30.9500,1773759,4036
2018-02-06 12:30:00,31.0400,30.9600,30.9600,31.0252,1781923,7501
2018-02-06 12:31:00,31.1700,31.0116,31.0116,31.1400,1823254,38755
2018-02-06 12:32:00,31.1250,31.0600,31.1250,31.0600,1825469,1375
2018-02-06 12:33:00,31.1300,31.0800,31.0800,31.1000,1830494,4378
2018-02-06 12:34:00,31.1400,31.0600,31.1400,31.0650,1836391,4465
2018-02-06 12:35:00,31.1000,31.0300,31.0800,31.0605,1841761,4820
2018-02-06 12:36:00,31.0800,31.0300,31.0300,31.0500,1842641,600
2018-02-06 12:37:00,31.0700,30.9900,31.0500,31.0300,1844982,2100
2018-02-06 12:38:00,31.1400,31.0300,31.0500,31.1400,1852152,6250
2018-02-06 12:39:00,31.1500,31.0500,31.1152,31.1400,1862840,8687
2018-02-06 12:40:00,31.3000,31.0900,31.1200,31.3000,1885015,21200
2018-02-06 12:41:00,31.3000,31.1200,31.3000,31.2299,1904938,19052
2018-02-06 12:42:00,31.2100,31.1100,31.2100,31.1100,1906491,1360
2018-02-06 12:43:00,31.1600,31.0900,31.1600,31.1500,1908136,1645
2018-02-06 12:44:00,31.1300,31.0500,31.1100,31.1100,1913821,4000
2018-02-06 12:45:00,31.1000,31.0200,31.1000,31.0300,1915433,1100
2018-02-06 12:46:00,31.0700,30.9100,31.0400,30.9300,1922951,7295
2018-02-06 12:47:00,31.0100,30.9000,30.9100,30.9800,1942740,18917
2018-02-06 12:48:00,31.0000,30.9200,30.9800,30.9600,1952819,9280
2018-02-06 12:49:00,30.9700,30.9250,30.9250,30.9450,1953898,950
2018-02-06 12:50:00,30.9250,30.8000,30.9250,30.8600,1960563,6344
2018-02-06 12:51:00,30.8900,30.8700,30.8700,30.8900,1961160,400
2018-02-06 12:52:00,30.8700,30.8000,30.8600,30.8200,1965270,4000
2018-02-06 12:53:00,30.8200,30.7500,30.7700,30.7700,1966795,1255
2018-02-06 12:54:00,30.8500,30.7100,30.7100,30.8500,1969077,1350
2018-02-06 12:55:00,30.8900,30.8300,30.8500,30.8900,1971392,1816
2018-02-06 12:56:00,30.9500,30.8900,30.8900,30.9500,1972822,1174
2018-02-06 12:57:00,30.9400,30.8500,30.9400,30.9300,1977086,3464
2018-02-06 12:58:00,30.9500,30.8600,30.9270,30.8600,1983374,6200
2018-02-06 12:59:00,30.9200,30.8600,30.9000,30.9100,1986417,1900
2018-02-06 13:00:00,30.9600,30.9200,30.9600,30.9200,1987054,300
2018-02-06 13:01:00,30.9400,30.8100,30.9300,30.8600,1995229,7562
2018-02-06 13:02:00,30.8700,30.8000,30.8700,30.8000,1995774,500
2018-02-06 13:03:00,30.8900,30.7284,30.8500,30.7284,2007602,10688
2018-02-06 13:04:00,30.7700,30.6500,30.7300,30.6600,2016654,8639
2018-02-06 13:05:00,30.7200,30.6500,30.6610,30.6700,2017704,1050
2018-02-06 13:06:00,30.7900,30.7000,30.7200,30.7700,2026242,7120
2018-02-06 13:07:00,30.7650,30.7000,30.7300,30.7100,2039933,13500
2018-02-06 13:08:00,30.7400,30.7000,30.7250,30.7001,2046959,6402
2018-02-06 13:09:00,30.7300,30.7000,30.7000,30.7100,2054037,5700
2018-02-06 13:10:00,30.7000,30.6300,30.7000,30.6300,2056466,2100
2018-02-06 13:11:00,30.7400,30.5900,30.6200,30.7150,2074330,16826
2018-02-06 13:12:00,30.8100,30.6600,30.7600,30.6600,2077592,3040
2018-02-06 13:13:00,30.7800,30.6800,30.6800,30.7600,2086062,6309
2018-02-06 13:14:00,30.8800,30.7700,30.7700,30.8200,2090932,4175
2018-02-06 13:15:00,30.7900,30.7900,30.7900,30.7900,2094154,3000
2018-02-06 13:16:00,30.8500,30.7600,30.8000,30.8100,2097879,2600
2018-02-06 13:17:00,30.8700,30.8200,30.8300,30.8500,2099172,1000
2018-02-06 13:18:00,30.8800,30.8500,30.8800,30.8600,2100018,500
2018-02-06 13:19:00,30.8900,30.8500,30.8600,30.8500,2100844,789
2018-02-06 13:20:00,30.9400,30.8900,30.8900,30.9400,2103344,2500
2018-02-06 13:21:00,30.9700,30.8700,30.9000,30.8700,2116618,12685
2018-02-06 13:22:00,30.9000,30.8200,30.8672,30.8500,2121094,3800
2018-02-06 13:23:00,30.8700,30.8700,30.8700,30.8700,2121394,100
2018-02-06 13:24:00,30.8700,30.7750,30.8600,30.8400,2125178,2720
2018-02-06 13:25:00,30.8500,30.8100,30.8500,30.8100,2135655,10000
2018-02-06 13:26:00,30.8500,30.7900,30.8300,30.8500,2138803,2677
2018-02-06 13:27:00,30.8500,30.7900,30.8100,30.7900,2141715,2900
2018-02-06 13:28:00,30.7900,30.7500,30.7800,30.7500,2143706,1250
2018-02-06 13:29:00,30.7400,30.6900,30.7300,30.7000,2147641,3149
2018-02-06 13:30:00,30.8200,30.6900,30.6900,30.8200,2149791,1746
2018-02-06 13:31:00,30.7900,30.6900,30.7900,30.6900,2153676,2911
2018-02-06 13:32:00,30.7300,30.6800,30.6800,30.6800,2160145,5522
2018-02-06 13:33:00,30.7300,30.6800,30.6800,30.7300,2167693,6468
2018-02-06 13:34:00,30.7400,30.6000,30.7400,30.6000,2174065,6045
2018-02-06 13:35:00,30.6100,30.5300,30.5900,30.6100,2182140,7550
2018-02-06 13:36:00,30.6500,30.5900,30.6000,30.6500,2185690,2803
2018-02-06 13:37:00,30.7130,30.6500,30.6500,30.7130,2190041,3500
2018-02-06 13:38:00,30.7600,30.7300,30.7300,30.7600,2191499,900
2018-02-06 13:39:00,30.7700,30.7200,30.7500,30.7700,2192998,1150
2018-02-06 13:40:00,30.7700,30.7000,30.7500,30.7500,2198410,4844
2018-02-06 13:41:00,30.7600,30.7200,30.7600,30.7200,2203891,4663
2018-02-06 13:42:00,30.7300,30.6500,30.6800,30.7300,2205201,1260
2018-02-06 13:43:00,30.7300,30.6500,30.7300,30.6900,2209079,3620
2018-02-06 13:44:00,30.6700,30.6300,30.6700,30.6590,2216469,6757
2018-02-06 13:45:00,30.6600,30.5700,30.6600,30.5900,2222768,5182
2018-02-06 13:46:00,30.6200,30.5500,30.6200,30.5700,2224074,1000
2018-02-06 13:47:00,30.6200,30.5590,30.5590,30.5900,2227903,3340
2018-02-06 13:48:00,30.5800,30.5500,30.5700,30.5550,2235505,953
2018-02-06 13:49:00,30.5700,30.5000,30.5300,30.5350,2249150,13553
2018-02-06 13:50:00,30.6000,30.5500,30.5500,30.5800,2250112,600
2018-02-06 13:51:00,30.5900,30.4100,30.5500,30.4100,2257241,6576
2018-02-06 13:52:00,30.4900,30.4100,30.4200,30.4750,2260041,2395
2018-02-06 13:53:00,30.4800,30.4000,30.4400,30.4000,2262599,2347
2018-02-06 13:54:00,30.4700,30.4100,30.4500,30.4600,2269482,5894
2018-02-06 13:55:00,30.5400,30.4800,30.5000,30.4900,2271871,2100
2018-02-06 13:56:00,30.4500,30.4000,30.4400,30.4100,2278762,4736
2018-02-06 13:57:00,30.4354,30.3900,30.4000,30.3900,2281122,2255
2018-02-06 13:58:00,30.4300,30.2800,30.4200,30.3400,2302812,20168
2018-02-06 13:59:00,30.4500,30.3300,30.3500,30.4500,2307233,3691
2018-02-06 14:00:00,30.4700,30.3600,30.4500,30.3800,2311358,3634
2018-02-06 14:01:00,30.5100,30.3800,30.3800,30.4400,2319315,6436
2018-02-06 14:02:00,30.4600,30.4200,30.4600,30.4200,2321697,2100
2018-02-06 14:03:00,30.4800,30.4200,30.4386,30.4700,2326338,3700
2018-02-06 14:04:00,30.5000,30.4400,30.4400,30.5000,2329373,2400
2018-02-06 14:05:00,30.5300,30.4600,30.5100,30.5000,2331687,2100
2018-02-06 14:06:00,30.5100,30.4400,30.4900,30.4400,2333101,1300
2018-02-06 14:07:00,30.4800,30.4496,30.4800,30.4496,2333328,203
2018-02-06 14:08:00,30.5300,30.4700,30.4700,30.5300,2334941,1200
2018-02-06 14:09:00,30.5200,30.4200,30.5100,30.4200,2337474,2395
2018-02-06 14:10:00,30.4700,30.4000,30.4400,30.4000,2339052,1500
2018-02-06 14:11:00,30.5200,30.4400,30.4400,30.5200,2348601,8357
2018-02-06 14:12:00,30.6150,30.5000,30.5100,30.6000,2363151,13856
2018-02-06 14:13:00,30.6000,30.5400,30.5800,30.5850,2369727,5486
2018-02-06 14:14:00,30.6200,30.6200,30.6200,30.6200,2370335,500
2018-02-06 14:15:00,30.7300,30.6300,30.6300,30.6300,2374407,3400
2018-02-06 14:16:00,30.6700,30.5200,30.6550,30.5800,2381075,5720
2018-02-06 14:17:00,30.7200,30.5600,30.5600,30.6400,2390733,7613
2018-02-06 14:18:00,30.6300,30.5700,30.6300,30.5700,2392887,1700
2018-02-06 14:19:00,30.5500,30.4500,30.5500,30.4500,2397280,4000
2018-02-06 14:20:00,30.5150,30.4400,30.5000,30.4400,2399524,1700
2018-02-06 14:21:00,30.5300,30.4300,30.4400,30.5300,2401301,1500
2018-02-06 14:22:00,30.6300,30.5500,30.5500,30.5859,2405183,3266
2018-02-06 14:23:00,30.6600,30.6000,30.6200,30.6600,2409051,3700
2018-02-06 14:24:00,30.6400,30.5300,30.6400,30.5300,2412281,2760
2018-02-06 14:25:00,30.5500,30.5000,30.5000,30.5200,2414439,1900
2018-02-06 14:26:00,30.5500,30.4600,30.5500,30.4600,2416639,2200
2018-02-06 14:27:00,30.6000,30.5048,30.5048,30.5800,2422037,4633
2018-02-06 14:28:00,30.5900,30.5700,30.5800,30.5700,2423606,1100
2018-02-06 14:29:00,30.6800,30.6000,30.6000,30.6800,2426325,2041
2018-02-06 14:30:00,30.6600,30.6300,30.6600,30.6600,2427301,500
2018-02-06 14:31:00,30.6507,30.5900,30.6507,30.6300,2428337,728
2018-02-06 14:32:00,30.6400,30.6000,30.6000,30.6400,2429363,800
2018-02-06 14:33:00,30.7800,30.6500,30.6500,30.7200,2434077,3930
2018-02-06 14:34:00,30.7700,30.7350,30.7350,30.7400,2437387,3300
2018-02-06 14:35:00,30.8300,30.7600,30.7700,30.8300,2439273,1500
2018-02-06 14:36:00,30.9400,30.8000,30.8300,30.9300,2449583,8638
2018-02-06 14:37:00,30.9500,30.8600,30.9400,30.9000,2451786,1552
2018-02-06 14:38:00,30.9000,30.8400,30.9000,30.8500,2460652,8200
2018-02-06 14:39:00,30.8700,30.8100,30.8200,30.8700,2506419,44969
2018-02-06 14:40:00,30.8800,30.8000,30.8700,30.8300,2510942,3800
2018-02-06 14:41:00,30.8800,30.8600,30.8600,30.8800,2512625,1412
2018-02-06 14:42:00,30.8900,30.7800,30.8900,30.7800,2514297,1500
2018-02-06 14:43:00,30.7900,30.7200,30.7900,30.7400,2517068,2100
2018-02-06 14:44:00,30.7800,30.6900,30.7700,30.7550,2527389,9371
2018-02-06 14:45:00,30.8900,30.7650,30.7800,30.8900,2531427,3301
2018-02-06 14:46:00,30.9500,30.8700,30.8800,30.9250,2536279,3864
2018-02-06 14:47:00,31.0600,30.9350,30.9350,31.0600,2543586,6119
2018-02-06 14:48:00,31.0700,30.9800,31.0200,31.0499,2548253,4550
2018-02-06 14:49:00,31.0700,31.0000,31.0538,31.0250,2555632,7200
2018-02-06 14:50:00,31.0600,31.0000,31.0000,31.0200,2557111,1300
2018-02-06 14:51:00,31.1200,31.0400,31.0600,31.0400,2563268,4706
2018-02-06 14:52:00,31.0500,30.9600,31.0300,30.9600,2573560,9700
2018-02-06 14:53:00,30.9800,30.8800,30.9600,30.8800,2579748,5900
2018-02-06 14:54:00,30.9600,30.8800,30.9100,30.9600,2584553,3724
2018-02-06 14:55:00,31.0200,30.9500,31.0000,30.9736,2593368,7205
2018-02-06 14:56:00,31.0500,30.9900,31.0000,31.0400,2612166,17055
2018-02-06 14:57:00,31.0700,30.9510,31.0500,30.9510,2620754,8400
2018-02-06 14:58:00,31.0200,30.9350,30.9800,31.0100,2625764,4346
2018-02-06 14:59:00,31.1200,31.0500,31.0500,31.1200,2628421,2062
2018-02-06 15:00:00,31.1200,31.0700,31.1200,31.1000,2637463,8333
2018-02-06 15:01:00,31.1000,31.0606,31.1000,31.0606,2639686,1990
2018-02-06 15:02:00,31.2000,31.0600,31.0700,31.1900,2653050,12159
2018-02-06 15:03:00,31.2400,31.1800,31.1900,31.1800,2664090,8838
2018-02-06 15:04:00,31.2400,31.1500,31.1700,31.2100,2685106,19044
2018-02-06 15:05:00,31.2800,31.1600,31.2100,31.2600,2695684,9086
2018-02-06 15:06:00,31.2800,31.2300,31.2800,31.2800,2702946,5992
2018-02-06 15:07:00,31.3000,31.2200,31.2800,31.2671,2714752,10320
2018-02-06 15:08:00,31.3500,31.2800,31.2800,31.3300,2725272,9441
2018-02-06 15:09:00,31.3300,31.2500,31.3000,31.3100,2734080,8043
2018-02-06 15:10:00,31.3499,31.2600,31.3100,31.3010,2744076,9100
2018-02-06 15:11:00,31.3500,31.2400,31.3100,31.2600,2752228,6961
2018-02-06 15:12:00,31.2600,31.2100,31.2400,31.2302,2756170,3289
2018-02-06 15:13:00,31.2200,31.1500,31.1700,31.1600,2761722,5096
2018-02-06 15:14:00,31.1900,31.1400,31.1750,31.1900,2766350,4260
2018-02-06 15:15:00,31.1400,31.0500,31.0900,31.0500,2767513,1100
2018-02-06 15:16:00,31.1700,31.0650,31.0650,31.1300,2773187,5314
2018-02-06 15:17:00,31.1800,31.1400,31.1400,31.1500,2778292,5000
2018-02-06 15:18:00,31.1650,31.1100,31.1600,31.1200,2780508,1700
2018-02-06 15:19:00,31.1041,31.0100,31.1000,31.0200,2788278,6800
2018-02-06 15:20:00,31.0000,30.9100,31.0000,30.9200,2802281,13475
2018-02-06 15:21:00,31.0300,30.9200,30.9600,31.0090,2811687,8668
2018-02-06 15:22:00,31.1100,31.0300,31.0300,31.0700,2816597,4260
2018-02-06 15:23:00,31.0536,30.8900,31.0536,30.8900,2824776,6827
2018-02-06 15:24:00,30.9900,30.9100,30.9500,30.9100,2833461,7500
2018-02-06 15:25:00,30.9602,30.8810,30.9300,30.9310,2838820,4867
2018-02-06 15:26:00,31.0500,30.9500,30.9500,31.0400,2841643,2420
2018-02-06 15:27:00,31.1100,31.0200,31.0200,31.0728,2845552,3222
2018-02-06 15:28:00,31.1200,31.0500,31.0500,31.1200,2849277,3500
2018-02-06 15:29:00,31.1400,31.0900,31.1100,31.1400,2854684,5080
2018-02-06 15:30:00,31.1800,31.1300,31.1400,31.1800,2861941,6431
2018-02-06 15:31:00,31.1600,31.1000,31.1600,31.1000,2871604,8357
2018-02-06 15:32:00,31.1000,31.0100,31.0900,31.0900,2879744,6352
2018-02-06 15:33:00,31.1700,31.0950,31.0950,31.1650,2886308,6403
2018-02-06 15:34:00,31.2600,31.1700,31.1800,31.2300,2896800,8803
2018-02-06 15:35:00,31.3000,31.2300,31.2400,31.2700,2903174,5255
2018-02-06 15:36:00,31.2800,31.1800,31.2500,31.2500,2909989,5380
2018-02-06 15:37:00,31.3443,31.2800,31.2900,31.3200,2922150,10742
2018-02-06 15:38:00,31.3800,31.3200,31.3300,31.3200,2931186,8044
2018-02-06 15:39:00,31.3700,31.3200,31.3700,31.3500,2938627,5516
2018-02-06 15:40:00,31.3600,31.3000,31.3500,31.3600,2944068,4600
2018-02-06 15:41:00,31.3800,31.3400,31.3500,31.3700,2954851,8205
2018-02-06 15:42:00,31.3700,31.3050,31.3700,31.3700,2962671,6034
2018-02-06 15:43:00,31.4200,31.3500,31.3700,31.4132,2978606,15154
2018-02-06 15:44:00,31.4600,31.3800,31.4200,31.4400,2989852,9006
2018-02-06 15:45:00,31.4200,31.3000,31.4000,31.3000,3007141,15719
2018-02-06 15:46:00,31.3200,31.2400,31.3200,31.2700,3026307,16333
2018-02-06 15:47:00,31.3200,31.2500,31.3000,31.2750,3031984,5165
2018-02-06 15:48:00,31.3200,31.2200,31.2900,31.2600,3046101,11258
2018-02-06 15:49:00,31.2900,31.1700,31.2500,31.2900,3063989,15884
2018-02-06 15:50:00,31.2900,31.2000,31.2900,31.2000,3077653,12020
2018-02-06 15:51:00,31.2000,31.1100,31.1900,31.1600,3095927,16180
2018-02-06 15:52:00,31.1600,31.0000,31.1500,31.0000,3103276,6093
2018-02-06 15:53:00,31.1200,31.0300,31.0300,31.1200,3116026,11094
2018-02-06 15:54:00,31.1600,31.1100,31.1200,31.1600,3127922,10290
2018-02-06 15:55:00,31.1600,31.0800,31.1600,31.1199,3140465,11809
2018-02-06 15:56:00,31.1000,31.0100,31.0900,31.0600,3162174,17834
2018-02-06 15:57:00,31.1300,31.0700,31.0700,31.1200,3174907,10957
2018-02-06 15:58:00,31.1800,31.1200,31.1300,31.1600,3203841,24922
2018-02-06 15:59:00,31.2300,31.1100,31.1600,31.1100,3227229,18431
2018-02-06 16:00:00,31.2400,31.0900,31.1000,31.2400,3260106,29179
2018-02-07 09:31:00,32.8000,32.5100,32.7900,32.6400,74393,58308
2018-02-07 09:32:00,32.7600,32.5610,32.6100,32.6800,90449,15900
2018-02-07 09:33:00,32.8900,32.5701,32.6250,32.8900,117735,26409
2018-02-07 09:34:00,33.1000,32.8234,32.8900,33.1000,162661,43233
2018-02-07 09:35:00,33.3100,33.0300,33.0600,33.1711,203919,39873
2018-02-07 09:36:00,33.3182,33.1100,33.1500,33.2500,243545,38599
2018-02-07 09:37:00,33.4800,33.2200,33.2300,33.4200,273912,29277
2018-02-07 09:38:00,33.8750,33.3800,33.3800,33.7900,325202,48473
2018-02-07 09:39:00,33.8600,33.6100,33.8100,33.6700,362572,36198
2018-02-07 09:40:00,33.6900,33.3300,33.6200,33.3300,386646,22669
2018-02-07 09:41:00,33.5800,33.3521,33.3653,33.5400,396944,9385
2018-02-07 09:42:00,33.6199,33.5300,33.5366,33.5500,399345,2058
2018-02-07 09:43:00,33.6090,33.4000,33.5700,33.5000,414823,14349
2018-02-07 09:44:00,33.4600,33.2500,33.4100,33.4359,431196,14378