2018-02-05 09:31:00,52.5500,51.6500,52.3500,51.8511,230025,131759
2018-02-05 09:32:00,52.7975,51.8500,51.8750,52.5500,305682,69725
2018-02-05 09:33:00,52.7500,52.1000,52.6000,52.2999,359603,50488
2018-02-05 09:34:00,52.5000,52.0860,52.2500,52.4000,406173,40885
2018-02-05 09:35:00,53.7500,52.4000,52.4000,53.4505,476583,64467
2018-02-05 09:36:00,53.9000,52.7000,53.5500,52.8500,524234,43989
2018-02-05 09:37:00,53.5000,52.9500,52.9500,53.2000,551372,24427
2018-02-05 09:38:00,53.5000,53.2394,53.3990,53.4500,580114,25146
2018-02-05 09:39:00,54.9500,53.2500,53.4000,54.5500,656101,71627
2018-02-05 09:40:00,54.6450,53.5001,54.4880,53.6500,704977,45311
2018-02-05 09:41:00,53.9500,53.6750,53.6917,53.8500,741323,34092
2018-02-05 09:42:00,54.0000,53.7500,53.8748,53.9000,768290,25381
2018-02-05 09:43:00,53.9000,53.6000,53.8501,53.8000,799749,29670
2018-02-05 09:44:00,54.0000,53.7650,53.7650,53.8510,822726,21338
2018-02-05 09:45:00,54.0500,53.9000,53.9500,54.0000,857006,28754
2018-02-05 09:46:00,54.3500,53.9000,53.9500,54.2680,887445,26688
2018-02-05 09:47:00,54.5000,54.2500,54.3000,54.3000,927615,37590
2018-02-05 09:48:00,54.4500,54.1500,54.2880,54.3500,958429,27725
2018-02-05 09:49:00,54.4500,54.3000,54.4000,54.3500,974311,14116
2018-02-05 09:50:00,54.4500,54.1500,54.3500,54.4000,994616,18938
2018-02-05 09:51:00,54.6000,53.9000,54.4500,53.9000,1017313,20077
2018-02-05 09:52:00,54.1500,53.7000,53.9247,54.1000,1038071,19028
2018-02-05 09:53:00,54.2500,53.9000,54.2000,53.9000,1050676,11036
2018-02-05 09:54:00,54.3000,53.8000,54.0500,54.2500,1067113,14949
2018-02-05 09:55:00,54.4500,54.2000,54.3000,54.4000,1080678,12389
2018-02-05 09:56:00,54.4500,54.3500,54.3500,54.4001,1089515,7025
2018-02-05 09:57:00,54.4500,54.3500,54.4000,54.4500,1095575,4765
2018-02-05 09:58:00,55.1000,54.3500,54.4490,54.9490,1121126,21600
2018-02-05 09:59:00,55.0000,54.5500,54.9450,54.6500,1133486,10236
2018-02-05 10:00:00,54.7500,54.4500,54.7000,54.5500,1155202,20506
2018-02-05 10:01:00,54.5500,54.3000,54.5000,54.3233,1171471,14688
2018-02-05 10:02:00,54.3500,53.7000,54.2736,53.7870,1198902,25518
2018-02-05 10:03:00,54.4500,53.8000,53.8249,54.3000,1208564,8217
2018-02-05 10:04:00,54.3500,54.2001,54.2990,54.3250,1229444,19216
2018-02-05 10:05:00,54.4000,54.3000,54.3000,54.3500,1240008,8890
2018-02-05 10:06:00,54.3250,54.0500,54.3000,54.1375,1252863,11776
2018-02-05 10:07:00,54.2000,53.9000,54.1000,54.2000,1259098,4980
2018-02-05 10:08:00,54.9500,54.2500,54.2500,54.9500,1276473,15853
2018-02-05 10:09:00,55.4450,54.8500,54.9500,55.1700,1296804,18777
2018-02-05 10:10:00,55.5490,55.0500,55.0500,55.4500,1316442,17828
2018-02-05 10:11:00,55.4500,55.2543,55.3908,55.3870,1328723,10281
2018-02-05 10:12:00,55.3500,55.2000,55.3500,55.2500,1335033,5595
2018-02-05 10:13:00,55.2275,54.7000,55.2000,54.9950,1361119,24628
2018-02-05 10:14:00,55.2500,54.9000,54.9490,55.2500,1381538,18879
2018-02-05 10:15:00,55.4500,55.2000,55.2000,55.3810,1398914,16114
2018-02-05 10:16:00,55.4050,55.2685,55.4000,55.3500,1408586,8594
2018-02-05 10:17:00,55.4000,55.2500,55.3500,55.3000,1426710,16581
2018-02-05 10:18:00,55.4500,55.3000,55.3500,55.3000,1440205,12094
2018-02-05 10:19:00,55.4000,55.3000,55.3110,55.3499,1463990,22886
2018-02-05 10:20:00,55.3500,55.2500,55.3500,55.3000,1479078,13869
2018-02-05 10:21:00,55.3000,55.0000,55.2500,55.1490,1499351,18424
2018-02-05 10:22:00,55.2000,55.0000,55.1000,55.2000,1518064,17346
2018-02-05 10:23:00,55.1500,55.0000,55.1500,55.0685,1539415,20097
2018-02-05 10:24:00,55.1500,55.0000,55.0750,55.1000,1551786,11217
2018-02-05 10:25:00,55.2500,55.1120,55.1120,55.2500,1560402,7824
2018-02-05 10:26:00,55.2000,55.0880,55.2000,55.1500,1575708,13961
2018-02-05 10:27:00,55.2000,54.9500,55.1500,55.1000,1591158,14429
2018-02-05 10:28:00,55.1000,54.7225,55.0550,55.0103,1618713,27144
2018-02-05 10:29:00,55.1500,54.8510,54.9500,55.0665,1628644,8816
2018-02-05 10:30:00,55.0880,54.7500,55.0000,54.8000,1639191,10069
2018-02-05 10:31:00,55.0500,54.6000,54.8000,54.8829,1656554,16345
2018-02-05 10:32:00,54.9500,54.3010,54.9500,54.3010,1672638,14667
2018-02-05 10:33:00,54.4500,54.1500,54.4240,54.2250,1683611,9548
2018-02-05 10:34:00,54.3500,54.0100,54.1979,54.0500,1694489,10064
2018-02-05 10:35:00,54.8000,54.1000,54.1000,54.6000,1711121,16031
2018-02-05 10:36:00,54.5350,54.2500,54.5000,54.3000,1715848,3900
2018-02-05 10:37:00,54.5500,54.3500,54.3500,54.3500,1721802,4920
2018-02-05 10:38:00,54.2803,54.0001,54.2000,54.2500,1729830,7425
2018-02-05 10:39:00,54.2709,53.7000,54.2709,53.7165,1749557,18043
2018-02-05 10:40:00,53.9002,53.7500,53.7500,53.9000,1755707,5460
2018-02-05 10:41:00,53.9500,53.6500,53.8500,53.9500,1769372,11957
2018-02-05 10:42:00,54.0500,53.8250,53.9000,53.9000,1783385,12312
2018-02-05 10:43:00,53.9490,53.6000,53.8000,53.7010,1797279,12896
2018-02-05 10:44:00,53.7970,53.4000,53.7000,53.5000,1806665,8531
2018-02-05 10:45:00,53.7000,53.5000,53.5500,53.6250,1823587,15457
2018-02-05 10:46:00,53.6670,53.5000,53.6000,53.6250,1841324,16469
2018-02-05 10:47:00,53.9000,53.5000,53.6000,53.9000,1857691,15415
2018-02-05 10:48:00,54.0500,53.8500,53.9250,54.0500,1862060,3745
2018-02-05 10:49:00,54.0500,53.9500,54.0500,54.0000,1873513,10553
2018-02-05 10:50:00,54.0500,53.8000,54.0029,53.8305,1878636,4671
2018-02-05 10:51:00,53.8500,53.3750,53.8000,53.5750,1887262,8042
2018-02-05 10:52:00,53.7500,53.5500,53.5723,53.6500,1894406,6861
2018-02-05 10:53:00,53.7000,53.4500,53.6500,53.6000,1912652,17432
2018-02-05 10:54:00,53.8450,53.5500,53.6000,53.8000,1921136,7291
2018-02-05 10:55:00,53.7638,53.5500,53.7000,53.5750,1924979,3531
2018-02-05 10:56:00,53.6119,53.5000,53.5500,53.5500,1930484,4850
2018-02-05 10:57:00,53.5250,53.4500,53.5250,53.4848,1933100,2086
2018-02-05 10:58:00,53.7950,53.4750,53.4750,53.7240,1941495,7945
2018-02-05 10:59:00,53.9450,53.6500,53.7640,53.7000,1948570,4625
2018-02-05 11:00:00,53.7500,53.3000,53.6050,53.3000,1960007,10446
2018-02-05 11:01:00,53.7000,53.4137,53.4137,53.7000,1965592,5248
2018-02-05 11:02:00,53.8450,53.5001,53.7500,53.6000,1971189,5242
2018-02-05 11:03:00,53.7000,53.5500,53.6854,53.5500,1974256,2730
2018-02-05 11:04:00,53.7000,53.5000,53.5500,53.6250,1983583,9130
2018-02-05 11:05:00,53.6535,53.3501,53.6535,53.5000,1986285,2500
2018-02-05 11:06:00,53.5800,53.3500,53.5800,53.3500,1989177,2626
2018-02-05 11:07:00,53.6500,53.3560,53.3560,53.5586,1998774,8500
2018-02-05 11:08:00,53.5680,53.3500,53.5680,53.3500,2002444,2600
2018-02-05 11:09:00,53.4000,53.3010,53.3986,53.3393,2010483,7732
2018-02-05 11:10:00,53.3000,53.1190,53.3000,53.3000,2021614,9594
2018-02-05 11:11:00,53.6000,53.3001,53.3001,53.4000,2032728,10285
2018-02-05 11:12:00,53.4999,53.3000,53.4729,53.4999,2034613,1700
2018-02-05 11:13:00,53.4500,53.3000,53.4070,53.4000,2036213,1400
2018-02-05 11:14:00,53.3500,53.0000,53.3500,53.0250,2046168,8653
2018-02-05 11:15:00,53.2295,52.9500,53.0000,53.0250,2054965,8319
2018-02-05 11:16:00,53.2000,53.0000,53.0771,53.0000,2064049,8550
2018-02-05 11:17:00,53.0000,52.8500,53.0000,52.9500,2075332,9938
2018-02-05 11:18:00,53.0098,52.8500,52.9893,52.8500,2079064,3556
2018-02-05 11:19:00,52.9000,52.7500,52.8500,52.8835,2093416,12979
2018-02-05 11:20:00,52.8750,52.6010,52.8364,52.7000,2099445,4543
2018-02-05 11:21:00,52.6567,52.1500,52.6500,52.2000,2122538,21565
2018-02-05 11:22:00,52.6000,52.2500,52.3000,52.4996,2143352,19804
2018-02-05 11:23:00,52.9500,52.5248,52.5250,52.7500,2155592,10537
2018-02-05 11:24:00,53.2000,52.6500,52.7190,52.9500,2171927,15296
2018-02-05 11:25:00,52.9340,52.4500,52.9340,52.5500,2188698,15782
2018-02-05 11:26:00,52.8500,52.5000,52.5500,52.8000,2194738,4807
2018-02-05 11:27:00,53.1000,52.8000,52.8002,52.9500,2209004,13305
2018-02-05 11:28:00,53.1000,52.7000,52.9500,52.8500,2223397,13525
2018-02-05 11:29:00,53.0000,52.7750,52.9000,52.7850,2230566,6429
2018-02-05 11:30:00,52.9500,52.6600,52.7000,52.8000,2237777,6900
2018-02-05 11:31:00,52.7750,52.2500,52.7685,52.3000,2258666,19630
2018-02-05 11:32:00,52.2582,51.8500,52.2500,51.9140,2294657,32644
2018-02-05 11:33:00,52.1500,51.5500,51.9500,51.9000,2339115,41942
2018-02-05 11:34:00,52.2000,51.7500,51.8500,52.1500,2353651,13338
2018-02-05 11:35:00,52.2000,51.8500,52.2000,52.1260,2366764,11972
2018-02-05 11:36:00,52.2000,52.0000,52.1000,52.1500,2372835,5410
2018-02-05 11:37:00,52.2000,52.0000,52.2000,52.0000,2387292,13387
2018-02-05 11:38:00,52.1000,51.9000,52.0000,51.9753,2393373,5140
2018-02-05 11:39:00,52.1500,51.9500,51.9750,52.1500,2401542,7300
2018-02-05 11:40:00,52.2000,52.0000,52.2000,52.0500,2419181,16800
2018-02-05 11:41:00,52.3000,52.1000,52.1000,52.2500,2434755,14787
2018-02-05 11:42:00,52.3000,52.1501,52.3000,52.1501,2438577,3525
2018-02-05 11:43:00,52.3490,52.0500,52.1500,52.3490,2452091,12328
2018-02-05 11:44:00,52.5005,52.2001,52.3500,52.2001,2468868,15552
2018-02-05 11:45:00,52.3500,52.2500,52.2764,52.2500,2481986,11450
2018-02-05 11:46:00,52.4000,52.2000,52.2500,52.4000,2487303,4590
2018-02-05 11:47:00,52.4200,52.2500,52.3000,52.3990,2491058,3525
2018-02-05 11:48:00,52.5000,52.2000,52.4500,52.3500,2494111,2700
2018-02-05 11:49:00,52.4500,52.2501,52.3500,52.3703,2497007,2500
2018-02-05 11:50:00,52.3815,52.1300,52.3815,52.2500,2501652,4000
2018-02-05 11:51:00,52.3000,52.2000,52.2750,52.2310,2507272,5250
2018-02-05 11:52:00,52.5000,52.1500,52.2000,52.3501,2513489,5800
2018-02-05 11:53:00,52.4500,52.3350,52.3570,52.4500,2515507,1900
2018-02-05 11:54:00,52.5000,52.4000,52.4500,52.5000,2517227,1500
2018-02-05 11:55:00,52.5000,52.3000,52.4502,52.3250,2523736,6100
2018-02-05 11:56:00,52.3500,52.1500,52.3000,52.3295,2527681,3600
2018-02-05 11:57:00,52.4000,52.2000,52.2000,52.2500,2530561,2422
2018-02-05 11:58:00,52.4811,52.2260,52.2260,52.4811,2533794,2266
2018-02-05 11:59:00,52.5000,52.3420,52.4488,52.5000,2539331,4900
2018-02-05 12:00:00,52.5000,52.4500,52.5000,52.4500,2547046,7025
2018-02-05 12:01:00,52.7000,52.4500,52.4500,52.6500,2561721,14031
2018-02-05 12:02:00,52.8999,52.7000,52.7000,52.7000,2570873,8081
2018-02-05 12:03:00,52.6705,52.2765,52.6705,52.2765,2578824,7528
2018-02-05 12:04:00,52.4000,52.2952,52.3000,52.4000,2582533,3400
2018-02-05 12:05:00,52.3000,52.2000,52.3000,52.2500,2585548,2498
2018-02-05 12:06:00,52.3000,52.0500,52.2500,52.2250,2591044,5100
2018-02-05 12:07:00,52.3000,52.2000,52.3000,52.2000,2594166,2700
2018-02-05 12:08:00,52.3000,52.1021,52.2000,52.3000,2597386,2785
2018-02-05 12:09:00,52.3450,52.2000,52.3450,52.2001,2599012,1500
2018-02-05 12:10:00,52.2000,52.0050,52.2000,52.1000,2602794,3381
2018-02-05 12:11:00,52.0500,51.9000,52.0000,51.9500,2613634,9963
2018-02-05 12:12:00,52.0000,51.8000,51.9482,51.8000,2624504,10296
2018-02-05 12:13:00,51.9000,51.7000,51.9000,51.7000,2637868,12406
2018-02-05 12:14:00,51.8000,51.6500,51.8000,51.7000,2644128,5267
2018-02-05 12:15:00,51.8500,51.5500,51.6500,51.8000,2657979,12684
2018-02-05 12:16:00,51.8500,51.2000,51.8500,51.3500,2680068,19348
2018-02-05 12:17:00,51.5000,51.2000,51.2000,51.4555,2700169,18738
2018-02-05 12:18:00,51.4500,50.7500,51.3500,51.0500,2748109,44274
2018-02-05 12:19:00,51.2000,51.0501,51.0501,51.1691,2765735,16776
2018-02-05 12:20:00,51.2500,51.1000,51.2000,51.1200,2790517,24155
2018-02-05 12:21:00,51.2500,51.1000,51.2000,51.1500,2799876,8166
2018-02-05 12:22:00,51.2500,51.1752,51.2000,51.2500,2813273,12341
2018-02-05 12:23:00,51.2660,51.0501,51.2660,51.0501,2830144,16332
2018-02-05 12:24:00,51.1500,50.7500,51.0500,51.0125,2871131,38249
2018-02-05 12:25:00,51.3000,50.9333,50.9500,51.1000,2884851,12376
2018-02-05 12:26:00,51.5000,51.0501,51.0538,51.3510,2895135,9961
2018-02-05 12:27:00,51.6000,51.3750,51.5000,51.6000,2906350,9996
2018-02-05 12:28:00,51.6000,51.3497,51.5575,51.3497,2914384,7390
2018-02-05 12:29:00,51.4232,51.3000,51.3587,51.4232,2916493,1883
2018-02-05 12:30:00,51.5000,51.3000,51.5000,51.3352,2921218,4254
2018-02-05 12:31:00,51.4000,51.2000,51.3000,51.4000,2928493,6920
2018-02-05 12:32:00,51.6000,51.5000,51.5000,51.6000,2933472,4300
2018-02-05 12:33:00,51.6490,51.5500,51.6450,51.6000,2935497,1678
2018-02-05 12:34:00,51.6500,51.5000,51.5430,51.5000,2939514,3600
2018-02-05 12:35:00,51.6000,51.3000,51.5500,51.3735,2950712,10832
2018-02-05 12:36:00,51.3510,51.2000,51.3510,51.2514,2956448,4380
2018-02-05 12:37:00,51.3930,51.2500,51.2500,51.3930,2959256,2600
2018-02-05 12:38:00,51.3500,51.2000,51.3000,51.2000,2963051,3119
2018-02-05 12:39:00,51.4500,51.2150,51.2150,51.3930,2967829,4240
2018-02-05 12:40:00,51.3239,51.3239,51.3239,51.3239,2968127,100
2018-02-05 12:41:00,51.6500,51.3500,51.3500,51.3500,2973718,4739
2018-02-05 12:42:00,51.7000,51.4000,51.4000,51.7000,2983147,9328
2018-02-05 12:43:00,51.7000,51.5500,51.7000,51.5500,2987096,3600
2018-02-05 12:44:00,51.6000,51.4500,51.6000,51.5000,2990659,2959
2018-02-05 12:45:00,51.6500,51.5450,51.5450,51.6500,2992775,1700
2018-02-05 12:46:00,51.8000,51.6500,51.6500,51.8000,2999413,6200
2018-02-05 12:47:00,52.0000,51.7050,51.8500,51.7500,3005642,5610
2018-02-05 12:48:00,51.7999,51.6000,51.7500,51.6000,3010701,4510
2018-02-05 12:49:00,51.8000,51.6250,51.6250,51.7501,3027946,16525
2018-02-05 12:50:00,52.2000,51.7750,51.7750,52.0950,3043744,15356
2018-02-05 12:51:00,52.0000,51.8500,52.0000,52.0000,3045445,1400
2018-02-05 12:52:00,51.9500,51.8880,51.9250,51.8994,3047198,1200
2018-02-05 12:53:00,51.9145,51.8340,51.9145,51.8625,3062778,15179
2018-02-05 12:54:00,51.9506,51.8500,51.8500,51.9205,3065399,2325
2018-02-05 12:55:00,51.9000,51.8418,51.9000,51.8500,3067703,2160
2018-02-05 12:56:00,52.1000,51.8000,51.8250,52.0500,3075583,6927
2018-02-05 12:57:00,52.0500,51.9000,52.0500,51.9000,3078314,2507
2018-02-05 12:58:00,51.9007,51.8000,51.9000,51.9000,3081640,3090
2018-02-05 12:59:00,51.9000,51.8000,51.8750,51.8010,3088094,5845
2018-02-05 13:00:00,51.9500,51.8011,51.8011,51.9178,3091438,2955
2018-02-05 13:01:00,51.9500,51.8500,51.9500,51.9000,3094007,2194
2018-02-05 13:02:00,51.9125,51.8000,51.8500,51.8000,3099962,4821
2018-02-05 13:03:00,51.9000,51.8000,51.9000,51.8000,3109577,9000
2018-02-05 13:04:00,51.8310,51.8000,51.8000,51.8000,3111279,1075
2018-02-05 13:05:00,51.8499,51.8000,51.8250,51.8000,3114048,2152
2018-02-05 13:06:00,51.9500,51.8000,51.8000,51.8751,3121491,7051
2018-02-05 13:07:00,52.1000,51.8510,51.9500,51.9500,3126290,3902
2018-02-05 13:08:00,52.0245,51.9001,52.0245,52.0000,3129584,3118
2018-02-05 13:09:00,52.0500,51.9500,51.9500,52.0000,3132075,2400
2018-02-05 13:10:00,52.0950,51.8070,52.0450,51.8999,3137051,4542
2018-02-05 13:11:00,51.9000,51.8000,51.8257,51.8500,3145826,8498
2018-02-05 13:12:00,51.9000,51.4501,51.8660,51.5000,3155454,8587
2018-02-05 13:13:00,51.5250,51.3500,51.5000,51.5000,3169813,13695
2018-02-05 13:14:00,51.7500,51.5010,51.6000,51.5010,3173950,3500
2018-02-05 13:15:00,51.6500,51.3500,51.5005,51.4250,3189263,14072
2018-02-05 13:16:00,51.7400,51.4010,51.4500,51.7000,3193250,3475
2018-02-05 13:17:00,51.7000,51.4500,51.6500,51.6472,3195536,1938
2018-02-05 13:18:00,51.6500,51.5500,51.6500,51.6000,3198642,2529
2018-02-05 13:19:00,51.6586,51.5500,51.5500,51.6001,3203717,4600
2018-02-05 13:20:00,51.6500,51.5500,51.6000,51.5500,3208148,4213
2018-02-05 13:21:00,51.8500,51.3500,51.5500,51.8500,3221284,12308
2018-02-05 13:22:00,51.8500,51.5500,51.8000,51.5500,3225963,4140
2018-02-05 13:23:00,51.6500,51.6000,51.6500,51.6000,3229035,2500
2018-02-05 13:24:00,51.6990,51.5510,51.6000,51.5510,3231914,2579
2018-02-05 13:25:00,51.7000,51.5000,51.5170,51.7000,3238898,6625
2018-02-05 13:26:00,51.8000,51.6000,51.7000,51.7032,3241968,2900
2018-02-05 13:27:00,51.6500,51.5500,51.5500,51.6000,3247372,4979
2018-02-05 13:28:00,51.7000,51.6000,51.6000,51.6000,3250427,2700
2018-02-05 13:29:00,51.6000,51.5000,51.6000,51.5000,3253679,3026
2018-02-05 13:30:00,51.8000,51.5185,51.5250,51.8000,3258415,4224
2018-02-05 13:31:00,51.8000,51.6500,51.6500,51.7058,3260465,1620
2018-02-05 13:32:00,51.8000,51.7170,51.7491,51.7170,3262975,2325
2018-02-05 13:33:00,51.7500,51.7500,51.7500,51.7500,3269130,5800
2018-02-05 13:34:00,51.9500,51.6500,51.7000,51.8999,3279250,8360
2018-02-05 13:35:00,51.9000,51.5500,51.9000,51.5500,3282383,2700
2018-02-05 13:36:00,51.7248,51.6000,51.6368,51.7248,3284797,2128
2018-02-05 13:37:00,51.8500,51.6510,51.7500,51.7000,3288313,3200
2018-02-05 13:38:00,51.7500,51.6000,51.7000,51.7000,3292806,4151
2018-02-05 13:39:00,51.7500,51.6750,51.7500,51.7000,3295048,1800
2018-02-05 13:40:00,51.7500,51.6500,51.7000,51.6500,3296479,1000
2018-02-05 13:41:00,51.6950,51.6000,51.6500,51.6950,3304144,7385
2018-02-05 13:42:00,51.7500,51.7000,51.7250,51.7250,3311386,6496
2018-02-05 13:43:00,51.7500,51.7000,51.7500,51.7500,3315663,3590
2018-02-05 13:44:00,51.8000,51.7500,51.7500,51.7750,3319769,3065
2018-02-05 13:45:00,51.8000,51.7500,51.8000,51.8000,3327034,6600
2018-02-05 13:46:00,51.8000,51.7500,51.7761,51.7583,3332427,5000
2018-02-05 13:47:00,52.2000,51.8000,51.8000,52.1500,3348679,15145
2018-02-05 13:48:00,52.2500,52.1379,52.2000,52.1500,3351777,2691
2018-02-05 13:49:00,52.4500,52.1590,52.1744,52.2500,3365100,12300
2018-02-05 13:50:00,52.2499,52.1500,52.2499,52.1950,3368625,3200
2018-02-05 13:51:00,52.1500,52.0000,52.1250,52.0500,3371515,2400
2018-02-05 13:52:00,52.1500,52.0500,52.0500,52.1500,3373408,1600
2018-02-05 13:53:00,52.1500,52.0500,52.1001,52.1500,3375430,1900
2018-02-05 13:54:00,52.1500,52.0500,52.1500,52.1000,3377061,1400
2018-02-05 13:55:00,52.1500,52.0500,52.1250,52.1000,3398563,21202
2018-02-05 13:56:00,52.1500,52.1050,52.1500,52.1500,3404698,5359
2018-02-05 13:57:00,52.1500,52.1049,52.1500,52.1500,3414942,9600
2018-02-05 13:58:00,52.1500,52.0500,52.1500,52.1000,3420738,5600
2018-02-05 13:59:00,52.1500,52.0501,52.0501,52.0758,3423387,1900
2018-02-05 14:00:00,52.1500,52.0750,52.1000,52.1500,3426888,2657
2018-02-05 14:01:00,52.5000,52.1250,52.1500,52.5000,3446977,18359
2018-02-05 14:02:00,52.5500,52.2750,52.5500,52.2834,3453279,5894
2018-02-05 14:03:00,52.2517,52.1000,52.2000,52.2000,3458458,4624
2018-02-05 14:04:00,52.2000,52.0250,52.1995,52.1875,3464526,5310
2018-02-05 14:05:00,52.2685,52.2000,52.2000,52.2000,3466725,1382
2018-02-05 14:06:00,52.2500,52.1250,52.1250,52.2000,3468151,1000
2018-02-05 14:07:00,52.2000,52.1000,52.1750,52.1001,3483830,15441
2018-02-05 14:08:00,52.3500,52.0750,52.1000,52.3000,3493467,8974
2018-02-05 14:09:00,52.4500,52.3000,52.3000,52.3500,3507116,13244
2018-02-05 14:10:00,52.3500,52.2000,52.3500,52.2500,3534992,26961
2018-02-05 14:11:00,52.2000,52.1000,52.2000,52.1250,3538563,2748
2018-02-05 14:12:00,52.4500,52.2000,52.2000,52.3000,3542864,3375
2018-02-05 14:13:00,52.3500,52.2990,52.3500,52.2990,3543843,800
2018-02-05 14:14:00,52.4500,52.2500,52.3500,52.3000,3549979,5501
2018-02-05 14:15:00,52.2516,52.1531,52.2000,52.2500,3553521,3146
2018-02-05 14:16:00,52.3500,52.2699,52.2950,52.2750,3557418,3529
2018-02-05 14:17:00,52.3000,52.2500,52.3000,52.2750,3561218,3619
2018-02-05 14:18:00,52.2999,52.2500,52.2746,52.2750,3566765,5349
2018-02-05 14:19:00,52.4000,52.2500,52.3000,52.3750,3571539,3800
2018-02-05 14:20:00,52.5000,52.3750,52.3750,52.4499,3577080,4961
2018-02-05 14:21:00,52.4500,52.4000,52.4500,52.4000,3577820,623
2018-02-05 14:22:00,52.4000,52.3950,52.4000,52.3990,3578736,640
2018-02-05 14:23:00,52.4000,52.2000,52.4000,52.3000,3585594,6002
2018-02-05 14:24:00,52.3500,52.2500,52.2998,52.2500,3586062,420
2018-02-05 14:25:00,52.2722,52.2000,52.2722,52.2500,3596314,9514
2018-02-05 14:26:00,52.3450,52.2000,52.2000,52.3000,3599526,3000
2018-02-05 14:27:00,52.2500,52.1000,52.2000,52.2500,3609159,8893
2018-02-05 14:28:00,52.4000,52.2250,52.2250,52.3000,3614061,4700
2018-02-05 14:29:00,52.3000,52.2000,52.2500,52.2500,3616210,1700
2018-02-05 14:30:00,52.2750,52.2000,52.2500,52.2000,3619031,2100
2018-02-05 14:31:00,52.1500,52.1000,52.1500,52.1500,3622378,2756
2018-02-05 14:32:00,52.3500,52.1501,52.2000,52.2500,3627088,4400
2018-02-05 14:33:00,52.3000,52.2001,52.2001,52.2500,3631614,4140
2018-02-05 14:34:00,52.3000,52.2000,52.2000,52.2500,3636028,3599
2018-02-05 14:35:00,52.2665,52.1690,52.2566,52.1690,3638843,2251
2018-02-05 14:36:00,52.1875,52.1505,52.1750,52.1750,3640139,1079
2018-02-05 14:37:00,52.2500,52.1500,52.1505,52.1500,3651757,10739
2018-02-05 14:38:00,52.3000,52.1999,52.2000,52.2500,3655960,2900
2018-02-05 14:39:00,52.3500,52.2500,52.3000,52.3258,3658399,1900
2018-02-05 14:40:00,52.3500,52.2000,52.3500,52.2500,3661987,2781
2018-02-05 14:41:00,52.3000,52.1750,52.2017,52.3000,3668108,5800
2018-02-05 14:42:00,52.3000,52.2500,52.3000,52.3000,3669372,1000
2018-02-05 14:43:00,52.3000,52.1800,52.2500,52.3000,3671109,1230
2018-02-05 14:44:00,52.3000,52.2241,52.2950,52.2500,3675529,4300
2018-02-05 14:45:00,52.2000,52.1000,52.2000,52.1000,3678117,1900
2018-02-05 14:46:00,52.2500,52.1190,52.1190,52.2250,3679372,900
2018-02-05 14:47:00,52.2500,52.1000,52.2000,52.1500,3682870,3142
2018-02-05 14:48:00,52.1001,51.6000,52.1000,51.8500,3717655,32656
2018-02-05 14:49:00,51.8000,51.6000,51.8000,51.6500,3729312,11149
2018-02-05 14:50:00,51.9000,51.6500,51.6500,51.8500,3735147,5311
2018-02-05 14:51:00,51.8000,51.7500,51.7500,51.7500,3739834,4472
2018-02-05 14:52:00,51.7000,51.6250,51.7000,51.7000,3746748,6199
2018-02-05 14:53:00,51.6750,51.6000,51.6750,51.6000,3749018,2080
2018-02-05 14:54:00,51.6500,51.6000,51.6302,51.6500,3758347,8836
2018-02-05 14:55:00,51.6499,51.1500,51.6000,51.2000,3786402,26124
2018-02-05 14:56:00,51.2500,51.1000,51.2000,51.2500,3792765,5053
2018-02-05 14:57:00,51.2000,51.1000,51.1500,51.1161,3830146,7037
2018-02-05 14:58:00,51.1315,51.1000,51.1000,51.1000,3844172,12933
2018-02-05 14:59:00,51.3000,51.1000,51.1000,51.2500,3854423,9217
2018-02-05 15:00:00,51.3000,51.1500,51.2500,51.2000,3858016,3180
2018-02-05 15:01:00,51.2000,51.1000,51.2000,51.1000,3863933,5161
2018-02-05 15:02:00,51.1250,50.8500,51.1000,50.9000,3885888,18559
2018-02-05 15:03:00,51.0000,50.8000,50.8734,50.9000,3900036,12349
2018-02-05 15:04:00,50.9000,50.5500,50.9000,50.5500,3907870,6960
2018-02-05 15:05:00,50.5721,50.2500,50.5500,50.2750,3928323,17188
2018-02-05 15:06:00,50.2501,49.6000,50.2500,49.8500,3980509,44411
2018-02-05 15:07:00,49.9000,49.7500,49.8500,49.7500,3986422,4250
2018-02-05 15:08:00,49.7500,49.1000,49.7500,49.6400,4039072,48639
2018-02-05 15:09:00,49.7500,49.4000,49.7000,49.6500,4051757,11950
2018-02-05 15:10:00,49.6984,49.0000,49.6500,49.2000,4067200,12781
2018-02-05 15:11:00,49.1500,48.8000,49.1500,48.8500,4095939,26060
2018-02-05 15:12:00,49.6000,48.8500,49.0000,49.6000,4126789,29513
2018-02-05 15:13:00,50.0000,49.6000,49.6500,50.0000,4172392,43583
2018-02-05 15:14:00,50.3500,50.0500,50.0500,50.0500,4194269,19202
2018-02-05 15:15:00,50.2250,50.0000,50.1000,50.2250,4209127,13774
2018-02-05 15:16:00,50.5500,50.2500,50.2500,50.5500,4230765,20557
2018-02-05 15:17:00,50.6500,50.5000,50.5500,50.6500,4246566,14866
2018-02-05 15:18:00,50.9999,50.6000,50.6500,50.9000,4273173,26005
2018-02-05 15:19:00,50.8500,50.6000,50.8500,50.6250,4281348,7378
2018-02-05 15:20:00,50.7000,50.3000,50.6500,50.4500,4296678,14388
2018-02-05 15:21:00,50.5004,50.1000,50.5004,50.1500,4307207,9792
2018-02-05 15:22:00,50.4500,50.1000,50.1750,50.3500,4318439,10397
2018-02-05 15:23:00,50.5000,50.1500,50.4000,50.5000,4325480,5950
2018-02-05 15:24:00,50.6000,50.3500,50.3950,50.5501,4344890,18293
2018-02-05 15:25:00,50.6000,50.3000,50.5500,50.4500,4350728,4556
2018-02-05 15:26:00,50.5000,50.3000,50.4746,50.3750,4358521,7276
2018-02-05 15:27:00,50.4000,50.3000,50.3500,50.3511,4369046,9356
2018-02-05 15:28:00,50.6500,50.3500,50.4000,50.5750,4382315,11900
2018-02-05 15:29:00,50.6800,50.5000,50.5500,50.6800,4401041,17730
2018-02-05 15:30:00,50.8000,50.5500,50.7000,50.5750,4408554,6410
2018-02-05 15:31:00,50.6000,50.0500,50.6000,50.3060,4433714,23539
2018-02-05 15:32:00,50.4990,50.0500,50.3000,50.3499,4445622,11077
2018-02-05 15:33:00,50.5000,50.1500,50.3000,50.5000,4460038,13416
2018-02-05 15:34:00,50.8750,50.5000,50.5000,50.8750,4479189,17861
2018-02-05 15:35:00,50.9489,50.5500,50.9000,50.5795,4507119,25610
2018-02-05 15:36:00,50.8000,50.3500,50.5000,50.6350,4522402,13852
2018-02-05 15:37:00,50.7000,50.3500,50.6000,50.4000,4533718,10694
2018-02-05 15:38:00,50.7000,50.3500,50.3750,50.4000,4542371,7581
2018-02-05 15:39:00,50.5000,50.1250,50.4320,50.2500,4560203,15910
2018-02-05 15:40:00,50.3500,50.0500,50.2500,50.2000,4566953,5945
2018-02-05 15:41:00,50.1250,49.6500,50.1000,49.8441,4589852,21259
2018-02-05 15:42:00,50.0000,49.8502,49.8640,49.9500,4611646,18642
2018-02-05 15:43:00,50.0000,49.8500,49.8650,49.9863,4622411,9490
2018-02-05 15:44:00,50.0000,49.9001,49.9673,49.9250,4634574,11606
2018-02-05 15:45:00,49.9500,49.7000,49.9500,49.7000,4645683,9346
2018-02-05 15:46:00,49.7500,49.4001,49.7000,49.4250,4667166,19854
2018-02-05 15:47:00,49.4500,49.2500,49.4500,49.3250,4684023,15500
2018-02-05 15:48:00,49.3250,49.0500,49.3000,49.0750,4697839,12520
2018-02-05 15:49:00,49.0750,48.8000,49.0500,48.9000,4728848,27133
2018-02-05 15:50:00,49.0000,48.8500,48.9500,48.9000,4747310,17312
2018-02-05 15:51:00,49.0770,48.9125,48.9375,49.0750,4771830,22824
2018-02-05 15:52:00,49.1000,48.9000,49.0500,48.9001,4792624,18443
2018-02-05 15:53:00,48.9050,48.6500,48.9000,48.7000,4811103,16286
2018-02-05 15:54:00,48.8000,48.6345,48.7250,48.8000,4841741,28197
2018-02-05 15:55:00,48.8000,48.6000,48.8000,48.6000,4859151,15926
2018-02-05 15:56:00,48.8500,48.6000,48.6250,48.8000,4907719,46234
2018-02-05 15:57:00,49.0500,48.7500,48.8000,49.0000,4939922,29623
2018-02-05 15:58:00,49.1500,48.9500,49.0000,49.0250,4967651,23989
2018-02-05 15:59:00,49.0500,48.9500,49.0500,49.0000,5004357,34510
2018-02-05 16:00:00,49.7560,48.9500,48.9500,49.5000,5143799,135287
2018-02-06 09:31:00,49.7500,48.7000,48.8500,49.7500,177248,53665
2018-02-06 09:32:00,49.8000,48.5500,49.5081,49.5510,217228,36736
2018-02-06 09:33:00,50.3000,49.5000,49.7000,50.0625,294301,74357
2018-02-06 09:34:00,50.2500,49.9500,50.0250,50.2000,323415,26962
2018-02-06 09:35:00,50.7500,50.1500,50.2500,50.6758,346892,19759
2018-02-06 09:36:00,51.4000,50.6750,50.7500,51.0750,401229,52346
2018-02-06 09:37:00,51.8999,51.0000,51.0000,51.8999,431887,28259
2018-02-06 09:38:00,53.0000,51.8495,51.8498,52.6760,475237,39681
2018-02-06 09:39:00,52.9500,52.5000,52.7000,52.5000,502208,23736
2018-02-06 09:40:00,54.2500,52.4700,52.4700,53.8600,574053,66738
2018-02-06 09:41:00,53.9500,52.6050,53.8000,52.7005,611399,34034
2018-02-06 09:42:00,53.1000,52.5000,52.6444,52.9000,636596,22709
2018-02-06 09:43:00,54.3500,52.9250,52.9250,54.3500,675844,36160
2018-02-06 09:44:00,54.6500,53.9500,54.4000,54.4250,727121,48001
2018-02-06 09:45:00,54.7000,54.1172,54.4000,54.4000,766760,35934
2018-02-06 09:46:00,54.6500,53.1500,54.4500,53.2750,802195,33223
2018-02-06 09:47:00,53.9000,53.2750,53.3000,53.7501,819539,14221
2018-02-06 09:48:00,54.0000,53.7850,53.8500,54.0000,840077,18266
2018-02-06 09:49:00,54.5000,54.0000,54.0000,54.3000,854356,12272
2018-02-06 09:50:00,54.4500,53.3000,54.2500,53.4000,898149,40555
2018-02-06 09:51:00,54.2000,53.0000,53.5000,53.6500,920241,20225
2018-02-06 09:52:00,54.2500,53.6500,53.7000,54.1000,944344,22376
2018-02-06 09:53:00,54.3000,53.7500,54.0500,54.2750,970396,23572
2018-02-06 09:54:00,54.6500,54.3000,54.3000,54.6143,1012494,39873
2018-02-06 09:55:00,56.0000,54.6200,54.6500,55.9499,1067351,50839
2018-02-06 09:56:00,56.9000,55.7000,55.7500,56.9000,1137017,65667
2018-02-06 09:57:00,57.0000,56.2000,56.7437,56.3000,1192284,50971
2018-02-06 09:58:00,56.4302,54.6470,56.4302,55.0000,1233225,36527
2018-02-06 09:59:00,55.4000,55.0000,55.0500,55.2000,1250379,14692
2018-02-06 10:00:00,55.7500,54.7500,55.1417,55.6075,1285844,32041
2018-02-06 10:01:00,56.4000,55.6000,55.6500,56.3250,1326235,37351
2018-02-06 10:02:00,56.5000,55.8500,56.3497,56.0879,1354372,25641
2018-02-06 10:03:00,56.2000,55.7500,56.1000,56.0310,1375657,19370
2018-02-06 10:04:00,56.0000,55.5500,56.0000,55.6492,1389319,12060
2018-02-06 10:05:00,56.0000,55.6000,55.7500,55.7500,1400747,10447
2018-02-06 10:06:00,55.9000,55.5000,55.7500,55.8500,1425758,23430
2018-02-06 10:07:00,56.0000,55.7000,55.8000,55.9490,1434135,7389
2018-02-06 10:08:00,56.0000,55.7000,56.0000,56.0000,1447350,11536
2018-02-06 10:09:00,56.2500,55.3500,55.9500,55.5500,1466962,17438
2018-02-06 10:10:00,55.3501,54.6000,55.3501,54.8000,1494497,25325
2018-02-06 10:11:00,56.1000,54.7000,54.7000,55.9500,1520785,24677
2018-02-06 10:12:00,56.0320,55.5000,55.9500,55.8500,1549301,26528
2018-02-06 10:13:00,56.0000,55.5000,55.9500,55.5000,1558135,7630
2018-02-06 10:14:00,55.5620,55.1900,55.5620,55.2472,1567567,8054
2018-02-06 10:15:00,55.4500,54.8500,55.3500,54.9500,1594846,26084
2018-02-06 10:16:00,54.9001,54.6000,54.9000,54.6000,1609105,11881
2018-02-06 10:17:00,54.5500,53.7000,54.5500,53.7500,1647879,36330
2018-02-06 10:18:00,53.9000,53.5000,53.8634,53.5500,1672154,22324
2018-02-06 10:19:00,53.6000,53.2000,53.5000,53.3000,1696844,22080
2018-02-06 10:20:00,53.5000,53.2510,53.4000,53.4000,1707249,9297
2018-02-06 10:21:00,53.6500,53.3425,53.4500,53.4500,1729836,19630
2018-02-06 10:22:00,53.6500,53.5010,53.5500,53.6500,1744779,12597
2018-02-06 10:23:00,53.6500,53.2000,53.6500,53.2000,1760739,13979
2018-02-06 10:24:00,53.3000,52.8450,53.1500,52.9000,1783405,20744
2018-02-06 10:25:00,53.0000,52.5500,52.8000,52.5500,1815424,30324
2018-02-06 10:26:00,52.9200,52.5500,52.5500,52.8000,1827521,11145
2018-02-06 10:27:00,53.6000,52.8000,52.8245,53.4000,1846077,16800
2018-02-06 10:28:00,53.4000,52.7500,53.3500,52.9500,1857138,10105
2018-02-06 10:29:00,53.2000,52.8501,52.8735,53.2000,1870948,12264
2018-02-06 10:30:00,53.4000,53.0000,53.0884,53.2999,1894477,22426
2018-02-06 10:31:00,53.4000,53.2500,53.2500,53.3312,1901829,6445
2018-02-06 10:32:00,53.4495,53.3000,53.3500,53.3500,1913892,10872
2018-02-06 10:33:00,53.3000,52.8500,53.2750,52.9000,1923135,8179
2018-02-06 10:34:00,53.1741,52.9000,52.9000,53.0000,1930630,6630
2018-02-06 10:35:00,53.2999,52.9159,53.1000,53.1000,1937566,6073
2018-02-06 10:36:00,53.1000,52.5000,53.0950,52.7239,1952548,13239
2018-02-06 10:37:00,52.9000,52.7000,52.7350,52.7000,1958749,5532
2018-02-06 10:38:00,52.7350,52.5500,52.7000,52.6000,1967280,7711
2018-02-06 10:39:00,53.1000,52.4500,52.5600,53.0000,1983859,14132
2018-02-06 10:40:00,53.2500,52.8000,52.8500,53.2500,1993542,9361
2018-02-06 10:41:00,53.6000,53.2000,53.2500,53.4000,2008569,13355
2018-02-06 10:42:00,53.4000,52.9500,53.4000,53.0580,2016728,6995
2018-02-06 10:43:00,53.4000,52.7500,53.0000,53.4000,2029500,11499
2018-02-06 10:44:00,53.2500,53.1990,53.2500,53.1990,2031908,2200
2018-02-06 10:45:00,53.5500,53.1000,53.1500,53.5500,2037944,5462
2018-02-06 10:46:00,53.7000,53.4795,53.4795,53.6500,2057945,18911
2018-02-06 10:47:00,53.6500,53.5001,53.6500,53.6500,2069708,10725
2018-02-06 10:48:00,53.6500,53.3806,53.6500,53.6000,2076989,6133
2018-02-06 10:49:00,53.8000,53.4500,53.6000,53.8000,2090175,12163
2018-02-06 10:50:00,53.8000,53.4000,53.8000,53.4000,2107389,16050
2018-02-06 10:51:00,53.6000,53.0000,53.4000,53.0500,2117145,8990
2018-02-06 10:52:00,53.4500,53.0500,53.1502,53.2500,2120499,2505
2018-02-06 10:53:00,53.8000,53.2500,53.2500,53.6500,2133770,11184
2018-02-06 10:54:00,53.7500,53.4000,53.7500,53.4001,2140330,6158
2018-02-06 10:55:00,53.7500,53.3000,53.5000,53.5000,2153222,12041
2018-02-06 10:56:00,53.6005,53.5500,53.5500,53.5500,2157375,3998
2018-02-06 10:57:00,53.6000,53.3000,53.6000,53.5000,2161067,3150
2018-02-06 10:58:00,53.4000,53.1500,53.3500,53.2500,2169897,8116
2018-02-06 10:59:00,53.4000,53.0500,53.4000,53.1499,2179136,8700
2018-02-06 11:00:00,53.1500,52.8010,53.1500,52.9500,2185922,6250
2018-02-06 11:01:00,52.9500,52.7001,52.9000,52.7500,2195539,8655
2018-02-06 11:02:00,52.9000,52.6000,52.7500,52.8500,2202851,6622
2018-02-06 11:03:00,53.1000,52.9000,52.9000,53.0500,2210779,6734
2018-02-06 11:04:00,53.4500,53.0500,53.1000,53.4000,2219808,8750
2018-02-06 11:05:00,53.6000,53.3000,53.5000,53.3390,2227739,7753
2018-02-06 11:06:00,53.5262,53.2010,53.2171,53.5262,2230098,2249
2018-02-06 11:07:00,53.6000,53.3501,53.5500,53.4595,2233237,2645
2018-02-06 11:08:00,53.6048,53.5000,53.5000,53.5500,2237502,3840
2018-02-06 11:09:00,53.7000,53.4000,53.6000,53.5000,2242733,4697
2018-02-06 11:10:00,53.4000,53.0500,53.3000,53.4000,2250097,6525
2018-02-06 11:11:00,53.4000,53.3037,53.3914,53.4000,2253044,2800
2018-02-06 11:12:00,53.5555,53.3500,53.4500,53.5000,2261894,8571
2018-02-06 11:13:00,53.4747,53.1500,53.4747,53.3001,2264988,2712
2018-02-06 11:14:00,53.3750,52.8000,53.3750,52.8500,2273701,7812
2018-02-06 11:15:00,53.2000,52.8000,52.8630,52.8627,2277429,3450
2018-02-06 11:16:00,53.0500,52.9000,52.9000,52.9000,2285979,8249
2018-02-06 11:17:00,53.2000,52.9000,52.9490,53.2000,2291519,5140
2018-02-06 11:18:00,53.3500,53.1500,53.1500,53.2500,2296816,4955
2018-02-06 11:19:00,53.1500,53.0000,53.1500,53.0000,2301128,3937
2018-02-06 11:20:00,53.3500,52.9998,52.9998,53.3500,2303811,2421
2018-02-06 11:21:00,53.4000,53.2495,53.3250,53.2495,2308838,4650
2018-02-06 11:22:00,53.4500,53.2500,53.3499,53.3000,2313168,4174
2018-02-06 11:23:00,53.4500,53.3000,53.3000,53.4000,2316898,3500
2018-02-06 11:24:00,53.4500,53.4000,53.4500,53.4500,2324401,6208
2018-02-06 11:25:00,53.4500,53.3000,53.4500,53.3000,2329730,4775
2018-02-06 11:26:00,53.3500,53.2000,53.3000,53.2500,2335402,4993
2018-02-06 11:27:00,53.4500,53.1000,53.2500,53.3781,2346300,10240
2018-02-06 11:28:00,53.4500,53.2000,53.3750,53.4500,2348784,2220
2018-02-06 11:29:00,53.4500,53.1500,53.4000,53.3000,2349495,700
2018-02-06 11:30:00,53.1000,52.8500,53.0500,52.9630,2355104,5268
2018-02-06 11:31:00,53.1500,53.0000,53.0000,53.1500,2359727,4052
2018-02-06 11:32:00,53.3000,52.8500,53.2000,52.8500,2364449,4259
2018-02-06 11:33:00,53.0000,52.8000,52.9500,52.8500,2373524,8508
2018-02-06 11:34:00,52.9000,52.1500,52.8000,52.2377,2395161,19331
2018-02-06 11:35:00,52.3500,51.5000,52.3000,52.0000,2432606,35244
2018-02-06 11:36:00,51.9999,51.7000,51.9531,51.9999,2446679,13030
2018-02-06 11:37:00,52.6500,51.9011,52.0000,52.5000,2459491,12300
2018-02-06 11:38:00,52.4000,52.2000,52.4000,52.2750,2462526,2715
2018-02-06 11:39:00,52.3500,52.2990,52.2990,52.3000,2469833,6785
2018-02-06 11:40:00,52.3500,52.2500,52.3000,52.3500,2476173,6060
2018-02-06 11:41:00,52.3500,52.1004,52.3500,52.3000,2479033,2498
2018-02-06 11:42:00,52.3500,52.2500,52.3000,52.3000,2494539,14708
2018-02-06 11:43:00,52.3499,52.2500,52.2500,52.3000,2498860,1700
2018-02-06 11:44:00,52.7000,52.3180,52.3180,52.7000,2508895,9280
2018-02-06 11:45:00,52.7750,52.6000,52.6031,52.7245,2514926,5753
2018-02-06 11:46:00,52.7000,52.6500,52.7000,52.6500,2519039,3956
2018-02-06 11:47:00,52.6000,52.5490,52.6000,52.5500,2520066,1000
2018-02-06 11:48:00,52.9950,52.5050,52.5050,52.8999,2535950,14946
2018-02-06 11:49:00,52.8500,52.6860,52.8500,52.6860,2540151,4200
2018-02-06 11:50:00,53.0000,52.6906,52.6906,53.0000,2550055,8916
2018-02-06 11:51:00,53.2500,52.9750,52.9999,53.0750,2557261,6705
2018-02-06 11:52:00,53.1500,53.1000,53.1490,53.1250,2558910,1400
2018-02-06 11:53:00,53.3500,53.1000,53.1500,53.3000,2570477,10588
2018-02-06 11:54:00,53.3500,53.2498,53.2500,53.3500,2575216,4297
2018-02-06 11:55:00,53.3500,52.9500,53.3500,53.0386,2593895,17805
2018-02-06 11:56:00,53.3500,53.1620,53.1620,53.3500,2596331,2073
2018-02-06 11:57:00,53.4005,52.8500,53.3246,52.8500,2610352,12885
2018-02-06 11:58:00,53.0000,52.7500,53.0000,52.8430,2614434,3882
2018-02-06 11:59:00,52.8500,52.4500,52.8000,52.4500,2617996,3295
2018-02-06 12:00:00,52.5500,52.3500,52.4000,52.5000,2622737,4050
2018-02-06 12:01:00,52.9000,52.6000,52.6000,52.8876,2625625,2290
2018-02-06 12:02:00,52.8500,52.8000,52.8500,52.8500,2627209,1200
2018-02-06 12:03:00,52.8660,52.8001,52.8050,52.8500,2628559,1300
2018-02-06 12:04:00,53.0500,52.9000,52.9000,53.0000,2632602,3251
2018-02-06 12:05:00,53.2000,52.9425,53.0000,53.0500,2637220,4199
2018-02-06 12:06:00,53.1500,53.0900,53.0900,53.1500,2638082,500
2018-02-06 12:07:00,53.4000,53.1500,53.1500,53.3000,2646095,7609
2018-02-06 12:08:00,53.5000,53.1500,53.3000,53.1500,2660376,13606
2018-02-06 12:09:00,53.3000,53.0500,53.1000,53.2000,2663561,3075
2018-02-06 12:10:00,53.5000,53.3500,53.3500,53.4999,2668817,4515
2018-02-06 12:11:00,53.4500,53.2000,53.4000,53.4000,2682023,11982
2018-02-06 12:12:00,53.4000,53.1500,53.3500,53.3574,2690568,7753
2018-02-06 12:13:00,53.5000,53.2994,53.4000,53.3500,2701122,10333
2018-02-06 12:14:00,53.4630,53.3000,53.3000,53.4500,2705619,4333
2018-02-06 12:15:00,53.8500,53.4640,53.4640,53.7500,2724353,17665
2018-02-06 12:16:00,53.9499,53.6500,53.7504,53.9499,2732212,7180
2018-02-06 12:17:00,54.0000,53.5000,53.9500,53.5000,2750308,15885
2018-02-06 12:18:00,53.8000,53.4000,53.5500,53.5500,2760291,9026
2018-02-06 12:19:00,53.5500,53.3500,53.3500,53.5001,2762221,1900
2018-02-06 12:20:00,53.4000,53.3248,53.4000,53.3248,2763368,950
2018-02-06 12:21:00,53.4950,53.3500,53.3500,53.4950,2765178,1220
2018-02-06 12:22:00,53.4500,53.1500,53.4500,53.4500,2768838,3073
2018-02-06 12:23:00,53.5000,53.2000,53.5000,53.2000,2772420,3263
2018-02-06 12:24:00,53.2160,53.1998,53.2000,53.2160,2774600,2070
2018-02-06 12:25:00,53.6500,53.2500,53.2500,53.6500,2782789,7500
2018-02-06 12:26:00,53.8000,53.5500,53.7000,53.6750,2790559,6959
2018-02-06 12:27:00,53.9000,53.7245,53.7500,53.9000,2796130,4679
2018-02-06 12:28:00,54.0000,53.8750,53.9003,54.0000,2805506,9054
2018-02-06 12:29:00,54.1500,53.9000,53.9500,54.0425,2821750,15522
2018-02-06 12:30:00,54.0500,53.9750,54.0500,54.0000,2829944,6460
2018-02-06 12:31:00,54.1500,54.0000,54.0500,54.0450,2848258,16579
2018-02-06 12:32:00,54.0500,53.8620,54.0000,53.9500,2854904,6020
2018-02-06 12:33:00,54.0000,53.8570,53.9214,53.9990,2859190,3800
2018-02-06 12:34:00,54.0500,53.7000,54.0000,53.8500,2873195,12987
2018-02-06 12:35:00,53.9450,53.6000,53.8675,53.7740,2879807,5850
2018-02-06 12:36:00,53.7000,53.6500,53.7000,53.7000,2881580,1530
2018-02-06 12:37:00,53.7500,53.6758,53.6758,53.7000,2885136,3180
2018-02-06 12:38:00,53.6500,53.0500,53.6500,53.2000,2903952,17797
2018-02-06 12:39:00,54.0490,53.3000,53.3000,54.0490,2914000,9047
2018-02-06 12:40:00,54.1500,53.8500,54.0000,54.1000,2925924,10595
2018-02-06 12:41:00,54.1000,53.4500,54.1000,53.6753,2932610,5923
2018-02-06 12:42:00,53.8000,53.6965,53.7500,53.7500,2935408,2400
2018-02-06 12:43:00,53.7500,53.3700,53.7500,53.3700,2941228,5500
2018-02-06 12:44:00,53.4500,53.2501,53.3000,53.4500,2944252,2800
2018-02-06 12:45:00,53.6500,53.4000,53.4500,53.4650,2949201,3988
2018-02-06 12:46:00,53.5000,53.3380,53.5000,53.4227,2956448,6772
2018-02-06 12:47:00,53.5500,53.1000,53.4000,53.4500,2967410,10441
2018-02-06 12:48:00,53.3500,53.2000,53.3500,53.2000,2969431,1739
2018-02-06 12:49:00,53.4000,53.1510,53.2000,53.2100,2980825,10713
2018-02-06 12:50:00,53.3000,53.2000,53.2500,53.2800,2982825,1940
2018-02-06 12:51:00,53.4430,53.3500,53.3500,53.4430,2986250,3000
2018-02-06 12:52:00,53.5500,53.2000,53.5500,53.3500,2990551,3979
2018-02-06 12:53:00,53.3130,53.1722,53.3000,53.1968,2993897,2877
2018-02-06 12:54:00,53.2000,52.9000,53.2000,53.0768,3003796,8743
2018-02-06 12:55:00,53.2500,53.0500,53.0990,53.2500,3008983,5000
2018-02-06 12:56:00,53.3000,53.1409,53.2000,53.2500,3015887,6340
2018-02-06 12:57:00,53.4091,53.2300,53.3160,53.4091,3022334,6150
2018-02-06 12:58:00,53.3500,53.1500,53.3500,53.1500,3027433,4483
2018-02-06 12:59:00,53.3500,53.1005,53.1500,53.3500,3030443,2776
2018-02-06 13:00:00,53.4750,53.3500,53.4000,53.4500,3038197,7300
2018-02-06 13:01:00,53.4620,53.1000,53.4620,53.1750,3043507,5100
2018-02-06 13:02:00,53.2500,53.0000,53.1000,53.2192,3047883,3820
2018-02-06 13:03:00,53.1500,52.9500,53.1500,52.9750,3055556,7331
2018-02-06 13:04:00,52.9500,52.6550,52.9500,52.6845,3063957,7505
2018-02-06 13:05:00,53.0120,52.6501,52.7250,53.0120,3070598,6095
2018-02-06 13:06:00,53.1135,52.8445,53.0500,52.9000,3074011,3067
2018-02-06 13:07:00,52.8500,52.7501,52.8250,52.8050,3075261,1150
2018-02-06 13:08:00,52.9500,52.8300,52.9450,52.9000,3077920,2400
2018-02-06 13:09:00,52.8502,52.8000,52.8500,52.8000,3079050,800
2018-02-06 13:10:00,52.7755,52.7500,52.7755,52.7501,3081670,2600
2018-02-06 13:11:00,52.8500,52.7245,52.7685,52.8000,3088832,6417
2018-02-06 13:12:00,53.1000,52.9000,52.9000,53.0000,3092237,3111
2018-02-06 13:13:00,53.3000,53.0499,53.0499,53.3000,3095396,2999
2018-02-06 13:14:00,53.4500,53.3000,53.3500,53.3500,3099139,3414
2018-02-06 13:15:00,53.4500,53.3000,53.4500,53.3500,3103941,4400
2018-02-06 13:16:00,53.4000,53.3000,53.3000,53.4000,3107473,3120
2018-02-06 13:17:00,53.5000,53.3500,53.3500,53.5000,3115061,7195
2018-02-06 13:18:00,53.5000,53.3500,53.4719,53.4000,3121401,5620
2018-02-06 13:19:00,53.4500,53.4000,53.4450,53.4000,3123348,1440
2018-02-06 13:20:00,53.5000,53.3500,53.4500,53.4999,3130121,6379
2018-02-06 13:21:00,53.5000,53.4500,53.5000,53.4500,3133067,2399
2018-02-06 13:22:00,53.5000,53.4500,53.4640,53.4810,3136549,3170
2018-02-06 13:23:00,53.5000,53.3999,53.4510,53.3999,3140278,3128
2018-02-06 13:24:00,53.3500,53.1500,53.3500,53.2000,3144250,3411
2018-02-06 13:25:00,53.3500,53.1894,53.1894,53.2696,3150099,5500
2018-02-06 13:26:00,53.5000,53.3000,53.3000,53.4500,3155484,5000
2018-02-06 13:27:00,53.4660,53.1500,53.4500,53.2000,3160895,4650
2018-02-06 13:28:00,53.4000,53.1996,53.1996,53.4000,3165451,4350
2018-02-06 13:29:00,53.4000,53.3000,53.4000,53.3000,3167087,1540
2018-02-06 13:30:00,53.5000,53.3000,53.3000,53.5000,3169865,2190
2018-02-06 13:31:00,53.5000,53.4000,53.5000,53.4000,3172416,1770
2018-02-06 13:32:00,53.4000,53.2999,53.4000,53.2999,3173710,1100
2018-02-06 13:33:00,53.3500,53.2500,53.2750,53.3500,3175422,1500
2018-02-06 13:34:00,53.3750,53.2500,53.3500,53.2500,3177175,1500
2018-02-06 13:35:00,53.2000,53.0500,53.2000,53.1500,3178320,900
2018-02-06 13:36:00,53.2500,53.0500,53.1500,53.1000,3181834,2880
2018-02-06 13:37:00,53.3000,53.1500,53.1500,53.3000,3183632,1475
2018-02-06 13:38:00,53.4000,53.3500,53.3500,53.4000,3185707,2000
2018-02-06 13:39:00,53.4000,53.3500,53.3950,53.4000,3187164,1195
2018-02-06 13:40:00,53.4500,53.4000,53.4000,53.4500,3193365,5875
2018-02-06 13:41:00,53.5000,53.3500,53.4250,53.4000,3201424,7237
2018-02-06 13:42:00,53.4500,53.3281,53.3500,53.3620,3203683,1738
2018-02-06 13:43:00,53.5000,53.3500,53.3500,53.3993,3209989,5650
2018-02-06 13:44:00,53.4620,53.2500,53.4450,53.4500,3212822,2426
2018-02-06 13:45:00,53.5000,53.4500,53.4500,53.4995,3215974,2900
2018-02-06 13:46:00,53.6000,53.4500,53.5000,53.6000,3227000,10137
2018-02-06 13:47:00,53.6500,53.5840,53.6500,53.6500,3234591,7140
2018-02-06 13:48:00,53.6500,53.4950,53.6500,53.5000,3240695,5500
2018-02-06 13:49:00,53.5000,53.0500,53.4750,53.1494,3246853,6025
2018-02-06 13:50:00,53.2500,53.1567,53.1567,53.2500,3247806,900
2018-02-06 13:51:00,53.2500,53.1500,53.1500,53.2500,3251844,3785
2018-02-06 13:52:00,53.2500,53.2000,53.2001,53.2050,3254010,1800
2018-02-06 13:53:00,53.4000,53.2252,53.2252,53.3000,3259401,5001
2018-02-06 13:54:00,53.4000,53.2000,53.3385,53.2070,3266318,6200
2018-02-06 13:55:00,53.3500,53.2500,53.3000,53.2500,3268003,1400
2018-02-06 13:56:00,53.3500,53.2500,53.2722,53.2500,3270641,2150
2018-02-06 13:57:00,53.4000,53.2650,53.2650,53.3500,3275283,4600
2018-02-06 13:58:00,53.3500,53.2500,53.3500,53.2500,3277975,2300
2018-02-06 13:59:00,53.5000,53.2501,53.2501,53.3929,3284092,5840
2018-02-06 14:00:00,53.3000,53.2000,53.3000,53.2000,3290406,6220
2018-02-06 14:01:00,53.3000,53.2002,53.2002,53.3000,3291347,781
2018-02-06 14:02:00,53.4500,53.3000,53.3000,53.3500,3294773,3014
2018-02-06 14:03:00,53.5500,53.3748,53.3748,53.5500,3296711,1687
2018-02-06 14:04:00,53.6500,53.5500,53.5500,53.6500,3301797,4396
2018-02-06 14:05:00,53.6500,53.5000,53.6500,53.6315,3307710,5329
2018-02-06 14:06:00,53.6500,53.5500,53.6500,53.5500,3315560,7293
2018-02-06 14:07:00,53.6500,53.5000,53.5500,53.6500,3320745,5100
2018-02-06 14:08:00,53.6500,53.6001,53.6500,53.6500,3331236,9877
2018-02-06 14:09:00,53.6500,53.3500,53.6500,53.5000,3339858,8300
2018-02-06 14:10:00,53.4500,53.3500,53.4500,53.3500,3342771,2650
2018-02-06 14:11:00,53.6000,53.3000,53.3500,53.6000,3345416,2000
2018-02-06 14:12:00,53.6500,53.5991,53.6000,53.6500,3348106,2100
2018-02-06 14:13:00,53.6500,53.5500,53.6500,53.6500,3352020,3619
2018-02-06 14:14:00,53.6500,53.6500,53.6500,53.6500,3355016,2500
2018-02-06 14:15:00,53.9500,53.6404,53.6404,53.8500,3371162,14893
2018-02-06 14:16:00,53.7500,53.5083,53.7500,53.6000,3377148,5500
2018-02-06 14:17:00,53.6500,53.4250,53.6500,53.6000,3385222,6248
2018-02-06 14:18:00,53.5500,53.4000,53.4500,53.4000,3387088,1661
2018-02-06 14:19:00,53.5000,53.3500,53.3500,53.4000,3394412,6839
2018-02-06 14:20:00,53.5250,53.3501,53.4000,53.4000,3401301,6593
2018-02-06 14:21:00,53.6500,53.2500,53.4000,53.5750,3412386,10399
2018-02-06 14:22:00,53.6500,53.5000,53.6500,53.5250,3416028,3365
2018-02-06 14:23:00,53.6500,53.5500,53.5500,53.6000,3418770,2500
2018-02-06 14:24:00,53.6500,53.5000,53.6490,53.5000,3425175,5185
2018-02-06 14:25:00,53.5499,53.5000,53.5499,53.5000,3426458,755
2018-02-06 14:26:00,53.5500,53.5227,53.5227,53.5500,3427776,700
2018-02-06 14:27:00,53.6500,53.5500,53.5500,53.6500,3434373,6100
2018-02-06 14:28:00,53.7000,53.6301,53.6301,53.7000,3439488,4500
2018-02-06 14:29:00,53.7000,53.6000,53.7000,53.6500,3456669,16927
2018-02-06 14:30:00,53.7000,53.6000,53.6500,53.6750,3461419,4345
2018-02-06 14:31:00,53.6500,53.6000,53.6500,53.6500,3463769,2060
2018-02-06 14:32:00,53.6500,53.6454,53.6500,53.6500,3464989,850
2018-02-06 14:33:00,54.0000,53.6500,53.7000,53.9733,3472116,6528
2018-02-06 14:34:00,54.4500,53.9830,54.0000,54.2500,3489343,15138
2018-02-06 14:35:00,54.6500,54.3000,54.3500,54.6500,3501865,11281
2018-02-06 14:36:00,54.8500,54.6000,54.6500,54.8000,3513476,10712
2018-02-06 14:37:00,54.8000,54.2000,54.8000,54.7000,3531364,15987
2018-02-06 14:38:00,54.8000,54.6500,54.6500,54.7500,3537657,5797
2018-02-06 14:39:00,55.0000,54.7000,54.8000,54.9537,3550509,11058
2018-02-06 14:40:00,55.0000,54.8500,55.0000,54.8500,3558185,7458
2018-02-06 14:41:00,55.0000,54.7500,54.9000,54.9999,3565791,7064
2018-02-06 14:42:00,55.5000,54.9001,54.9001,55.3000,3594827,27332
2018-02-06 14:43:00,55.4500,55.1500,55.2500,55.3500,3619272,23505
2018-02-06 14:44:00,55.4000,55.1500,55.3990,55.1500,3634806,14837
2018-02-06 14:45:00,55.3499,54.6500,55.1500,55.2500,3658902,22679
2018-02-06 14:46:00,55.3500,55.0750,55.2000,55.3500,3664902,5600
2018-02-06 14:47:00,55.7000,55.3000,55.4000,55.5508,3689785,23322
2018-02-06 14:48:00,55.5500,55.4500,55.5000,55.5500,3695563,5150
2018-02-06 14:49:00,55.6000,55.3500,55.5500,55.4500,3715623,18919
2018-02-06 14:50:00,55.9000,55.4500,55.5500,55.9000,3735062,18555
2018-02-06 14:51:00,55.9500,55.7000,55.8000,55.9000,3742906,7040
2018-02-06 14:52:00,56.0000,55.3700,55.9250,55.3700,3764629,20388
2018-02-06 14:53:00,55.6000,55.1000,55.4000,55.5000,3798377,32700
2018-02-06 14:54:00,55.4440,55.3000,55.3000,55.4120,3803863,5200
2018-02-06 14:55:00,55.9500,55.4500,55.4500,55.9500,3816578,12323
2018-02-06 14:56:00,56.0000,55.7757,55.8500,56.0000,3830392,13132
2018-02-06 14:57:00,56.1000,55.2500,55.9500,55.4750,3861494,29719
2018-02-06 14:58:00,55.7500,55.4000,55.4000,55.7000,3868526,6316
2018-02-06 14:59:00,56.0000,55.7359,55.7500,55.9260,3881799,13200
2018-02-06 15:00:00,56.1000,55.9000,56.0000,55.9500,3899610,16792
2018-02-06 15:01:00,56.1000,55.7000,55.9192,55.9000,3912216,11936
2018-02-06 15:02:00,56.2000,55.8500,55.9000,56.1501,3926772,13950
2018-02-06 15:03:00,56.3000,55.8250,56.1000,56.0000,3947380,19992
2018-02-06 15:04:00,56.0500,55.8000,55.9750,56.0000,3953250,5520
2018-02-06 15:05:00,56.3000,55.9550,56.0500,56.2500,3958201,4150
2018-02-06 15:06:00,56.4000,56.1000,56.2000,56.2990,3978240,18263
2018-02-06 15:07:00,56.3000,56.0001,56.2050,56.1700,3980990,2200
2018-02-06 15:08:00,56.5000,56.1000,56.2500,56.4500,4005193,22908
2018-02-06 15:09:00,56.4550,56.0501,56.3500,56.0510,4020654,14770
2018-02-06 15:10:00,56.5500,56.1510,56.1555,56.5400,4037552,15450
2018-02-06 15:11:00,56.6000,56.2500,56.5250,56.2500,4057144,18487
2018-02-06 15:12:00,56.3500,56.1000,56.2500,56.2966,4062402,4500
2018-02-06 15:13:00,56.3002,56.1000,56.2500,56.2250,4069405,6214
2018-02-06 15:14:00,56.3000,56.1501,56.1840,56.2576,4074799,4800
2018-02-06 15:15:00,56.4000,55.9000,56.2950,56.0907,4087620,11227
2018-02-06 15:16:00,56.5000,56.0166,56.0301,56.2500,4095630,7597
2018-02-06 15:17:00,56.4500,56.1250,56.2000,56.4500,4104577,7942
2018-02-06 15:18:00,56.4466,56.1500,56.4466,56.3500,4116424,10919
2018-02-06 15:19:00,56.3500,56.0000,56.3500,56.0500,4122906,5725
2018-02-06 15:20:00,56.1000,55.9000,56.0500,55.9500,4141496,18308
2018-02-06 15:21:00,56.3500,55.9000,56.0000,56.3500,4154877,12264
2018-02-06 15:22:00,56.7000,56.3000,56.3500,56.6500,4180943,24338
2018-02-06 15:23:00,56.6000,56.2000,56.4500,56.2750,4187650,5860
2018-02-06 15:24:00,56.3000,56.1250,56.2500,56.1510,4194487,6200
2018-02-06 15:25:00,56.2500,56.0119,56.1500,56.0119,4210449,14580
2018-02-06 15:26:00,56.1000,55.9000,56.0750,56.0000,4225392,13920
2018-02-06 15:27:00,56.2000,56.0000,56.1000,56.1000,4238529,12308
2018-02-06 15:28:00,56.2500,56.0500,56.0500,56.2250,4245156,6100
2018-02-06 15:29:00,56.3500,56.2000,56.2450,56.3000,4254795,8650
2018-02-06 15:30:00,56.4250,56.2500,56.2508,56.4250,4258226,2625
2018-02-06 15:31:00,56.5000,56.2500,56.3500,56.4500,4269844,9266
2018-02-06 15:32:00,56.4185,55.9500,56.3500,56.4185,4287958,16532
2018-02-06 15:33:00,56.6000,56.3500,56.4250,56.4000,4297686,8938
2018-02-06 15:34:00,56.6750,56.2000,56.4000,56.5750,4316476,16989
2018-02-06 15:35:00,56.6500,56.4000,56.4687,56.5500,4323064,5188
2018-02-06 15:36:00,56.6000,56.4000,56.5500,56.4588,4333990,9894
2018-02-06 15:37:00,56.5500,56.4500,56.5000,56.4750,4339166,4390
2018-02-06 15:38:00,56.5250,56.4000,56.4500,56.5000,4349893,9235
2018-02-06 15:39:00,56.5500,56.3000,56.5000,56.3500,4366313,14951
2018-02-06 15:40:00,56.4500,56.3250,56.3500,56.4500,4372001,4967
2018-02-06 15:41:00,56.4500,56.4000,56.4500,56.4450,4386215,12769
2018-02-06 15:42:00,56.4167,56.3000,56.4167,56.3685,4395804,9036
2018-02-06 15:43:00,56.4000,56.3500,56.4000,56.4000,4398902,2300
2018-02-06 15:44:00,56.4500,56.3000,56.4000,56.3250,4407916,8167
2018-02-06 15:45:00,56.3500,56.2500,56.3000,56.2500,4416632,6980
2018-02-06 15:46:00,56.4000,56.1500,56.2750,56.2000,4431352,13148
2018-02-06 15:47:00,56.3000,56.0500,56.2404,56.0500,4440630,7382
2018-02-06 15:48:00,56.1000,55.8500,56.0603,55.8500,4453551,11653
2018-02-06 15:49:00,56.0500,55.8000,55.9000,56.0500,4465869,10453
2018-02-06 15:50:00,56.0500,55.9000,56.0500,56.0000,4475297,8339
2018-02-06 15:51:00,55.9500,55.6000,55.9500,55.6500,4490481,14072
2018-02-06 15:52:00,55.6990,55.3500,55.6500,55.3500,4511556,19284
2018-02-06 15:53:00,55.6000,55.3000,55.4000,55.5000,4533402,20009
2018-02-06 15:54:00,55.6500,55.5001,55.5001,55.6500,4543286,7971
2018-02-06 15:55:00,55.7000,55.2000,55.7000,55.2500,4579911,34092
2018-02-06 15:56:00,55.2500,55.1500,55.2000,55.2000,4606649,23734
2018-02-06 15:57:00,55.2500,54.6000,55.2000,54.7000,4649944,40890
2018-02-06 15:58:00,55.1499,54.6500,54.7000,54.9001,4702975,48249
2018-02-06 15:59:00,55.1500,54.9000,54.9500,55.0500,4730385,22490
2018-02-06 16:00:00,55.1000,54.9000,55.0000,54.9500,4767159,30470
2018-02-07 09:31:00,58.0000,56.7500,56.7500,57.5000,210565,118563
2018-02-07 09:32:00,57.7400,56.2500,57.6500,56.5800,257933,44936
2018-02-07 09:33:00,57.7999,56.3300,56.7500,57.2500,285490,26280
2018-02-07 09:34:00,57.4625,56.7500,57.3000,56.9500,310125,22684
2018-02-07 09:35:00,56.8250,56.1000,56.7000,56.2250,332322,20256
2018-02-07 09:36:00,57.0500,56.2550,56.3000,56.9205,353802,18803
2018-02-07 09:37:00,57.3500,56.8220,56.8220,57.0405,379825,23258
2018-02-07 09:38:00,57.6500,57.0000,57.0500,57.6500,407770,25968
2018-02-07 09:39:00,57.9500,57.3431,57.7000,57.8490,459431,48385
2018-02-07 09:40:00,57.8750,57.0500,57.6500,57.1500,482945,21776
2018-02-07 09:41:00,57.7000,57.0333,57.1000,57.6999,508894,23977
2018-02-07 09:42:00,57.8500,57.3281,57.6000,57.8500,552744,41222
2018-02-07 09:43:00,57.9500,56.8500,57.8950,56.9000,588085,32404
2018-02-07 09:44:00,57.1500,56.5000,56.7500,56.9062,613428,22862