2018-02-05 09:31:00,76.1200,75.0500,75.9900,75.1603,757126,522414
2018-02-05 09:32:00,75.7100,75.1100,75.1200,75.6300,856331,87883
2018-02-05 09:33:00,75.9400,75.6300,75.6750,75.8800,956382,91375
2018-02-05 09:34:00,76.3000,75.8110,75.8610,76.2700,1085111,116614
2018-02-05 09:35:00,76.2800,76.1400,76.2600,76.1750,1124022,35137
2018-02-05 09:36:00,76.8000,76.1500,76.1500,76.8000,1262059,127791
2018-02-05 09:37:00,77.1000,76.7000,76.8000,76.9500,1428514,158017
2018-02-05 09:38:00,77.0300,76.7111,76.9500,77.0200,1513201,77754
2018-02-05 09:39:00,77.2500,77.0499,77.0499,77.1100,1616973,94968
2018-02-05 09:40:00,77.4000,76.9500,77.1000,77.0000,1800516,172241
2018-02-05 09:41:00,77.1500,76.9100,76.9680,77.0700,1865336,59395
2018-02-05 09:42:00,77.2590,77.0336,77.0500,77.2300,1922679,51383
2018-02-05 09:43:00,77.3499,77.0800,77.2400,77.2500,1992317,64387
2018-02-05 09:44:00,77.3100,77.0000,77.2200,77.1000,2100056,99028
2018-02-05 09:45:00,77.1100,77.0172,77.0800,77.0200,2139020,35879
2018-02-05 09:46:00,77.2900,76.9700,77.0300,77.2900,2227752,81689
2018-02-05 09:47:00,77.4000,77.0600,77.2600,77.0850,2297307,63816
2018-02-05 09:48:00,77.1300,76.9600,77.0850,77.0450,2364782,62029
2018-02-05 09:49:00,77.3600,77.0300,77.0600,77.3600,2428707,58196
2018-02-05 09:50:00,77.4500,77.2600,77.3300,77.4200,2517001,80584
2018-02-05 09:51:00,77.4100,77.2350,77.3900,77.3680,2601134,77229
2018-02-05 09:52:00,77.3750,77.2500,77.3700,77.2900,2656327,50191
2018-02-05 09:53:00,77.3300,77.1900,77.2900,77.3050,2701940,42326
2018-02-05 09:54:00,77.3217,77.1500,77.3200,77.2400,2736098,30084
2018-02-05 09:55:00,77.2500,77.1300,77.2400,77.1650,2766936,26276
2018-02-05 09:56:00,77.2400,77.1500,77.1900,77.2200,2813008,40611
2018-02-05 09:57:00,77.3300,77.2000,77.2050,77.3050,2862368,45675
2018-02-05 09:58:00,77.5400,77.2900,77.3050,77.5400,2917909,51532
2018-02-05 09:59:00,77.6200,77.4600,77.5400,77.5500,2978957,55389
2018-02-05 10:00:00,77.7100,77.5500,77.5500,77.6799,3040132,57357
2018-02-05 10:01:00,77.6980,77.5600,77.6750,77.5701,3147132,101380
2018-02-05 10:02:00,77.5900,77.3900,77.5900,77.4300,3194019,42655
2018-02-05 10:03:00,77.6795,77.3800,77.4300,77.6750,3255817,57555
2018-02-05 10:04:00,77.7500,77.6300,77.6500,77.7099,3289631,30453
2018-02-05 10:05:00,77.7100,77.6200,77.6900,77.6300,3328146,35388
2018-02-05 10:06:00,77.7000,77.5600,77.6550,77.6400,3373347,40460
2018-02-05 10:07:00,77.6800,77.4605,77.6498,77.5350,3426109,47480
2018-02-05 10:08:00,77.6900,77.5300,77.5600,77.6000,3471213,41829
2018-02-05 10:09:00,77.9400,77.6300,77.6500,77.9000,3515740,40747
2018-02-05 10:10:00,78.0495,77.8400,77.9200,78.0250,3601774,78819
2018-02-05 10:11:00,78.3200,77.9800,78.0250,78.3125,3672694,66676
2018-02-05 10:12:00,78.4200,78.2300,78.3150,78.2550,3788559,109466
2018-02-05 10:13:00,78.4200,78.2400,78.2400,78.3892,3857793,64978
2018-02-05 10:14:00,78.5000,78.3500,78.3700,78.4100,3924757,61602
2018-02-05 10:15:00,78.6700,78.3850,78.4100,78.6700,4007830,77033
2018-02-05 10:16:00,78.6852,78.5000,78.6650,78.6800,4123828,105064
2018-02-05 10:17:00,78.6900,78.5000,78.6750,78.5300,4169004,40949
2018-02-05 10:18:00,78.5400,78.4011,78.5250,78.5000,4270017,91495
2018-02-05 10:19:00,78.6100,78.4100,78.4900,78.5550,4352686,66396
2018-02-05 10:20:00,78.6300,78.4700,78.5900,78.5500,4425649,65729
2018-02-05 10:21:00,78.7199,78.5100,78.5600,78.6300,4467470,35031
2018-02-05 10:22:00,78.6300,78.5200,78.5900,78.6000,4502143,32868
2018-02-05 10:23:00,78.7700,78.5800,78.5900,78.6900,4546604,40161
2018-02-05 10:24:00,78.9000,78.6600,78.6900,78.8000,4597372,47238
2018-02-05 10:25:00,78.9800,78.7100,78.8401,78.9150,4643693,39354
2018-02-05 10:26:00,78.9600,78.8200,78.9150,78.8700,4672455,25874
2018-02-05 10:27:00,78.8645,78.7300,78.8600,78.8000,4757221,82411
2018-02-05 10:28:00,78.8500,78.6600,78.8500,78.7475,4803857,42576
2018-02-05 10:29:00,78.7900,78.6300,78.7700,78.6690,4876520,69451
2018-02-05 10:30:00,78.6538,78.4300,78.6200,78.4600,4932540,47812
2018-02-05 10:31:00,78.5700,78.4000,78.5000,78.4450,4982147,45652
2018-02-05 10:32:00,78.4700,78.2200,78.4500,78.2200,5037093,51612
2018-02-05 10:33:00,78.2700,77.9001,78.2656,77.9900,5150846,106776
2018-02-05 10:34:00,78.0400,77.9100,78.0236,77.9600,5232826,75463
2018-02-05 10:35:00,78.0300,77.9100,78.0000,77.9700,5282298,45192
2018-02-05 10:36:00,78.1000,77.9300,77.9600,78.1000,5345644,57320
2018-02-05 10:37:00,78.2700,78.0868,78.0902,78.1500,5381329,32956
2018-02-05 10:38:00,78.3295,78.0715,78.1700,78.3132,5404385,20247
2018-02-05 10:39:00,78.3600,78.2300,78.3490,78.2500,5433552,24949
2018-02-05 10:40:00,78.2500,78.1700,78.2200,78.2000,5467111,27606
2018-02-05 10:41:00,78.3800,78.1900,78.2200,78.3350,5481209,11164
2018-02-05 10:42:00,78.6000,78.3600,78.3600,78.5425,5519178,34046
2018-02-05 10:43:00,78.5800,78.4500,78.5400,78.5799,5545208,23452
2018-02-05 10:44:00,78.6000,78.4650,78.5750,78.5000,5560196,13379
2018-02-05 10:45:00,78.6800,78.4900,78.4900,78.6800,5591193,27571
2018-02-05 10:46:00,78.6800,78.6000,78.6650,78.6646,5611669,19409
2018-02-05 10:47:00,78.7500,78.5500,78.6500,78.7500,5653069,38244
2018-02-05 10:48:00,78.8050,78.6000,78.7550,78.6000,5709161,52442
2018-02-05 10:49:00,78.6400,78.4800,78.6400,78.5600,5732491,20853
2018-02-05 10:50:00,78.5800,78.4500,78.5600,78.5144,5754026,19260
2018-02-05 10:51:00,78.5100,78.2800,78.5000,78.3700,5801443,44837
2018-02-05 10:52:00,78.4400,78.3100,78.3700,78.3100,5832464,28656
2018-02-05 10:53:00,78.5200,78.3200,78.3450,78.5199,5856788,21780
2018-02-05 10:54:00,78.5090,78.3847,78.5000,78.4110,5864574,6175
2018-02-05 10:55:00,78.5000,78.4000,78.4000,78.4650,5878331,11899
2018-02-05 10:56:00,78.5000,78.3900,78.4500,78.4890,5895290,14392
2018-02-05 10:57:00,78.5100,78.4000,78.4800,78.4700,5910406,13289
2018-02-05 10:58:00,78.4900,78.3100,78.4632,78.4900,5948930,36543
2018-02-05 10:59:00,78.5400,78.4600,78.4843,78.5200,5971675,20162
2018-02-05 11:00:00,78.5400,78.3300,78.5200,78.3800,6002293,28516
2018-02-05 11:01:00,78.6000,78.4000,78.4000,78.5600,6024572,19461
2018-02-05 11:02:00,78.5400,78.3300,78.5400,78.3900,6046162,19102
2018-02-05 11:03:00,78.4700,78.3700,78.3880,78.4400,6061846,13507
2018-02-05 11:04:00,78.4700,78.3500,78.4300,78.3700,6079642,16028
2018-02-05 11:05:00,78.3700,78.2800,78.3500,78.3500,6098450,17077
2018-02-05 11:06:00,78.4000,78.3105,78.3500,78.3400,6103944,4745
2018-02-05 11:07:00,78.5700,78.3300,78.3300,78.5210,6121074,16012
2018-02-05 11:08:00,78.5250,78.4500,78.5200,78.4800,6142075,18537
2018-02-05 11:09:00,78.6000,78.4600,78.5200,78.4700,6161988,17475
2018-02-05 11:10:00,78.6000,78.4700,78.4700,78.5700,6186187,22459
2018-02-05 11:11:00,78.5900,78.5358,78.5700,78.5492,6211737,23325
2018-02-05 11:12:00,78.5600,78.4500,78.5400,78.5200,6231662,17161
2018-02-05 11:13:00,78.5700,78.4900,78.5699,78.4900,6241653,8584
2018-02-05 11:14:00,78.5600,78.4200,78.5399,78.4900,6260241,16437
2018-02-05 11:15:00,78.5300,78.4200,78.4800,78.4408,6277810,16008
2018-02-05 11:16:00,78.4700,78.4100,78.4580,78.4400,6287554,7840
2018-02-05 11:17:00,78.5300,78.4461,78.4461,78.5190,6301545,12821
2018-02-05 11:18:00,78.5300,78.4800,78.5100,78.5000,6314839,12140
2018-02-05 11:19:00,78.5000,78.4000,78.5000,78.4000,6344362,26323
2018-02-05 11:20:00,78.4100,78.2100,78.3900,78.2200,6401780,54540
2018-02-05 11:21:00,78.3400,78.2000,78.2200,78.2529,6440787,35801
2018-02-05 11:22:00,78.2899,78.1100,78.2400,78.1700,6462911,19399
2018-02-05 11:23:00,78.2621,78.1700,78.1700,78.2100,6522439,47695
2018-02-05 11:24:00,78.2800,78.1800,78.2290,78.2000,6550557,25644
2018-02-05 11:25:00,78.2700,78.2000,78.2000,78.2150,6589776,37282
2018-02-05 11:26:00,78.2300,78.1498,78.2000,78.1500,6616933,25518
2018-02-05 11:27:00,78.1790,78.0600,78.1424,78.1650,6641979,22934
2018-02-05 11:28:00,78.2900,78.1400,78.1650,78.2400,6682754,38070
2018-02-05 11:29:00,78.2700,78.1500,78.2700,78.1950,6727312,40933
2018-02-05 11:30:00,78.2561,78.1200,78.1800,78.2100,6758741,29070
2018-02-05 11:31:00,78.2300,78.1000,78.2150,78.2250,6806641,45937
2018-02-05 11:32:00,78.2300,78.1600,78.2250,78.2000,6829046,20452
2018-02-05 11:33:00,78.2715,78.1724,78.1900,78.2100,6858405,26964
2018-02-05 11:34:00,78.2940,78.1850,78.2100,78.1900,6894909,35295
2018-02-05 11:35:00,78.2250,78.1700,78.2040,78.2181,6914378,18755
2018-02-05 11:36:00,78.2300,78.1350,78.2100,78.1400,6954793,37968
2018-02-05 11:37:00,78.2400,78.1100,78.1500,78.2010,6999476,42055
2018-02-05 11:38:00,78.2800,78.1950,78.2100,78.1950,7047736,46969
2018-02-05 11:39:00,78.3064,78.1900,78.1900,78.3000,7079242,30375
2018-02-05 11:40:00,78.4000,78.3150,78.3199,78.3800,7097453,16275
2018-02-05 11:41:00,78.4200,78.2800,78.3700,78.4000,7115020,15216
2018-02-05 11:42:00,78.4250,78.3600,78.4100,78.3600,7136669,19740
2018-02-05 11:43:00,78.5490,78.3800,78.3800,78.5168,7171726,32031
2018-02-05 11:44:00,78.5300,78.4000,78.5150,78.4700,7205781,32142
2018-02-05 11:45:00,78.5200,78.4400,78.4700,78.4700,7268841,61478
2018-02-05 11:46:00,78.4700,78.4000,78.4700,78.4500,7318077,46464
2018-02-05 11:47:00,78.4800,78.3600,78.4600,78.3600,7342544,20890
2018-02-05 11:48:00,78.3800,78.2500,78.3600,78.3210,7362946,17573
2018-02-05 11:49:00,78.3400,78.2600,78.3000,78.3250,7375319,11288
2018-02-05 11:50:00,78.3251,78.2700,78.3200,78.2700,7383579,6813
2018-02-05 11:51:00,78.2800,78.2100,78.2700,78.2100,7403653,17030
2018-02-05 11:52:00,78.3400,78.2100,78.2300,78.2800,7431358,25135
2018-02-05 11:53:00,78.2800,78.2000,78.2600,78.2126,7458408,24840
2018-02-05 11:54:00,78.2300,78.0500,78.2200,78.0500,7503626,43621
2018-02-05 11:55:00,78.0800,77.9800,78.0700,78.0200,7543768,35973
2018-02-05 11:56:00,78.1800,78.0300,78.0300,78.1610,7564772,18273
2018-02-05 11:57:00,78.1750,78.0900,78.1750,78.1525,7575974,10065
2018-02-05 11:58:00,78.3550,78.1500,78.1500,78.3550,7607847,29988
2018-02-05 11:59:00,78.3600,78.2700,78.3500,78.3100,7641457,29960
2018-02-05 12:00:00,78.3050,78.1600,78.3050,78.1800,7672584,29604
2018-02-05 12:01:00,78.2800,78.1800,78.1800,78.2600,7688775,13904
2018-02-05 12:02:00,78.3000,78.2400,78.2600,78.2900,7705747,15765
2018-02-05 12:03:00,78.2800,78.1800,78.2800,78.1850,7719900,11941
2018-02-05 12:04:00,78.2000,78.0900,78.1849,78.1300,7747686,26148
2018-02-05 12:05:00,78.1550,78.0484,78.1350,78.1200,7778505,28500
2018-02-05 12:06:00,78.1900,78.0500,78.1000,78.1900,7791579,11123
2018-02-05 12:07:00,78.2000,78.0400,78.1850,78.0600,7808334,15599
2018-02-05 12:08:00,78.1400,78.0300,78.0500,78.0402,7826130,16208
2018-02-05 12:09:00,78.1000,77.9900,78.0400,78.0000,7854765,26829
2018-02-05 12:10:00,77.9900,77.8700,77.9700,77.8700,7884653,27870
2018-02-05 12:11:00,77.9200,77.7800,77.8600,77.8400,8002436,114922
2018-02-05 12:12:00,78.0050,77.7700,77.8300,78.0000,8047833,41609
2018-02-05 12:13:00,78.0900,77.9900,78.0000,78.0300,8065911,15261
2018-02-05 12:14:00,78.0300,77.8900,78.0300,77.8900,8099163,31014
2018-02-05 12:15:00,77.9500,77.8100,77.9100,77.8900,8136504,35787
2018-02-05 12:16:00,77.8900,77.7800,77.8900,77.8000,8220793,81286
2018-02-05 12:17:00,77.8400,77.7100,77.8200,77.7300,8296508,74602
2018-02-05 12:18:00,77.8900,77.6700,77.7200,77.8300,8360713,61943
2018-02-05 12:19:00,77.9400,77.7800,77.8428,77.8495,8399312,35287
2018-02-05 12:20:00,77.8800,77.8100,77.8400,77.8800,8415107,14639
2018-02-05 12:21:00,77.8700,77.8000,77.8650,77.8700,8455070,35965
2018-02-05 12:22:00,77.9200,77.8300,77.8600,77.9000,8472020,15817
2018-02-05 12:23:00,77.9700,77.8300,77.8700,77.8800,8493166,18900
2018-02-05 12:24:00,77.9040,77.8150,77.8600,77.8300,8509184,13278
2018-02-05 12:25:00,77.9175,77.7900,77.8100,77.7900,8526931,16173
2018-02-05 12:26:00,78.0000,77.7700,77.8100,77.9700,8570548,42557
2018-02-05 12:27:00,78.2000,77.9800,77.9800,78.1100,8643077,70121
2018-02-05 12:28:00,78.2000,78.1300,78.1400,78.1800,8675286,30057
2018-02-05 12:29:00,78.2200,78.1070,78.1800,78.2040,8687684,11348
2018-02-05 12:30:00,78.2800,78.1450,78.2020,78.2500,8712067,22347
2018-02-05 12:31:00,78.3900,78.1900,78.2300,78.3900,8739963,24741
2018-02-05 12:32:00,78.4000,78.3050,78.3501,78.3500,8756522,15236
2018-02-05 12:33:00,78.4200,78.3200,78.3750,78.4088,8768961,10549
2018-02-05 12:34:00,78.4900,78.3400,78.4000,78.4600,8793527,22840
2018-02-05 12:35:00,78.4450,78.3001,78.4101,78.3100,8808856,14174
2018-02-05 12:36:00,78.3090,78.1800,78.3000,78.2200,8833868,21328
2018-02-05 12:37:00,78.2400,78.1900,78.2250,78.2200,8847845,11937
2018-02-05 12:38:00,78.2348,78.0800,78.2348,78.1450,8877246,27525
2018-02-05 12:39:00,78.2000,78.1500,78.1600,78.1800,8890730,11927
2018-02-05 12:40:00,78.2200,78.0700,78.2000,78.0800,8906865,14071
2018-02-05 12:41:00,78.2436,78.1100,78.1200,78.1900,8945450,36335
2018-02-05 12:42:00,78.2300,78.1000,78.1900,78.2050,8971370,23211
2018-02-05 12:43:00,78.2100,78.1300,78.1810,78.1500,8981900,9194
2018-02-05 12:44:00,78.1400,78.0700,78.1400,78.0800,9034540,13414
2018-02-05 12:45:00,78.2700,78.0500,78.1100,78.2500,9062131,24189
2018-02-05 12:46:00,78.3097,78.2300,78.2600,78.2500,9074402,10958
2018-02-05 12:47:00,78.2387,78.1300,78.2387,78.1500,9092847,15464
2018-02-05 12:48:00,78.1549,78.0300,78.1500,78.0832,9103551,9425
2018-02-05 12:49:00,78.1200,78.0300,78.1000,78.1126,9115548,10344
2018-02-05 12:50:00,78.1754,78.0910,78.1069,78.1600,9138870,20396
2018-02-05 12:51:00,78.2500,78.1400,78.1600,78.2160,9154760,14479
2018-02-05 12:52:00,78.2300,78.1900,78.2100,78.2050,9162584,6437
2018-02-05 12:53:00,78.3200,78.1940,78.1940,78.3200,9228007,62364
2018-02-05 12:54:00,78.3857,78.3200,78.3400,78.3300,9242592,13520
2018-02-05 12:55:00,78.3400,78.2700,78.3200,78.2700,9252130,6825
2018-02-05 12:56:00,78.3700,78.2500,78.2800,78.3600,9274378,19733
2018-02-05 12:57:00,78.3900,78.2700,78.3700,78.2700,9304365,28989
2018-02-05 12:58:00,78.3500,78.2100,78.3200,78.2600,9318613,11916
2018-02-05 12:59:00,78.2625,78.1200,78.2610,78.1600,9336008,15751
2018-02-05 13:00:00,78.1700,78.0600,78.1503,78.1110,9351738,14371
2018-02-05 13:01:00,78.0900,78.0000,78.0900,78.0300,9366418,11629
2018-02-05 13:02:00,78.0400,77.9500,78.0300,78.0200,9401249,32090
2018-02-05 13:03:00,78.0000,77.8100,78.0000,77.8700,9422305,19252
2018-02-05 13:04:00,77.9100,77.7800,77.8800,77.8840,9453749,29667
2018-02-05 13:05:00,77.9200,77.8400,77.9190,77.8400,9475060,19983
2018-02-05 13:06:00,77.9700,77.8100,77.8380,77.8600,9492683,16293
2018-02-05 13:07:00,77.9250,77.7800,77.8900,77.8080,9510269,15666
2018-02-05 13:08:00,77.8700,77.8000,77.8500,77.8206,9524471,11714
2018-02-05 13:09:00,77.8641,77.7700,77.7800,77.7900,9536165,10300
2018-02-05 13:10:00,77.8200,77.6110,77.7700,77.6800,9558117,17789
2018-02-05 13:11:00,77.7500,77.6100,77.7300,77.7100,9576512,16242
2018-02-05 13:12:00,77.9000,77.6700,77.6700,77.7620,9609910,29975
2018-02-05 13:13:00,77.8400,77.7000,77.7800,77.8200,9623534,11337
2018-02-05 13:14:00,77.9000,77.8200,77.8200,77.8625,9645840,20360
2018-02-05 13:15:00,77.9150,77.8000,77.8400,77.8400,9690542,40914
2018-02-05 13:16:00,77.9200,77.7800,77.8350,77.9000,9711171,18713
2018-02-05 13:17:00,77.8900,77.7850,77.8900,77.7900,9725847,12780
2018-02-05 13:18:00,77.8600,77.6600,77.7968,77.7000,9750655,22557
2018-02-05 13:19:00,77.8000,77.6800,77.7200,77.6900,9763298,11009
2018-02-05 13:20:00,77.7700,77.6100,77.6900,77.6250,9787331,22071
2018-02-05 13:21:00,77.7350,77.6250,77.6400,77.6700,9817410,28493
2018-02-05 13:22:00,77.6850,77.3900,77.6850,77.4000,9850601,29507
2018-02-05 13:23:00,77.5900,77.4290,77.4290,77.5844,9878455,25718
2018-02-05 13:24:00,77.7200,77.5500,77.5990,77.5780,9893273,11480
2018-02-05 13:25:00,77.7300,77.6050,77.6050,77.6950,9912159,16201
2018-02-05 13:26:00,77.7500,77.6200,77.6700,77.6850,9938617,24932
2018-02-05 13:27:00,77.7100,77.5450,77.6700,77.5600,9963521,22129
2018-02-05 13:28:00,77.6600,77.6000,77.6000,77.6100,9972465,7138
2018-02-05 13:29:00,77.6700,77.5301,77.6278,77.6600,9984994,9811
2018-02-05 13:30:00,77.7550,77.6000,77.6500,77.6300,10001889,14198
2018-02-05 13:31:00,77.7684,77.6300,77.6300,77.7400,10017500,13705
2018-02-05 13:32:00,77.8409,77.7300,77.7400,77.8000,10038594,19507
2018-02-05 13:33:00,77.9450,77.7800,77.8000,77.9000,10055409,15447
2018-02-05 13:34:00,78.0000,77.8600,77.9200,77.8900,10074227,17520
2018-02-05 13:35:00,77.9600,77.7700,77.8900,77.8100,10090283,13227
2018-02-05 13:36:00,77.8890,77.7800,77.7816,77.8510,10102031,10269
2018-02-05 13:37:00,77.9300,77.8230,77.8600,77.8600,10113991,9958
2018-02-05 13:38:00,77.8900,77.7700,77.8900,77.8700,10129375,12609
2018-02-05 13:39:00,77.9100,77.7500,77.8600,77.7600,10140839,9122
2018-02-05 13:40:00,77.8100,77.6850,77.7600,77.6900,10153236,10516
2018-02-05 13:41:00,77.8200,77.6700,77.6900,77.7500,10180235,24112
2018-02-05 13:42:00,77.7900,77.7200,77.7717,77.7350,10212981,30413
2018-02-05 13:43:00,77.7400,77.6400,77.7350,77.6600,10232904,16944
2018-02-05 13:44:00,77.6650,77.5800,77.6650,77.5900,10251520,16691
2018-02-05 13:45:00,77.6400,77.4800,77.5900,77.5200,10299622,44899
2018-02-05 13:46:00,77.5500,77.4500,77.5200,77.4850,10334329,30722
2018-02-05 13:47:00,77.5500,77.4300,77.4900,77.4710,10381364,43243
2018-02-05 13:48:00,77.5600,77.4700,77.4700,77.5500,10413412,21874
2018-02-05 13:49:00,77.5700,77.4500,77.5600,77.4924,10432445,17262
2018-02-05 13:50:00,77.5200,77.4600,77.4800,77.4900,10456294,22161
2018-02-05 13:51:00,77.5300,77.4500,77.4900,77.4918,10479180,20301
2018-02-05 13:52:00,77.6600,77.4850,77.4850,77.6500,10500500,19622
2018-02-05 13:53:00,77.6500,77.5700,77.6300,77.6362,10521857,19606
2018-02-05 13:54:00,77.6800,77.6100,77.6210,77.6800,10539927,15559
2018-02-05 13:55:00,77.8750,77.6800,77.6800,77.8400,10569591,28004
2018-02-05 13:56:00,77.9150,77.8000,77.8200,77.8600,10593078,20176
2018-02-05 13:57:00,77.9700,77.8500,77.8500,77.9700,10603265,8872
2018-02-05 13:58:00,77.9900,77.8700,77.9568,77.9900,10622828,17137
2018-02-05 13:59:00,77.9900,77.8500,77.9808,77.9001,10651580,26846
2018-02-05 14:00:00,78.0300,77.9000,77.9150,78.0000,10675716,22305
2018-02-05 14:01:00,78.0000,77.8550,77.9900,77.9400,10705491,27228
2018-02-05 14:02:00,77.9600,77.7106,77.9500,77.7900,10724999,17360
2018-02-05 14:03:00,77.8700,77.7400,77.7700,77.8700,10744473,17705
2018-02-05 14:04:00,77.8750,77.7600,77.8750,77.8400,10764095,16607
2018-02-05 14:05:00,77.9000,77.8000,77.8500,77.8200,10778053,12487
2018-02-05 14:06:00,77.8600,77.7200,77.8200,77.7300,10793441,13547
2018-02-05 14:07:00,77.8000,77.6800,77.7500,77.7200,10805802,10921
2018-02-05 14:08:00,77.7300,77.5600,77.7250,77.5800,10827398,20106
2018-02-05 14:09:00,77.6760,77.5600,77.5800,77.6300,10857090,27752
2018-02-05 14:10:00,77.6250,77.5500,77.6100,77.5610,10874953,16271
2018-02-05 14:11:00,77.5802,77.5200,77.5802,77.5800,10887255,11100
2018-02-05 14:12:00,77.6600,77.5500,77.5800,77.6100,10899837,11028
2018-02-05 14:13:00,77.6100,77.5500,77.6000,77.5900,10911755,10203
2018-02-05 14:14:00,77.6500,77.5500,77.5900,77.6300,10927595,13994
2018-02-05 14:15:00,77.6600,77.6000,77.6200,77.6400,10941262,10460
2018-02-05 14:16:00,77.6200,77.3500,77.6200,77.3604,10984643,39962
2018-02-05 14:17:00,77.5400,77.4000,77.4000,77.4800,11009076,22706
2018-02-05 14:18:00,77.5900,77.4800,77.4900,77.5300,11039826,28085
2018-02-05 14:19:00,77.5300,77.3600,77.5300,77.3900,11052792,10913
2018-02-05 14:20:00,77.5600,77.3900,77.3900,77.5200,11075831,20838
2018-02-05 14:21:00,77.5976,77.4664,77.5500,77.5550,11104343,26444
2018-02-05 14:22:00,77.5550,77.4650,77.5550,77.4900,11122522,17022
2018-02-05 14:23:00,77.5500,77.4400,77.4800,77.5500,11223800,99044
2018-02-05 14:24:00,77.6000,77.4000,77.5300,77.4000,11255062,28119
2018-02-05 14:25:00,77.4800,77.2600,77.4300,77.3200,11280886,22793
2018-02-05 14:26:00,77.3715,77.2000,77.3500,77.2700,11324427,41697
2018-02-05 14:27:00,77.3400,77.1900,77.2900,77.2600,11346000,19329
2018-02-05 14:28:00,77.3000,77.1500,77.2900,77.1840,11369975,21801
2018-02-05 14:29:00,77.2800,77.1500,77.1800,77.2300,11397593,23911
2018-02-05 14:30:00,77.3300,77.2100,77.2500,77.2600,11411287,11729
2018-02-05 14:31:00,77.2700,77.1600,77.2400,77.1900,11451112,37471
2018-02-05 14:32:00,77.2600,77.1500,77.1900,77.2530,11468125,15035
2018-02-05 14:33:00,77.2400,77.1500,77.2400,77.2012,11493748,23702
2018-02-05 14:34:00,77.1921,77.1000,77.1921,77.1500,11515821,20783
2018-02-05 14:35:00,77.1600,76.9800,77.1400,77.0800,11556749,35323
2018-02-05 14:36:00,77.1200,76.9800,77.0900,77.0501,11578016,17998
2018-02-05 14:37:00,77.1000,76.9900,77.0800,77.0800,11611358,30080
2018-02-05 14:38:00,77.1200,77.0300,77.0900,77.0600,11634981,20503
2018-02-05 14:39:00,77.1100,77.0100,77.0560,77.0100,11652154,15168
2018-02-05 14:40:00,77.1027,76.9800,77.0300,77.1000,11677612,21941
2018-02-05 14:41:00,77.2300,77.0900,77.1200,77.1600,11708478,28888
2018-02-05 14:42:00,77.1600,77.0900,77.1550,77.1250,11729680,17435
2018-02-05 14:43:00,77.2700,77.1400,77.1400,77.2500,11758149,25240
2018-02-05 14:44:00,77.2600,77.1900,77.2600,77.1900,11781065,21500
2018-02-05 14:45:00,77.2100,77.0550,77.2100,77.1300,11806308,21981
2018-02-05 14:46:00,77.2300,77.1000,77.1400,77.2000,11819861,10315
2018-02-05 14:47:00,77.2575,77.0200,77.2000,77.0200,11877796,53904
2018-02-05 14:48:00,77.0900,77.0100,77.0100,77.0100,11904325,24114
2018-02-05 14:49:00,77.0500,76.9700,77.0400,77.0200,11931626,24592
2018-02-05 14:50:00,77.1199,76.9800,77.0400,77.0150,11961986,27148
2018-02-05 14:51:00,77.0000,76.8100,77.0000,76.8901,11997397,30390
2018-02-05 14:52:00,76.9300,76.7175,76.8800,76.8989,12037988,36306
2018-02-05 14:53:00,76.9000,76.7300,76.9000,76.7410,12101565,59925
2018-02-05 14:54:00,76.9150,76.7500,76.7500,76.8700,12131167,27568
2018-02-05 14:55:00,76.9000,76.6200,76.8700,76.6400,12179736,43394
2018-02-05 14:56:00,76.8700,76.6600,76.6700,76.7800,12214534,31808
2018-02-05 14:57:00,76.8200,76.6300,76.8026,76.7000,12265471,46424
2018-02-05 14:58:00,76.7700,76.5700,76.7050,76.6200,12299552,30845
2018-02-05 14:59:00,76.7600,76.5200,76.6350,76.7300,12336692,30609
2018-02-05 15:00:00,76.7500,76.5300,76.7500,76.5300,12385412,44804
2018-02-05 15:01:00,76.5600,76.2600,76.5300,76.2900,12466948,76019
2018-02-05 15:02:00,76.5500,76.2000,76.2600,76.4900,12497851,26776
2018-02-05 15:03:00,76.5600,76.3952,76.5400,76.4500,12553061,47698
2018-02-05 15:04:00,76.5000,76.2300,76.5000,76.2300,12595087,37544
2018-02-05 15:05:00,76.2800,75.9600,76.2400,76.0050,12674501,64542
2018-02-05 15:06:00,76.3300,75.9400,75.9900,76.3300,12762325,80354
2018-02-05 15:07:00,76.3200,76.0301,76.3100,76.0400,12829280,61225
2018-02-05 15:08:00,76.0800,75.6800,76.0400,75.8750,12974387,129633
2018-02-05 15:09:00,75.8750,75.6500,75.8750,75.8200,13112302,129274
2018-02-05 15:10:00,75.7752,75.1300,75.7752,75.2700,13214405,90325
2018-02-05 15:11:00,75.7900,75.1500,75.2800,75.4772,13291228,67804
2018-02-05 15:12:00,75.7500,75.3100,75.4500,75.4700,13358863,58283
2018-02-05 15:13:00,76.1200,75.4000,75.4500,76.1000,13522046,152922
2018-02-05 15:14:00,76.0700,75.5300,76.0700,75.5300,13586271,56542
2018-02-05 15:15:00,76.0332,75.4000,75.5400,75.8300,13634811,42613
2018-02-05 15:16:00,76.2400,75.8600,75.8600,75.9100,13700272,58192
2018-02-05 15:17:00,76.2490,75.9100,75.9100,76.0125,13772237,67193
2018-02-05 15:18:00,76.3300,76.0550,76.0608,76.2900,13821702,44929
2018-02-05 15:19:00,76.3200,75.8900,76.2500,76.2000,13896180,67093
2018-02-05 15:20:00,76.3500,76.0200,76.2600,76.1974,13955749,54010
2018-02-05 15:21:00,76.1900,75.9100,76.1750,75.9100,14014759,50110
2018-02-05 15:22:00,76.2600,75.8700,75.9100,76.2550,14077846,54434
2018-02-05 15:23:00,76.3200,76.0200,76.2500,76.2635,14144666,60679
2018-02-05 15:24:00,76.5700,76.2500,76.2600,76.5500,14201226,50848
2018-02-05 15:25:00,76.6400,76.3200,76.5600,76.3800,14256465,51601
2018-02-05 15:26:00,76.5100,76.3700,76.4179,76.4551,14287854,28305
2018-02-05 15:27:00,76.4907,76.1600,76.4800,76.3900,14342382,49543
2018-02-05 15:28:00,76.6700,76.3700,76.3936,76.4700,14383774,36624
2018-02-05 15:29:00,76.8300,76.4500,76.4500,76.8285,14440971,52582
2018-02-05 15:30:00,76.8600,76.7100,76.8200,76.8300,14554257,106426
2018-02-05 15:31:00,76.9000,76.3700,76.8600,76.3900,14670086,105921
2018-02-05 15:32:00,76.5000,76.2000,76.3700,76.2500,14762904,85874
2018-02-05 15:33:00,76.5100,76.2600,76.2600,76.3900,14819300,51283
2018-02-05 15:34:00,76.6200,76.3600,76.4300,76.6000,14871319,47387
2018-02-05 15:35:00,76.6400,76.3800,76.6000,76.4399,14919027,42230
2018-02-05 15:36:00,76.5100,76.2350,76.4000,76.3400,14985603,60026
2018-02-05 15:37:00,76.3700,76.0100,76.3400,76.0899,15045875,55861
2018-02-05 15:38:00,76.2900,75.9501,76.0500,76.1400,15113102,61509
2018-02-05 15:39:00,76.2000,75.8900,76.1400,75.9900,15169991,52705
2018-02-05 15:40:00,76.0600,75.7800,75.9500,75.8100,15221859,47801
2018-02-05 15:41:00,75.9292,75.5300,75.7700,75.6500,15293633,63690
2018-02-05 15:42:00,76.0400,75.5900,75.6600,75.8399,15364671,66265
2018-02-05 15:43:00,76.0900,75.8300,75.8600,76.0500,15415196,44943
2018-02-05 15:44:00,76.1646,75.8200,76.0720,76.0500,15483656,62746
2018-02-05 15:45:00,76.0900,75.9400,76.0244,76.0000,15517507,29930
2018-02-05 15:46:00,76.0000,75.6600,75.9600,75.6600,15586246,63672
2018-02-05 15:47:00,75.8600,75.6400,75.6400,75.8500,15647691,56515
2018-02-05 15:48:00,75.8300,75.4300,75.7900,75.4916,15733758,78899
2018-02-05 15:49:00,75.6000,75.4000,75.5200,75.4800,15809340,69874
2018-02-05 15:50:00,75.4900,75.2400,75.4900,75.2600,15945367,129178
2018-02-05 15:51:00,75.3400,75.0500,75.2400,75.1253,16091143,130213
2018-02-05 15:52:00,75.1700,74.9300,75.1500,75.0500,16338329,218016
2018-02-05 15:53:00,75.0800,75.0000,75.0700,75.0300,16438978,90872
2018-02-05 15:54:00,75.2200,74.9300,75.0350,74.9531,16540293,88090
2018-02-05 15:55:00,75.0800,74.9300,74.9800,74.9800,16633532,83818
2018-02-05 15:56:00,75.2000,74.9300,74.9900,75.0300,16764983,118856
2018-02-05 15:57:00,75.2900,75.0200,75.0200,75.1900,16878781,102544
2018-02-05 15:58:00,75.3600,75.1500,75.2100,75.3200,16989355,103714
2018-02-05 15:59:00,75.3800,75.0800,75.3200,75.0800,17138275,128120
2018-02-05 16:00:00,75.1200,74.6800,75.0600,74.7000,17513438,332837
2018-02-06 09:31:00,73.1900,72.2500,72.5100,72.2500,891322,681540
2018-02-06 09:32:00,73.2000,72.2500,72.2500,73.1900,1082800,171873
2018-02-06 09:33:00,73.5400,73.1600,73.2100,73.4100,1299886,198825
2018-02-06 09:34:00,73.6600,73.3800,73.4100,73.6000,1490070,178993
2018-02-06 09:35:00,74.1700,73.6000,73.6500,74.1650,1732244,224486
2018-02-06 09:36:00,74.3100,73.5500,74.2000,73.7800,1885304,143206
2018-02-06 09:37:00,74.2600,73.7352,73.7352,74.0800,1978720,84726
2018-02-06 09:38:00,74.4800,74.1400,74.1400,74.2673,2075865,88214
2018-02-06 09:39:00,74.3400,73.7300,74.3200,73.8200,2226267,138525
2018-02-06 09:40:00,73.9600,73.6400,73.7800,73.6800,2306177,73471
2018-02-06 09:41:00,74.1900,73.4400,73.6900,74.1800,2384332,70668
2018-02-06 09:42:00,74.1500,73.8100,74.1100,73.9200,2474851,83187
2018-02-06 09:43:00,74.4500,73.9200,73.9200,74.4200,2544584,64202
2018-02-06 09:44:00,74.8800,74.3800,74.4520,74.8800,2694887,141443
2018-02-06 09:45:00,75.0100,74.5000,74.8800,74.5800,2862452,155097
2018-02-06 09:46:00,74.7000,74.3800,74.5950,74.4200,2922201,53774
2018-02-06 09:47:00,74.5400,74.3300,74.4700,74.4400,3064507,137247
2018-02-06 09:48:00,74.5250,74.3800,74.4300,74.4400,3178116,105459
2018-02-06 09:49:00,74.7400,74.4400,74.4900,74.5900,3247206,62658
2018-02-06 09:50:00,74.6000,74.1700,74.5800,74.2400,3333102,79993
2018-02-06 09:51:00,74.4100,74.0800,74.2050,74.3500,3386793,49183
2018-02-06 09:52:00,74.3700,73.9500,74.3400,74.0200,3462143,68375
2018-02-06 09:53:00,74.0300,73.6300,74.0216,73.9600,3618335,147272
2018-02-06 09:54:00,74.2000,73.8700,73.9400,74.1700,3760996,134678
2018-02-06 09:55:00,74.7400,74.0900,74.1300,74.4910,3961264,187655
2018-02-06 09:56:00,74.8600,74.4400,74.4900,74.8100,4065060,93438
2018-02-06 09:57:00,74.9000,74.3200,74.8106,74.4000,4152040,77208
2018-02-06 09:58:00,74.6199,74.2500,74.4500,74.3800,4239744,80773
2018-02-06 09:59:00,74.5000,74.1900,74.3800,74.2010,4333923,88717
2018-02-06 10:00:00,74.6000,74.2000,74.2600,74.6000,4373058,35010
2018-02-06 10:01:00,74.8200,74.5500,74.6200,74.6500,4426082,48453
2018-02-06 10:02:00,74.8600,74.5600,74.6100,74.7300,4484805,53711
2018-02-06 10:03:00,74.8748,74.6650,74.7559,74.8375,4612401,123129
2018-02-06 10:04:00,74.9000,74.6200,74.8200,74.7050,4663930,46965
2018-02-06 10:05:00,74.8700,74.6950,74.6950,74.8290,4706527,38111
2018-02-06 10:06:00,74.9000,74.7000,74.8499,74.7283,4786035,72981
2018-02-06 10:07:00,74.8200,74.5500,74.7699,74.5800,4839630,49816
2018-02-06 10:08:00,74.6050,74.3900,74.5600,74.5000,4928353,82339
2018-02-06 10:09:00,74.8050,74.2900,74.5150,74.4700,4994332,60032
2018-02-06 10:10:00,74.4900,74.1700,74.4700,74.3150,5085154,84867
2018-02-06 10:11:00,74.8200,74.3100,74.3100,74.6970,5175326,83694
2018-02-06 10:12:00,74.7200,74.4800,74.6700,74.5490,5263346,81643
2018-02-06 10:13:00,74.6300,74.1600,74.5500,74.2650,5360119,92639
2018-02-06 10:14:00,74.3000,74.1800,74.2700,74.2880,5425320,61211
2018-02-06 10:15:00,74.3336,74.1400,74.2710,74.2300,5483921,53130
2018-02-06 10:16:00,74.4000,74.1100,74.2100,74.1550,5530207,40263
2018-02-06 10:17:00,74.1900,73.9100,74.1100,73.9900,5628331,90434
2018-02-06 10:18:00,74.0900,73.9200,74.0000,73.9900,5704407,70739
2018-02-06 10:19:00,74.1700,73.9300,73.9700,74.1700,5798913,87721
2018-02-06 10:20:00,74.3490,74.0900,74.2100,74.1900,5887075,82913
2018-02-06 10:21:00,74.7300,74.1900,74.2200,74.4700,5968461,75396
2018-02-06 10:22:00,74.6700,74.3910,74.4250,74.4550,6006413,35935
2018-02-06 10:23:00,74.5000,74.2300,74.3900,74.3200,6046902,37653
2018-02-06 10:24:00,74.4700,74.2500,74.3300,74.3200,6078491,26699
2018-02-06 10:25:00,74.4700,73.9000,74.3200,74.4000,6150060,66435
2018-02-06 10:26:00,74.4900,73.9400,74.4200,74.1950,6200513,47303
2018-02-06 10:27:00,74.5000,74.0900,74.2400,74.4500,6236657,30816
2018-02-06 10:28:00,74.4800,74.0600,74.4500,74.3000,6278246,37753
2018-02-06 10:29:00,74.4300,74.0500,74.3050,74.3800,6344681,60784
2018-02-06 10:30:00,74.6000,74.3400,74.4050,74.5600,6391229,41988
2018-02-06 10:31:00,74.7000,74.4600,74.4900,74.4850,6431764,37770
2018-02-06 10:32:00,74.5900,74.3500,74.5100,74.4150,6476015,40790
2018-02-06 10:33:00,74.4150,74.1100,74.4150,74.2101,6570440,89700
2018-02-06 10:34:00,74.3200,74.0700,74.2600,74.1500,6626435,52971
2018-02-06 10:35:00,74.2800,73.8900,74.2000,73.9950,6713853,83147
2018-02-06 10:36:00,74.0300,73.6604,73.9500,73.6855,6773322,53944
2018-02-06 10:37:00,73.8352,73.4400,73.7000,73.4400,6830881,51209
2018-02-06 10:38:00,73.6800,73.3000,73.4300,73.5100,6886845,50322
2018-02-06 10:39:00,73.7350,73.5200,73.5400,73.7000,6948983,57418
2018-02-06 10:40:00,73.9381,73.7200,73.7300,73.9000,7000456,47882
2018-02-06 10:41:00,74.2200,73.9000,73.9100,74.1550,7049798,43943
2018-02-06 10:42:00,74.2408,73.7700,74.1300,73.9700,7134636,76628
2018-02-06 10:43:00,74.1300,73.8100,73.9600,74.0600,7163401,24461
2018-02-06 10:44:00,74.1231,73.7700,74.0800,73.8690,7193498,27104
2018-02-06 10:45:00,74.3200,73.8400,73.8500,74.2100,7224800,27502
2018-02-06 10:46:00,74.6900,74.2100,74.2100,74.6000,7274304,41901
2018-02-06 10:47:00,74.6300,74.3300,74.5400,74.5800,7322440,44469
2018-02-06 10:48:00,74.6100,74.2200,74.5400,74.3300,7397839,70362
2018-02-06 10:49:00,74.6300,74.3500,74.4000,74.5000,7460423,57567
2018-02-06 10:50:00,74.6600,74.2600,74.5200,74.3750,7509341,44427
2018-02-06 10:51:00,74.4600,74.1700,74.4300,74.2250,7552610,38174
2018-02-06 10:52:00,74.3800,74.1200,74.1900,74.3700,7576307,19555
2018-02-06 10:53:00,74.8700,74.3300,74.3800,74.7000,7643568,61604
2018-02-06 10:54:00,74.7900,74.4400,74.7000,74.7500,7736975,87741
2018-02-06 10:55:00,74.9000,74.7200,74.7524,74.8900,7804136,64087
2018-02-06 10:56:00,75.0150,74.8100,74.8600,74.9296,7856088,44026
2018-02-06 10:57:00,74.9300,74.6500,74.9200,74.6500,7915121,53878
2018-02-06 10:58:00,74.7100,74.5400,74.6200,74.7000,7938563,20032
2018-02-06 10:59:00,74.7400,74.5500,74.6900,74.7100,7970311,27380
2018-02-06 11:00:00,74.7000,74.5400,74.6800,74.5400,8000194,24854
2018-02-06 11:01:00,74.6400,74.4000,74.6100,74.5800,8051437,46211
2018-02-06 11:02:00,74.6000,74.4200,74.5640,74.5500,8104927,49195
2018-02-06 11:03:00,74.6000,74.4700,74.5300,74.5500,8143719,34524
2018-02-06 11:04:00,74.6600,74.5100,74.6000,74.6100,8178624,31616
2018-02-06 11:05:00,74.6640,74.5000,74.6393,74.5900,8205970,24259
2018-02-06 11:06:00,74.9000,74.5600,74.6190,74.8600,8241732,30766
2018-02-06 11:07:00,74.9500,74.7800,74.8600,74.8790,8308625,59064
2018-02-06 11:08:00,75.2200,74.7800,74.8100,75.1300,8382550,64589
2018-02-06 11:09:00,75.2500,74.7800,75.1650,75.0400,8468421,73900
2018-02-06 11:10:00,75.0600,74.7450,74.9900,75.0350,8518402,42534
2018-02-06 11:11:00,75.2100,74.9800,75.0450,75.1935,8563117,38798
2018-02-06 11:12:00,75.5600,75.1100,75.1850,75.2550,8641605,67961
2018-02-06 11:13:00,75.5300,75.2400,75.2550,75.3400,8687145,41736
2018-02-06 11:14:00,75.3450,74.9500,75.3200,74.9500,8727913,36605
2018-02-06 11:15:00,75.0600,74.8600,74.9200,75.0500,8768423,36863
2018-02-06 11:16:00,75.0400,74.9000,75.0270,74.9450,8791073,19393
2018-02-06 11:17:00,75.4500,74.9200,74.9464,75.4500,8825619,30120
2018-02-06 11:18:00,75.5000,75.0600,75.4350,75.1100,8884406,54476
2018-02-06 11:19:00,75.3500,75.0800,75.1250,75.3400,8906915,19370
2018-02-06 11:20:00,75.7500,75.2800,75.3588,75.7200,8975895,63914
2018-02-06 11:21:00,75.7400,75.6000,75.7200,75.7300,9036503,55506
2018-02-06 11:22:00,75.8400,75.6900,75.7000,75.7900,9110734,70636
2018-02-06 11:23:00,75.8700,75.7500,75.7900,75.7800,9155428,40654
2018-02-06 11:24:00,75.8590,75.5400,75.8100,75.5400,9221693,59760
2018-02-06 11:25:00,75.6300,75.3200,75.5400,75.3750,9261815,35640
2018-02-06 11:26:00,75.3600,75.0000,75.3600,75.1600,9331925,64654
2018-02-06 11:27:00,75.3400,75.1700,75.1700,75.2700,9380373,45266
2018-02-06 11:28:00,75.4100,75.1650,75.2700,75.3948,9410249,27209
2018-02-06 11:29:00,75.4636,75.3300,75.4200,75.3600,9437369,22380
2018-02-06 11:30:00,75.4057,75.0600,75.4057,75.3100,9465540,24253
2018-02-06 11:31:00,75.3900,75.0500,75.3900,75.0850,9506823,37487
2018-02-06 11:32:00,75.1500,74.8400,75.0800,74.8680,9549000,37359
2018-02-06 11:33:00,74.9879,74.7900,74.8600,74.9250,9575643,23583
2018-02-06 11:34:00,74.9300,74.7300,74.9100,74.7300,9594771,17974
2018-02-06 11:35:00,74.7300,74.4300,74.7300,74.4900,9634512,36519
2018-02-06 11:36:00,74.6500,74.3600,74.5600,74.4600,9669714,30303
2018-02-06 11:37:00,74.6100,74.4200,74.5000,74.4200,9691948,19288
2018-02-06 11:38:00,74.6500,74.4548,74.4548,74.5850,9703543,10350
2018-02-06 11:39:00,74.8100,74.5100,74.5400,74.7834,9727176,20436
2018-02-06 11:40:00,74.9000,74.6600,74.7600,74.8175,9757565,28096
2018-02-06 11:41:00,74.9000,74.7700,74.8250,74.8600,9768386,9345
2018-02-06 11:42:00,74.8999,74.7500,74.8600,74.8500,9790705,18657
2018-02-06 11:43:00,74.9200,74.7800,74.8350,74.8300,9807947,14165
2018-02-06 11:44:00,75.1050,74.8699,74.8699,75.0800,9830875,19290
2018-02-06 11:45:00,75.3000,75.0450,75.0800,75.2600,9900021,65140
2018-02-06 11:46:00,75.3500,75.2000,75.2700,75.3200,9936674,33466
2018-02-06 11:47:00,75.3350,75.1600,75.3200,75.1899,9960264,19740
2018-02-06 11:48:00,75.3100,75.1800,75.1800,75.2300,9982196,19945
2018-02-06 11:49:00,75.2515,75.0400,75.2515,75.0600,10006544,20542
2018-02-06 11:50:00,75.2400,74.9900,75.0800,75.2400,10078243,66746
2018-02-06 11:51:00,75.2800,75.0600,75.2377,75.1500,10101623,20879
2018-02-06 11:52:00,75.3300,75.1343,75.1343,75.3100,10121122,16353
2018-02-06 11:53:00,75.3800,75.2100,75.3100,75.3300,10145409,19392
2018-02-06 11:54:00,75.5700,75.3000,75.3400,75.5500,10195239,44893
2018-02-06 11:55:00,75.5400,75.1400,75.5300,75.2298,10235232,35604
2018-02-06 11:56:00,75.3600,75.1550,75.2000,75.3600,10248195,11533
2018-02-06 11:57:00,75.4200,75.2800,75.3400,75.3041,10263382,12679
2018-02-06 11:58:00,75.4690,75.2500,75.2900,75.4399,10311383,45082
2018-02-06 11:59:00,75.4500,75.2100,75.4000,75.2500,10337363,23647
2018-02-06 12:00:00,75.3100,75.2200,75.2500,75.2200,10344186,5705
2018-02-06 12:01:00,75.4300,75.2400,75.2400,75.3900,10365599,16793
2018-02-06 12:02:00,75.4300,75.3100,75.4050,75.4000,10387460,18203
2018-02-06 12:03:00,75.4550,75.3400,75.3800,75.3600,10408687,18646
2018-02-06 12:04:00,75.5300,75.3899,75.3900,75.5200,10428351,16167
2018-02-06 12:05:00,75.6000,75.5000,75.5100,75.5500,10455072,24182
2018-02-06 12:06:00,75.7500,75.5700,75.5700,75.6100,10550928,37715
2018-02-06 12:07:00,75.8700,75.6850,75.6850,75.8700,10572183,19057
2018-02-06 12:08:00,75.8700,75.7500,75.8301,75.8200,10602424,27739
2018-02-06 12:09:00,75.9900,75.8252,75.8300,75.9550,10628228,22458
2018-02-06 12:10:00,76.0400,75.9200,75.9800,75.9900,10698540,63818
2018-02-06 12:11:00,76.0100,75.9093,75.9800,75.9699,10749933,47329
2018-02-06 12:12:00,75.9600,75.6900,75.9600,75.7999,10770624,17402
2018-02-06 12:13:00,75.8100,75.6000,75.7900,75.7850,10788225,15250
2018-02-06 12:14:00,75.9900,75.7600,75.7600,75.9890,10809379,18666
2018-02-06 12:15:00,76.0199,75.8700,75.9700,75.9400,10834267,23190
2018-02-06 12:16:00,76.0700,75.9200,75.9200,76.0500,10852541,15920
2018-02-06 12:17:00,76.1000,75.9100,76.0700,75.9100,10875339,19637
2018-02-06 12:18:00,75.9600,75.7500,75.8953,75.8000,10920047,40308
2018-02-06 12:19:00,75.8400,75.7100,75.7889,75.7461,10938932,14958
2018-02-06 12:20:00,75.7500,75.5801,75.7500,75.6800,10957288,16031
2018-02-06 12:21:00,75.7800,75.6800,75.7000,75.6900,11004250,44435
2018-02-06 12:22:00,75.7600,75.5600,75.7200,75.6650,11026981,19063
2018-02-06 12:23:00,75.6900,75.4774,75.6800,75.5300,11051186,20245
2018-02-06 12:24:00,75.6100,75.4600,75.5400,75.5200,11095523,41733
2018-02-06 12:25:00,75.6300,75.5000,75.5700,75.5750,11164385,64550
2018-02-06 12:26:00,75.7800,75.6000,75.6000,75.7800,11180830,12421
2018-02-06 12:27:00,75.8300,75.7000,75.7600,75.7200,11238845,55603
2018-02-06 12:28:00,75.8000,75.6400,75.6900,75.7600,11274017,30537
2018-02-06 12:29:00,75.7800,75.7100,75.7600,75.7500,11321600,44423
2018-02-06 12:30:00,76.0600,75.7600,75.7700,76.0200,11360474,33705
2018-02-06 12:31:00,76.2500,75.9800,76.0000,76.1100,11428588,63517
2018-02-06 12:32:00,76.1600,75.9800,76.1600,75.9800,11449321,17930
2018-02-06 12:33:00,76.1500,75.9410,75.9900,76.0800,11468994,17355
2018-02-06 12:34:00,76.0900,75.9600,76.0900,76.0050,11482440,12123
2018-02-06 12:35:00,76.0800,75.9800,76.0050,76.0150,11497351,11963
2018-02-06 12:36:00,76.0300,75.9700,76.0000,75.9800,11509674,10717
2018-02-06 12:37:00,76.1030,75.9600,76.0100,75.9600,11531418,18474
2018-02-06 12:38:00,76.0100,75.9100,75.9600,75.9900,11573466,38111
2018-02-06 12:39:00,76.3100,75.9350,75.9700,76.2900,11623025,45767
2018-02-06 12:40:00,76.4900,76.2600,76.3200,76.4400,11650586,24223
2018-02-06 12:41:00,76.4900,76.2650,76.4899,76.3000,11685479,31967
2018-02-06 12:42:00,76.3800,76.1800,76.2900,76.2400,11706954,18552
2018-02-06 12:43:00,76.3190,76.1850,76.2699,76.2700,11730312,19165
2018-02-06 12:44:00,76.3850,76.1900,76.2800,76.3800,11758715,25274
2018-02-06 12:45:00,76.3900,76.1100,76.3900,76.1800,11791153,30011
2018-02-06 12:46:00,76.1507,76.0000,76.1400,76.0000,11811336,17073
2018-02-06 12:47:00,76.0799,75.9100,76.0000,76.0260,11852358,36940
2018-02-06 12:48:00,76.1000,75.8900,76.0000,75.9300,11867393,12536
2018-02-06 12:49:00,75.9900,75.8400,75.9300,75.9600,11883640,13840
2018-02-06 12:50:00,76.0000,75.8200,75.9600,75.8700,11907074,19736
2018-02-06 12:51:00,75.9600,75.8500,75.9100,75.9148,11921038,11918
2018-02-06 12:52:00,75.9050,75.7201,75.9000,75.7900,11941607,16579
2018-02-06 12:53:00,75.8200,75.6200,75.7921,75.6650,11956276,11924
2018-02-06 12:54:00,75.7600,75.6100,75.6500,75.7400,11972142,13606
2018-02-06 12:55:00,75.7400,75.6300,75.7100,75.7090,11987554,11987
2018-02-06 12:56:00,75.8700,75.7000,75.7400,75.7899,12012116,20287
2018-02-06 12:57:00,75.8999,75.7300,75.7400,75.8606,12024861,8148
2018-02-06 12:58:00,75.9048,75.7300,75.8400,75.8000,12042280,13542
2018-02-06 12:59:00,75.9800,75.7300,75.7800,75.9800,12057964,11867
2018-02-06 13:00:00,76.0100,75.8600,76.0000,75.9135,12079334,19121
2018-02-06 13:01:00,75.8800,75.6100,75.8800,75.7500,12103011,19617
2018-02-06 13:02:00,75.8700,75.6700,75.7700,75.8000,12121027,14539
2018-02-06 13:03:00,75.8400,75.5100,75.7700,75.5100,12139593,14922
2018-02-06 13:04:00,75.6719,75.3700,75.5000,75.5200,12167315,24870
2018-02-06 13:05:00,75.7000,75.5200,75.5300,75.7000,12186736,15923
2018-02-06 13:06:00,75.8300,75.5200,75.7200,75.6700,12205989,16727
2018-02-06 13:07:00,75.7400,75.5700,75.6300,75.5700,12217893,9560
2018-02-06 13:08:00,75.6800,75.5000,75.6100,75.6500,12229349,9597
2018-02-06 13:09:00,75.6600,75.4700,75.6600,75.6250,12246105,14662
2018-02-06 13:10:00,75.6000,75.3800,75.6000,75.4200,12267501,19019
2018-02-06 13:11:00,75.6250,75.3700,75.4200,75.5500,12286490,15565
2018-02-06 13:12:00,75.6899,75.5100,75.5700,75.5800,12307977,18195
2018-02-06 13:13:00,75.7458,75.5500,75.5600,75.7300,12338891,27424
2018-02-06 13:14:00,75.9400,75.7450,75.7450,75.9000,12354323,11641
2018-02-06 13:15:00,75.9100,75.7800,75.8700,75.7900,12368152,12514
2018-02-06 13:16:00,75.9400,75.7000,75.7996,75.9050,12387766,17504
2018-02-06 13:17:00,75.9500,75.8400,75.9029,75.8910,12398427,9163
2018-02-06 13:18:00,75.9900,75.8400,75.9200,75.9900,12416837,15779
2018-02-06 13:19:00,76.0500,75.9500,75.9600,76.0050,12459188,39885
2018-02-06 13:20:00,76.1100,75.9800,76.0050,76.0500,12477237,15666
2018-02-06 13:21:00,76.1500,75.9700,76.0400,75.9800,12495050,14311
2018-02-06 13:22:00,75.9800,75.7700,75.9600,75.9500,12512329,15122
2018-02-06 13:23:00,76.0000,75.9000,75.9400,75.9700,12530321,16025
2018-02-06 13:24:00,76.0300,75.7800,75.9900,75.9600,12544544,10711
2018-02-06 13:25:00,75.9640,75.8000,75.9640,75.9050,12554729,8155
2018-02-06 13:26:00,76.0700,75.8400,75.8600,76.0200,12565859,9124
2018-02-06 13:27:00,76.0173,75.8600,76.0173,75.8600,12575093,7312
2018-02-06 13:28:00,75.8999,75.7600,75.8610,75.7700,12591043,13353
2018-02-06 13:29:00,75.8000,75.6600,75.7800,75.6600,12604641,10191
2018-02-06 13:30:00,75.9700,75.6850,75.6900,75.9400,12620356,13119
2018-02-06 13:31:00,75.9200,75.7600,75.9200,75.7600,12631532,9417
2018-02-06 13:32:00,75.8400,75.6700,75.7400,75.7400,12652292,18219
2018-02-06 13:33:00,75.8351,75.7100,75.7799,75.7800,12662336,7866
2018-02-06 13:34:00,75.8700,75.5700,75.7600,75.5900,12677189,12391
2018-02-06 13:35:00,75.6285,75.4500,75.6100,75.5800,12696626,15922
2018-02-06 13:36:00,75.6400,75.5300,75.5705,75.5800,12713542,14102
2018-02-06 13:37:00,75.7800,75.5500,75.5800,75.7400,12734602,17981
2018-02-06 13:38:00,75.8000,75.6400,75.7300,75.7642,12748580,9617
2018-02-06 13:39:00,75.9700,75.7100,75.8065,75.7826,12766143,15210
2018-02-06 13:40:00,75.8464,75.6300,75.7900,75.8100,12777762,9146
2018-02-06 13:41:00,75.8400,75.5600,75.8100,75.5600,12791798,8573
2018-02-06 13:42:00,75.6800,75.4400,75.5300,75.6300,12814163,19993
2018-02-06 13:43:00,75.6700,75.5100,75.6700,75.5900,12831208,14037
2018-02-06 13:44:00,75.6484,75.4600,75.5750,75.5400,12844313,10749
2018-02-06 13:45:00,75.6521,75.5100,75.5700,75.6100,12864296,17080
2018-02-06 13:46:00,75.6800,75.4600,75.6100,75.4600,12904989,36790
2018-02-06 13:47:00,75.7950,75.4800,75.5000,75.7500,12923085,14098
2018-02-06 13:48:00,75.8300,75.5800,75.7800,75.7100,12947048,21826
2018-02-06 13:49:00,75.7100,75.4800,75.6800,75.5400,12968445,19359
2018-02-06 13:50:00,75.6100,75.4800,75.5400,75.5450,12985174,15178
2018-02-06 13:51:00,75.5750,75.3900,75.5450,75.3900,13001126,13640
2018-02-06 13:52:00,75.4750,75.3400,75.3700,75.3900,13021980,18504
2018-02-06 13:53:00,75.4700,75.2800,75.4300,75.3050,13043160,18171
2018-02-06 13:54:00,75.3458,75.2100,75.3300,75.2600,13061502,16136
2018-02-06 13:55:00,75.4400,75.2200,75.2700,75.2500,13083172,17334
2018-02-06 13:56:00,75.3500,75.1400,75.2800,75.1900,13095315,10326
2018-02-06 13:57:00,75.3200,75.2100,75.2700,75.3050,13105984,9167
2018-02-06 13:58:00,75.7100,75.2300,75.3050,75.2600,13146518,36519
2018-02-06 13:59:00,75.5300,75.3000,75.3200,75.5000,13183733,33554
2018-02-06 14:00:00,75.5700,75.3300,75.5300,75.3400,13198956,13505
2018-02-06 14:01:00,75.5223,75.3100,75.3300,75.4400,13215738,15041
2018-02-06 14:02:00,75.4800,75.3200,75.4400,75.4150,13259957,40114
2018-02-06 14:03:00,75.5300,75.4000,75.4200,75.4764,13275723,13070
2018-02-06 14:04:00,75.5700,75.4700,75.5100,75.5200,13287466,9357
2018-02-06 14:05:00,75.5500,75.3500,75.5450,75.3500,13311614,21035
2018-02-06 14:06:00,75.4000,75.1400,75.3900,75.1650,13329839,15916
2018-02-06 14:07:00,75.3150,75.1400,75.1410,75.3000,13343472,11662
2018-02-06 14:08:00,75.3150,75.1900,75.3000,75.2900,13354119,9000
2018-02-06 14:09:00,75.2950,75.1900,75.2700,75.1900,13364390,8618
2018-02-06 14:10:00,75.1900,75.0500,75.1600,75.1300,13390642,23022
2018-02-06 14:11:00,75.3200,75.1400,75.1664,75.2650,13408925,15704
2018-02-06 14:12:00,75.5500,75.2400,75.2815,75.5300,13462479,49524
2018-02-06 14:13:00,75.5799,75.3900,75.5500,75.4850,13483224,17710
2018-02-06 14:14:00,75.6200,75.4710,75.5000,75.6200,13499762,11800
2018-02-06 14:15:00,75.7300,75.5347,75.6400,75.5400,13525676,21214
2018-02-06 14:16:00,75.5999,75.2710,75.5999,75.3996,13551802,22099
2018-02-06 14:17:00,75.5500,75.2900,75.4500,75.3400,13567538,13411
2018-02-06 14:18:00,75.3600,75.1500,75.3100,75.1800,13604504,31773
2018-02-06 14:19:00,75.2400,75.0600,75.1700,75.1400,13635780,28191
2018-02-06 14:20:00,75.2100,75.0800,75.1100,75.1047,13656619,18574
2018-02-06 14:21:00,75.2034,75.0200,75.1025,75.2034,13675802,16155
2018-02-06 14:22:00,75.2700,75.1000,75.2300,75.1100,13689792,12146
2018-02-06 14:23:00,75.2100,75.1000,75.1600,75.1000,13704230,11801
2018-02-06 14:24:00,75.2300,75.0700,75.1200,75.1000,13726521,18474
2018-02-06 14:25:00,75.1938,75.0000,75.1000,75.0800,13743055,13997
2018-02-06 14:26:00,75.1253,75.0001,75.0800,75.0600,13759761,14662
2018-02-06 14:27:00,75.2511,75.1100,75.1164,75.1100,13778012,16267
2018-02-06 14:28:00,75.2000,75.0600,75.1100,75.1900,13787636,7924
2018-02-06 14:29:00,75.3200,75.1200,75.1500,75.2100,13803102,13817
2018-02-06 14:30:00,75.2800,75.1500,75.1600,75.1900,13821408,15320
2018-02-06 14:31:00,75.1982,75.0600,75.1800,75.1100,13835128,11612
2018-02-06 14:32:00,75.1908,75.0500,75.1300,75.1600,13853857,15960
2018-02-06 14:33:00,75.4500,75.1200,75.1500,75.3800,13922317,63622
2018-02-06 14:34:00,75.4100,75.2900,75.4100,75.3100,13955303,30573
2018-02-06 14:35:00,75.5000,75.2500,75.3000,75.4100,13998977,41370
2018-02-06 14:36:00,75.7000,75.4000,75.4000,75.6499,14066083,62315
2018-02-06 14:37:00,75.6400,75.3500,75.6000,75.4500,14097749,29064
2018-02-06 14:38:00,75.5000,75.3900,75.4200,75.3900,14108231,8872
2018-02-06 14:39:00,75.5100,75.3700,75.3900,75.5000,14121574,12131
2018-02-06 14:40:00,75.5300,75.3600,75.5100,75.4200,14138605,15447
2018-02-06 14:41:00,75.5600,75.4200,75.4200,75.5600,14148155,7463
2018-02-06 14:42:00,75.5900,75.4100,75.5700,75.4100,14159115,9656
2018-02-06 14:43:00,75.5400,75.4400,75.4400,75.5400,14174483,11819
2018-02-06 14:44:00,75.5300,75.4000,75.5000,75.4000,14193588,17915
2018-02-06 14:45:00,75.5200,75.3700,75.4000,75.5100,14223999,28090
2018-02-06 14:46:00,75.6696,75.5100,75.5100,75.6000,14247996,21632
2018-02-06 14:47:00,75.8199,75.5500,75.6100,75.8199,14283022,32156
2018-02-06 14:48:00,75.7800,75.7100,75.7500,75.7300,14295383,10185
2018-02-06 14:49:00,76.0500,75.7225,75.7400,75.8400,14362710,61395
2018-02-06 14:50:00,75.8700,75.7300,75.8500,75.8400,14421629,55423
2018-02-06 14:51:00,76.0200,75.8590,75.8590,75.9292,14464784,40647
2018-02-06 14:52:00,75.9900,75.8400,75.9500,75.8400,14498510,31471
2018-02-06 14:53:00,75.8500,75.6700,75.8400,75.7900,14525430,23369
2018-02-06 14:54:00,75.8100,75.7600,75.7900,75.8000,14569234,42426
2018-02-06 14:55:00,76.0200,75.7800,75.8000,76.0200,14598321,25452
2018-02-06 14:56:00,76.1200,75.9700,76.0000,76.0650,14653198,49921
2018-02-06 14:57:00,76.1600,75.9700,76.1101,75.9900,14682507,25660
2018-02-06 14:58:00,76.1150,75.9400,76.0000,76.1080,14696101,11218
2018-02-06 14:59:00,76.1900,76.0401,76.1098,76.1900,14729056,29753
2018-02-06 15:00:00,76.2000,76.0300,76.1600,76.1600,14770262,37515
2018-02-06 15:01:00,76.2500,76.1400,76.1600,76.1700,14791924,18738
2018-02-06 15:02:00,76.2500,76.1500,76.1697,76.1900,14840169,42106
2018-02-06 15:03:00,76.2600,76.1100,76.2250,76.1550,14879219,34484
2018-02-06 15:04:00,76.2100,76.0800,76.1512,76.1800,14900279,19169
2018-02-06 15:05:00,76.2700,76.1946,76.1946,76.2600,14925840,22472
2018-02-06 15:06:00,76.3200,76.2300,76.2500,76.3000,14974301,43312
2018-02-06 15:07:00,76.3700,76.2100,76.3000,76.3300,15052577,28436
2018-02-06 15:08:00,76.3600,76.2400,76.3200,76.3300,15087394,29978
2018-02-06 15:09:00,76.3600,76.2400,76.3599,76.3100,15107825,16254
2018-02-06 15:10:00,76.4000,76.2500,76.3400,76.3400,15130558,19009
2018-02-06 15:11:00,76.3900,76.1000,76.3500,76.1700,15169833,35847
2018-02-06 15:12:00,76.2200,76.0400,76.2100,76.0660,15201562,25883
2018-02-06 15:13:00,76.2000,75.9300,76.0690,76.1400,15232899,27148
2018-02-06 15:14:00,76.1800,76.0000,76.1300,76.0000,15263341,27881
2018-02-06 15:15:00,76.0211,75.8900,75.9800,75.9200,15290324,26101
2018-02-06 15:16:00,76.0400,75.9300,75.9300,75.9700,15314021,20471
2018-02-06 15:17:00,76.0150,75.9200,75.9800,75.9752,15348913,30973
2018-02-06 15:18:00,76.0300,75.9400,75.9600,75.9950,15375123,23011
2018-02-06 15:19:00,76.0100,75.7900,75.9950,75.8000,15393771,17055
2018-02-06 15:20:00,75.8700,75.6100,75.8300,75.7800,15471713,73337
2018-02-06 15:21:00,75.9399,75.7700,75.8000,75.9000,15529468,53287
2018-02-06 15:22:00,76.0400,75.8900,75.9000,75.9500,15584005,51545
2018-02-06 15:23:00,75.9800,75.6900,75.9500,75.6900,15619643,31839
2018-02-06 15:24:00,75.9000,75.6300,75.7500,75.7450,15649919,24714
2018-02-06 15:25:00,75.8500,75.6600,75.7500,75.7400,15672071,20120
2018-02-06 15:26:00,75.9000,75.7000,75.7300,75.9000,15699901,24605
2018-02-06 15:27:00,76.0100,75.8800,75.8800,75.9100,15726811,23430
2018-02-06 15:28:00,76.0900,75.9000,75.9100,76.0075,15769275,38566
2018-02-06 15:29:00,76.0700,75.9800,76.0000,76.0200,15821061,49534
2018-02-06 15:30:00,76.0600,75.9800,76.0100,76.0400,15862309,36939
2018-02-06 15:31:00,76.0500,75.9000,76.0400,75.9700,15891349,24388
2018-02-06 15:32:00,75.9700,75.7300,75.9700,75.8850,15925933,26472
2018-02-06 15:33:00,75.9700,75.9000,75.9100,75.9400,15953550,23445
2018-02-06 15:34:00,76.1100,75.9500,75.9500,76.0500,16036480,73238
2018-02-06 15:35:00,76.1719,75.9900,76.0500,76.0474,16079808,36722
2018-02-06 15:36:00,76.2100,75.9000,76.0400,76.1800,16124546,38020
2018-02-06 15:37:00,76.3090,76.1850,76.1900,76.2500,16164867,35616
2018-02-06 15:38:00,76.2700,76.2000,76.2700,76.2390,16226899,56809
2018-02-06 15:39:00,76.4000,76.2100,76.2500,76.4000,16283079,50602
2018-02-06 15:40:00,76.4700,76.3400,76.4000,76.4500,16319575,31902
2018-02-06 15:41:00,76.5150,76.4400,76.4800,76.4700,16404821,74005
2018-02-06 15:42:00,76.5100,76.2900,76.5000,76.3000,16470237,61392
2018-02-06 15:43:00,76.3900,76.2700,76.3000,76.3700,16518887,44226
2018-02-06 15:44:00,76.3800,76.2200,76.3800,76.2600,16563100,38132
2018-02-06 15:45:00,76.2800,76.1500,76.2600,76.1600,16594320,26817
2018-02-06 15:46:00,76.2500,76.0900,76.1600,76.1300,16635171,34535
2018-02-06 15:47:00,76.2000,76.0800,76.1100,76.1000,16678820,39931
2018-02-06 15:48:00,76.1800,75.9300,76.1100,75.9500,16739427,55891
2018-02-06 15:49:00,75.9600,75.8600,75.9500,75.9600,16796282,52452
2018-02-06 15:50:00,76.0100,75.7100,75.9700,75.7100,16869583,66024
2018-02-06 15:51:00,75.9500,75.7100,75.7100,75.9300,16958664,82551
2018-02-06 15:52:00,75.9400,75.6600,75.9300,75.6750,17012493,46935
2018-02-06 15:53:00,75.9500,75.6700,75.6800,75.9500,17075985,57526
2018-02-06 15:54:00,76.0500,75.8800,75.9500,76.0200,17134274,53011
2018-02-06 15:55:00,76.1500,75.9400,76.0400,76.1500,17200105,58450
2018-02-06 15:56:00,76.1200,75.7900,76.1200,76.0000,17276471,68524
2018-02-06 15:57:00,76.0800,75.9300,76.0000,75.9500,17406818,122614
2018-02-06 15:58:00,76.0300,75.9000,75.9500,75.9600,17511719,96268
2018-02-06 15:59:00,76.0600,75.8100,75.9700,75.8100,17652006,128857
2018-02-06 16:00:00,76.0300,75.6500,75.8000,75.6800,18193933,512570
2018-02-07 09:31:00,75.4600,75.1600,75.3500,75.2950,288300,247009
2018-02-07 09:32:00,75.2950,74.9400,75.2500,75.0400,371800,74700
2018-02-07 09:33:00,75.1900,74.9700,75.0100,75.1000,419166,44386
2018-02-07 09:34:00,75.1500,74.9500,75.0600,75.0900,470376,47162
2018-02-07 09:35:00,75.2800,74.9900,75.0900,75.2800,521381,47937
2018-02-07 09:36:00,75.6000,75.2600,75.3000,75.4950,578499,51714
2018-02-07 09:37:00,75.7700,75.4600,75.4800,75.7693,629455,45753
2018-02-07 09:38:00,75.9600,75.7200,75.7700,75.8900,681880,48401
2018-02-07 09:39:00,75.9600,75.6500,75.9000,75.7400,718996,33370
2018-02-07 09:40:00,75.7700,75.4500,75.7400,75.5400,783747,58852
2018-02-07 09:41:00,75.9200,75.5500,75.5800,75.8750,829193,41062
2018-02-07 09:42:00,75.9200,75.6500,75.8900,75.7400,887363,52583
2018-02-07 09:43:00,75.8900,75.6500,75.7700,75.7200,951183,58793
2018-02-07 09:44:00,75.7100,75.5400,75.6790,75.7100,1000822,44143