2018-02-05 09:31:00,11.2200,11.1200,11.1200,11.2200,5591,5351
2018-02-05 09:32:00,11.2400,11.1806,11.2400,11.2400,6796,1111
2018-02-05 09:33:00,11.3200,11.1510,11.1900,11.3200,12041,4998
2018-02-05 09:34:00,11.3500,11.2800,11.3050,11.3000,17147,4910
2018-02-05 09:35:00,11.3000,11.2800,11.2975,11.2800,18248,900
2018-02-05 09:36:00,11.2950,11.2800,11.2800,11.2800,18748,500
2018-02-05 09:37:00,11.2800,11.2800,11.2800,11.2800,19048,200
2018-02-05 09:38:00,11.3400,11.2900,11.2900,11.3300,21969,2771
2018-02-05 09:40:00,11.3500,11.3250,11.3350,11.3250,22669,700
2018-02-05 09:41:00,11.3200,11.2900,11.3100,11.3200,24814,1900
2018-02-05 09:42:00,11.3200,11.2800,11.3100,11.3200,26164,1300
2018-02-05 09:43:00,11.3200,11.2900,11.3200,11.2900,27081,900
2018-02-05 09:44:00,11.3000,11.3000,11.3000,11.3000,27681,600
2018-02-05 09:45:00,11.2900,11.2800,11.2802,11.2900,28203,522
2018-02-05 09:46:00,11.3500,11.2900,11.2900,11.3350,30686,2100
2018-02-05 09:47:00,11.3400,11.3200,11.3350,11.3200,34984,4046
2018-02-05 09:48:00,11.3100,11.2900,11.3100,11.3000,35384,400
2018-02-05 09:49:00,11.3000,11.3000,11.3000,11.3000,36283,400
2018-02-05 09:50:00,11.2950,11.2900,11.2950,11.2900,39283,2997
2018-02-05 09:51:00,11.3200,11.2800,11.3000,11.2800,50743,11110
2018-02-05 09:52:00,11.2900,11.2800,11.2900,11.2900,51408,600
2018-02-05 09:53:00,11.2900,11.2900,11.2900,11.2900,51679,100
2018-02-05 09:54:00,11.3000,11.2500,11.2700,11.3000,55340,3200
2018-02-05 09:55:00,11.2900,11.2900,11.2900,11.2900,55440,100
2018-02-05 09:56:00,11.3000,11.2900,11.2900,11.3000,58650,3110
2018-02-05 09:57:00,11.3050,11.3000,11.3050,11.3000,60500,1700
2018-02-05 09:58:00,11.3100,11.2700,11.3050,11.3000,63501,2900
2018-02-05 09:59:00,11.3000,11.3000,11.3000,11.3000,64111,600
2018-02-05 10:00:00,11.3100,11.3000,11.3000,11.3100,65341,900
2018-02-05 10:01:00,11.3400,11.3000,11.3100,11.3400,66790,1400
2018-02-05 10:02:00,11.3400,11.2801,11.3300,11.2801,68739,1897
2018-02-05 10:03:00,11.3200,11.2900,11.3000,11.3200,70271,1300
2018-02-05 10:04:00,11.3200,11.3200,11.3200,11.3200,70671,400
2018-02-05 10:05:00,11.3250,11.3200,11.3250,11.3200,71071,400
2018-02-05 10:06:00,11.3300,11.3100,11.3250,11.3200,76270,4610
2018-02-05 10:07:00,11.3200,11.3000,11.3200,11.3000,77842,1572
2018-02-05 10:08:00,11.2900,11.2800,11.2800,11.2900,78168,200
2018-02-05 10:09:00,11.3100,11.2900,11.2900,11.3100,80448,1727
2018-02-05 10:10:00,11.3200,11.3100,11.3100,11.3200,81128,400
2018-02-05 10:11:00,11.3200,11.3200,11.3200,11.3200,81499,300
2018-02-05 10:12:00,11.3300,11.3200,11.3300,11.3300,82551,900
2018-02-05 10:13:00,11.3300,11.3200,11.3300,11.3200,82751,200
2018-02-05 10:14:00,11.3600,11.3200,11.3250,11.3600,86071,3099
2018-02-05 10:15:00,11.3900,11.3600,11.3600,11.3900,87336,1200
2018-02-05 10:16:00,11.3900,11.3800,11.3900,11.3800,88041,605
2018-02-05 10:17:00,11.3800,11.3700,11.3800,11.3800,95241,7200
2018-02-05 10:18:00,11.3650,11.3600,11.3650,11.3600,97233,1888
2018-02-05 10:19:00,11.3900,11.3600,11.3600,11.3900,99246,1998
2018-02-05 10:20:00,11.4000,11.3800,11.4000,11.3800,99846,600
2018-02-05 10:21:00,11.3750,11.3700,11.3750,11.3700,100646,800
2018-02-05 10:22:00,11.3700,11.3600,11.3700,11.3600,101046,400
2018-02-05 10:23:00,11.3700,11.3650,11.3650,11.3700,104146,3072
2018-02-05 10:24:00,11.3900,11.3650,11.3650,11.3900,107646,3500
2018-02-05 10:25:00,11.3900,11.3900,11.3900,11.3900,108046,400
2018-02-05 10:26:00,11.4000,11.3900,11.4000,11.3900,108646,500
2018-02-05 10:27:00,11.4000,11.3900,11.4000,11.4000,110651,1760
2018-02-05 10:28:00,11.3900,11.3900,11.3900,11.3900,111353,600
2018-02-05 10:30:00,11.3900,11.3900,11.3900,11.3900,111693,300
2018-02-05 10:31:00,11.3700,11.3600,11.3700,11.3600,114928,2806
2018-02-05 10:32:00,11.3700,11.3500,11.3700,11.3500,116028,976
2018-02-05 10:33:00,11.3600,11.3400,11.3400,11.3600,117728,1700
2018-02-05 10:34:00,11.3600,11.3400,11.3600,11.3400,120528,2800
2018-02-05 10:35:00,11.3500,11.3500,11.3500,11.3500,120628,100
2018-02-05 10:36:00,11.3500,11.3500,11.3500,11.3500,120729,100
2018-02-05 10:37:00,11.3500,11.3500,11.3500,11.3500,122029,1300
2018-02-05 10:38:00,11.3600,11.3450,11.3600,11.3450,123233,1200
2018-02-05 10:39:00,11.3400,11.3200,11.3400,11.3200,125182,1800
2018-02-05 10:40:00,11.3300,11.3100,11.3100,11.3150,126782,1500
2018-02-05 10:41:00,11.3200,11.3200,11.3200,11.3200,127282,500
2018-02-05 10:42:00,11.3300,11.3200,11.3200,11.3300,128792,1500
2018-02-05 10:43:00,11.3400,11.3300,11.3400,11.3300,129500,600
2018-02-05 10:44:00,11.3200,11.3050,11.3200,11.3050,132900,3400
2018-02-05 10:45:00,11.3100,11.3000,11.3100,11.3100,135400,2500
2018-02-05 10:46:00,11.3100,11.3000,11.3000,11.3100,137234,1800
2018-02-05 10:47:00,11.3200,11.3100,11.3100,11.3200,138500,1100
2018-02-05 10:48:00,11.3200,11.3200,11.3200,11.3200,138600,100
2018-02-05 10:49:00,11.3200,11.3150,11.3150,11.3200,139400,800
2018-02-05 10:50:00,11.3200,11.3000,11.3200,11.3000,140851,1300
2018-02-05 10:51:00,11.3000,11.2800,11.3000,11.2800,142251,1400
2018-02-05 10:52:00,11.2800,11.2800,11.2800,11.2800,142351,100
2018-02-05 10:53:00,11.3000,11.2800,11.2800,11.2900,145651,3200
2018-02-05 10:54:00,11.2900,11.2900,11.2900,11.2900,145751,100
2018-02-05 10:55:00,11.3000,11.2900,11.2900,11.3000,147251,1500
2018-02-05 10:56:00,11.2900,11.2900,11.2900,11.2900,148151,800
2018-02-05 10:58:00,11.2800,11.2800,11.2800,11.2800,148651,500
2018-02-05 11:00:00,11.2800,11.2700,11.2800,11.2700,149451,800
2018-02-05 11:01:00,11.2800,11.2700,11.2700,11.2800,151851,2200
2018-02-05 11:02:00,11.2800,11.2700,11.2800,11.2700,152553,700
2018-02-05 11:03:00,11.2600,11.2500,11.2600,11.2600,154903,2300
2018-02-05 11:04:00,11.2600,11.2600,11.2600,11.2600,155403,400
2018-02-05 11:05:00,11.2600,11.2600,11.2600,11.2600,155503,100
2018-02-05 11:07:00,11.2600,11.2500,11.2500,11.2600,157203,1400
2018-02-05 11:08:00,11.2800,11.2600,11.2700,11.2800,160103,2800
2018-02-05 11:09:00,11.2800,11.2800,11.2800,11.2800,160533,400
2018-02-05 11:10:00,11.2800,11.2750,11.2800,11.2800,161245,712
2018-02-05 11:11:00,11.2750,11.2600,11.2700,11.2700,165438,3900
2018-02-05 11:12:00,11.2700,11.2600,11.2700,11.2600,166742,1300
2018-02-05 11:14:00,11.2600,11.2500,11.2600,11.2600,170543,3200
2018-02-05 11:15:00,11.2900,11.2550,11.2550,11.2900,173383,2700
2018-02-05 11:16:00,11.2900,11.2900,11.2900,11.2900,173583,200
2018-02-05 11:17:00,11.2900,11.2900,11.2900,11.2900,173683,100
2018-02-05 11:18:00,11.2900,11.2900,11.2900,11.2900,173783,100
2018-02-05 11:19:00,11.2800,11.2700,11.2800,11.2700,175912,2100
2018-02-05 11:20:00,11.2700,11.2700,11.2700,11.2700,176212,300
2018-02-05 11:21:00,11.2600,11.2500,11.2600,11.2500,178502,1800
2018-02-05 11:22:00,11.2500,11.2500,11.2500,11.2500,178702,200
2018-02-05 11:23:00,11.2550,11.2500,11.2500,11.2550,178902,200
2018-02-05 11:24:00,11.2800,11.2550,11.2600,11.2800,182507,2558
2018-02-05 11:25:00,11.2700,11.2500,11.2700,11.2700,183957,1450
2018-02-05 11:27:00,11.2600,11.2600,11.2600,11.2600,184057,100
2018-02-05 11:28:00,11.2700,11.2525,11.2600,11.2700,185957,1900
2018-02-05 11:29:00,11.2700,11.2600,11.2700,11.2700,186657,700
2018-02-05 11:30:00,11.2600,11.2500,11.2600,11.2525,187757,1100
2018-02-05 11:31:00,11.2500,11.2300,11.2500,11.2500,192009,3968
2018-02-05 11:32:00,11.2500,11.2450,11.2450,11.2500,192421,400
2018-02-05 11:33:00,11.2600,11.2500,11.2500,11.2600,194121,1700
2018-02-05 11:34:00,11.2600,11.2525,11.2600,11.2600,194921,700
2018-02-05 11:35:00,11.2600,11.2500,11.2500,11.2600,195141,200
2018-02-05 11:36:00,11.2600,11.2525,11.2600,11.2600,195641,400
2018-02-05 11:37:00,11.2600,11.2400,11.2500,11.2600,200262,4400
2018-02-05 11:38:00,11.2500,11.2400,11.2500,11.2500,201666,1400
2018-02-05 11:39:00,11.2500,11.2400,11.2400,11.2450,203078,883
2018-02-05 11:40:00,11.2500,11.2400,11.2450,11.2400,203496,400
2018-02-05 11:41:00,11.2500,11.2400,11.2400,11.2425,211696,8118
2018-02-05 11:42:00,11.2700,11.2425,11.2500,11.2700,215964,3900
2018-02-05 11:43:00,11.2800,11.2700,11.2700,11.2800,217864,1700
2018-02-05 11:44:00,11.2900,11.2600,11.2800,11.2900,221993,3727
2018-02-05 11:45:00,11.2800,11.2725,11.2800,11.2800,222593,600
2018-02-05 11:47:00,11.2900,11.2800,11.2800,11.2900,224013,1200
2018-02-05 11:48:00,11.2850,11.2800,11.2800,11.2850,224313,300
2018-02-05 11:49:00,11.2850,11.2800,11.2800,11.2850,224913,600
2018-02-05 11:50:00,11.2800,11.2800,11.2800,11.2800,225013,100
2018-02-05 11:51:00,11.2850,11.2800,11.2800,11.2850,225413,200
2018-02-05 11:52:00,11.2850,11.2800,11.2850,11.2800,225813,400
2018-02-05 11:53:00,11.3000,11.2850,11.2850,11.3000,228171,2200
2018-02-05 11:54:00,11.3100,11.2825,11.2900,11.3100,231286,3000
2018-02-05 11:55:00,11.3000,11.2825,11.3000,11.2825,233486,2000
2018-02-05 11:56:00,11.2850,11.2800,11.2800,11.2850,234286,800
2018-02-05 11:57:00,11.2850,11.2400,11.2850,11.2650,259786,25500
2018-02-05 11:58:00,11.2800,11.2400,11.2650,11.2800,268186,7903
2018-02-05 11:59:00,11.2900,11.2850,11.2850,11.2850,268586,400
2018-02-05 12:00:00,11.2950,11.2850,11.2850,11.2950,270186,1600
2018-02-05 12:01:00,11.2950,11.2950,11.2950,11.2950,270786,300
2018-02-05 12:02:00,11.3000,11.2900,11.2950,11.2950,271886,900
2018-02-05 12:03:00,11.2950,11.2750,11.2950,11.2750,273390,1200
2018-02-05 12:04:00,11.2700,11.2700,11.2700,11.2700,273590,200
2018-02-05 12:05:00,11.2800,11.2750,11.2800,11.2750,274290,700
2018-02-05 12:06:00,11.2700,11.2700,11.2700,11.2700,274590,300
2018-02-05 12:07:00,11.2700,11.2600,11.2600,11.2700,279300,4300
2018-02-05 12:08:00,11.2800,11.2600,11.2600,11.2650,283000,2900
2018-02-05 12:09:00,11.2700,11.2400,11.2650,11.2600,284700,1700
2018-02-05 12:10:00,11.2500,11.2300,11.2500,11.2350,287980,3200
2018-02-05 12:11:00,11.2300,11.2100,11.2300,11.2200,289780,1600
2018-02-05 12:12:00,11.2100,11.2000,11.2100,11.2000,291376,1400
2018-02-05 12:13:00,11.1900,11.1900,11.1900,11.1900,291846,400
2018-02-05 12:14:00,11.2400,11.1900,11.1900,11.2400,297629,5414
2018-02-05 12:15:00,11.2300,11.2200,11.2300,11.2225,300650,2700
2018-02-05 12:16:00,11.2300,11.2100,11.2300,11.2200,302244,1200
2018-02-05 12:17:00,11.2300,11.2150,11.2200,11.2300,303544,1300
2018-02-05 12:18:00,11.2300,11.2125,11.2300,11.2200,304744,1100
2018-02-05 12:19:00,11.2200,11.2150,11.2150,11.2200,305559,800
2018-02-05 12:20:00,11.2200,11.2100,11.2200,11.2200,307759,2000
2018-02-05 12:21:00,11.2200,11.2150,11.2150,11.2150,308559,800
2018-02-05 12:22:00,11.2250,11.2125,11.2200,11.2250,309759,1200
2018-02-05 12:23:00,11.2300,11.2200,11.2200,11.2200,312269,2200
2018-02-05 12:24:00,11.2200,11.2000,11.2200,11.2050,313770,1401
2018-02-05 12:26:00,11.2100,11.2000,11.2000,11.2050,314370,600
2018-02-05 12:27:00,11.2400,11.2000,11.2100,11.2300,418770,104200
2018-02-05 12:28:00,11.2200,11.1900,11.2200,11.2000,423922,5088
2018-02-05 12:29:00,11.1900,11.1850,11.1850,11.1900,425322,1400
2018-02-05 12:30:00,11.2050,11.2000,11.2000,11.2050,426222,500
2018-02-05 12:31:00,11.2100,11.2025,11.2100,11.2025,426522,200
2018-02-05 12:32:00,11.2300,11.2050,11.2100,11.2300,428835,2000
2018-02-05 12:33:00,11.2400,11.2300,11.2300,11.2300,429735,900
2018-02-05 12:34:00,11.2250,11.2250,11.2250,11.2250,429835,100
2018-02-05 12:35:00,11.2300,11.2300,11.2300,11.2300,430349,200
2018-02-05 12:36:00,11.2200,11.2000,11.2200,11.2000,432716,2100
2018-02-05 12:37:00,11.2000,11.1900,11.2000,11.1900,434185,1400
2018-02-05 12:38:00,11.1948,11.1650,11.1948,11.1800,445460,11175
2018-02-05 12:39:00,11.2100,11.1800,11.1800,11.2100,449139,3329
2018-02-05 12:40:00,11.2200,11.2000,11.2200,11.2000,450394,991
2018-02-05 12:41:00,11.2200,11.1925,11.2000,11.2200,452425,1600
2018-02-05 12:42:00,11.2200,11.2000,11.2200,11.2000,459823,6677
2018-02-05 12:43:00,11.2100,11.1925,11.2000,11.2000,461323,1400
2018-02-05 12:44:00,11.2000,11.1950,11.2000,11.1950,462937,1500
2018-02-05 12:45:00,11.2100,11.1950,11.2000,11.2025,464858,1800
2018-02-05 12:46:00,11.2200,11.2200,11.2200,11.2200,465058,200
2018-02-05 12:47:00,11.2200,11.2000,11.2200,11.2000,466958,1693
2018-02-05 12:48:00,11.2100,11.2000,11.2100,11.2100,467658,700
2018-02-05 12:49:00,11.2000,11.1900,11.2000,11.1950,471529,3700
2018-02-05 12:51:00,11.2400,11.2000,11.2000,11.2400,475594,3700
2018-02-05 12:52:00,11.2200,11.2100,11.2200,11.2100,477194,1200
2018-02-05 12:53:00,11.2100,11.2000,11.2100,11.2000,477694,500
2018-02-05 12:54:00,11.2100,11.2000,11.2100,11.2000,478034,300
2018-02-05 12:55:00,11.2000,11.2000,11.2000,11.2000,478394,100
2018-02-05 12:56:00,11.2300,11.2000,11.2050,11.2125,481654,2950
2018-02-05 12:57:00,11.2250,11.2200,11.2250,11.2200,482354,600
2018-02-05 12:58:00,11.2200,11.2000,11.2100,11.2200,487542,4600
2018-02-05 12:59:00,11.2150,11.2000,11.2150,11.2050,488343,500
2018-02-05 13:01:00,11.2100,11.1825,11.2000,11.2000,494798,5996
2018-02-05 13:02:00,11.2000,11.2000,11.2000,11.2000,495702,900
2018-02-05 13:03:00,11.2100,11.2000,11.2000,11.2000,501276,4682
2018-02-05 13:04:00,11.2100,11.2000,11.2000,11.2000,533676,32200
2018-02-05 13:05:00,11.2100,11.2000,11.2050,11.2000,534876,1200
2018-02-05 13:06:00,11.2100,11.2000,11.2000,11.2000,535816,700
2018-02-05 13:07:00,11.2050,11.2000,11.2000,11.2000,537170,1000
2018-02-05 13:08:00,11.2050,11.1750,11.2000,11.1750,542630,5100
2018-02-05 13:09:00,11.1800,11.1600,11.1750,11.1700,551924,9100
2018-02-05 13:10:00,11.1800,11.1300,11.1700,11.1700,564357,11700
2018-02-05 13:11:00,11.1700,11.1500,11.1700,11.1550,574209,9200
2018-02-05 13:12:00,11.1550,11.1000,11.1550,11.1300,588735,13448
2018-02-05 13:13:00,11.1300,11.1250,11.1250,11.1300,590078,1300
2018-02-05 13:14:00,11.1500,11.1225,11.1300,11.1500,594031,3800
2018-02-05 13:15:00,11.1500,11.1200,11.1500,11.1200,653442,59000
2018-02-05 13:16:00,11.1200,11.0900,11.1200,11.1100,657565,3943
2018-02-05 13:17:00,11.1000,11.0900,11.1000,11.0900,659229,1600
2018-02-05 13:18:00,11.0900,11.0900,11.0900,11.0900,659749,500
2018-02-05 13:19:00,11.0900,11.0800,11.0900,11.0800,660259,500
2018-02-05 13:20:00,11.0900,11.0500,11.0850,11.0700,662533,2000
2018-02-05 13:21:00,11.0800,11.0500,11.0700,11.0800,664312,1695
2018-02-05 13:22:00,11.1300,11.0725,11.0799,11.1200,684675,19814
2018-02-05 13:23:00,11.1100,11.1100,11.1100,11.1100,685975,1100
2018-02-05 13:24:00,11.1100,11.1000,11.1100,11.1000,687675,1400
2018-02-05 13:25:00,11.1000,11.0900,11.0900,11.1000,689075,1400
2018-02-05 13:26:00,11.0950,11.0900,11.0950,11.0900,689375,300
2018-02-05 13:27:00,11.0950,11.0900,11.0900,11.0900,690075,700
2018-02-05 13:28:00,11.0900,11.0800,11.0850,11.0850,691075,900
2018-02-05 13:29:00,11.0900,11.0750,11.0900,11.0750,692075,1000
2018-02-05 13:30:00,11.1000,11.0700,11.0750,11.1000,694985,2900
2018-02-05 13:31:00,11.1000,11.0900,11.1000,11.0900,695595,600
2018-02-05 13:32:00,11.1000,11.0900,11.0900,11.0900,697055,1200
2018-02-05 13:33:00,11.1200,11.0950,11.0950,11.1100,699443,2000
2018-02-05 13:34:00,11.1300,11.1100,11.1100,11.1250,702850,3100
2018-02-05 13:35:00,11.1300,11.1000,11.1250,11.1000,705966,3006
2018-02-05 13:36:00,11.1100,11.1050,11.1100,11.1050,706166,200
2018-02-05 13:37:00,11.1100,11.1000,11.1000,11.1100,706596,400
2018-02-05 13:38:00,11.1200,11.0800,11.1050,11.1125,718703,11787
2018-02-05 13:39:00,11.1200,11.1100,11.1100,11.1200,719103,400
2018-02-05 13:40:00,11.1200,11.1200,11.1200,11.1200,719953,500
2018-02-05 13:41:00,11.1200,11.1100,11.1100,11.1200,720753,800
2018-02-05 13:42:00,11.1500,11.1150,11.1200,11.1500,725865,5000
2018-02-05 13:43:00,11.1450,11.1300,11.1400,11.1350,728967,3000
2018-02-05 13:44:00,11.1500,11.1325,11.1350,11.1500,732192,3225
2018-02-05 13:45:00,11.1500,11.1500,11.1500,11.1500,733092,800
2018-02-05 13:46:00,11.1700,11.1450,11.1500,11.1600,735394,2300
2018-02-05 13:47:00,11.1600,11.1525,11.1600,11.1525,735794,300
2018-02-05 13:48:00,11.1600,11.1600,11.1600,11.1600,736002,200
2018-02-05 13:49:00,11.1600,11.1525,11.1600,11.1525,736202,200
2018-02-05 13:50:00,11.1600,11.1500,11.1600,11.1600,736603,400
2018-02-05 13:51:00,11.1600,11.1500,11.1500,11.1600,737317,700
2018-02-05 13:52:00,11.1800,11.1600,11.1600,11.1725,740817,3400
2018-02-05 13:53:00,11.1900,11.1800,11.1900,11.1800,742524,1500
2018-02-05 13:54:00,11.1900,11.1900,11.1900,11.1900,743014,300
2018-02-05 13:55:00,11.2000,11.1900,11.1900,11.2000,744015,900
2018-02-05 13:56:00,11.2100,11.2025,11.2100,11.2100,745555,1400
2018-02-05 13:57:00,11.2300,11.2100,11.2100,11.2300,746789,1200
2018-02-05 13:58:00,11.2300,11.2200,11.2200,11.2200,748479,1300
2018-02-05 13:59:00,11.2300,11.2100,11.2100,11.2300,750839,2000
2018-02-05 14:00:00,11.2400,11.2200,11.2300,11.2400,752817,1778
2018-02-05 14:01:00,11.2500,11.2400,11.2400,11.2400,754521,1500
2018-02-05 14:02:00,11.2400,11.2250,11.2400,11.2250,756126,1300
2018-02-05 14:03:00,11.2300,11.2100,11.2250,11.2300,758994,2100
2018-02-05 14:04:00,11.2400,11.2200,11.2400,11.2300,761452,1800
2018-02-05 14:05:00,11.2500,11.2200,11.2300,11.2400,795302,33569
2018-02-05 14:06:00,11.2400,11.2300,11.2400,11.2300,796202,900
2018-02-05 14:07:00,11.2400,11.2300,11.2400,11.2300,797802,1400
2018-02-05 14:08:00,11.2300,11.2300,11.2300,11.2300,798002,200
2018-02-05 14:09:00,11.2300,11.2300,11.2300,11.2300,798211,100
2018-02-05 14:10:00,11.2300,11.2300,11.2300,11.2300,798411,100
2018-02-05 14:11:00,11.2300,11.2200,11.2250,11.2200,799611,900
2018-02-05 14:12:00,11.2500,11.2200,11.2250,11.2500,804308,4478
2018-02-05 14:13:00,11.2500,11.2450,11.2500,11.2500,805408,1100
2018-02-05 14:14:00,11.2500,11.2500,11.2500,11.2500,805528,100
2018-02-05 14:15:00,11.2500,11.2400,11.2400,11.2400,806148,400
2018-02-05 14:16:00,11.2450,11.2200,11.2450,11.2200,809878,3255
2018-02-05 14:17:00,11.2250,11.2200,11.2250,11.2250,810278,300
2018-02-05 14:18:00,11.2300,11.2200,11.2250,11.2300,812772,2144
2018-02-05 14:19:00,11.2250,11.1600,11.2200,11.1600,816103,3000
2018-02-05 14:20:00,11.1900,11.1600,11.1600,11.1900,819847,3500
2018-02-05 14:21:00,11.1900,11.1800,11.1900,11.1800,820947,1100
2018-02-05 14:22:00,11.1900,11.1800,11.1800,11.1900,822247,1200
2018-02-05 14:23:00,11.1800,11.1450,11.1800,11.1700,829735,6131
2018-02-05 14:24:00,11.2100,11.1725,11.1750,11.2000,835313,5107
2018-02-05 14:25:00,11.1950,11.1810,11.1900,11.1810,839185,3704
2018-02-05 14:26:00,11.1900,11.1800,11.1850,11.1800,840032,700
2018-02-05 14:27:00,11.1900,11.1800,11.1900,11.1850,841388,1200
2018-02-05 14:28:00,11.1900,11.1800,11.1900,11.1850,842598,1200
2018-02-05 14:29:00,11.1900,11.1800,11.1900,11.1900,843508,900
2018-02-05 14:30:00,11.1900,11.1800,11.1900,11.1850,844138,600
2018-02-05 14:31:00,11.1900,11.1800,11.1800,11.1800,846708,2222
2018-02-05 14:32:00,11.1850,11.1800,11.1800,11.1800,847644,700
2018-02-05 14:33:00,11.1800,11.1700,11.1800,11.1700,851141,2900
2018-02-05 14:34:00,11.1750,11.1425,11.1700,11.1450,856555,5314
2018-02-05 14:35:00,11.1500,11.1400,11.1500,11.1450,858455,1800
2018-02-05 14:36:00,11.1600,11.1500,11.1500,11.1600,863146,4231
2018-02-05 14:37:00,11.1700,11.1525,11.1600,11.1700,866579,3300
2018-02-05 14:38:00,11.1900,11.1700,11.1700,11.1900,869191,2500
2018-02-05 14:39:00,11.1800,11.1700,11.1800,11.1800,870102,700
2018-02-05 14:40:00,11.2000,11.1650,11.1800,11.1900,877704,7103
2018-02-05 14:41:00,11.2100,11.1850,11.1850,11.2100,879979,2000
2018-02-05 14:42:00,11.2000,11.1600,11.1900,11.1700,882841,2707
2018-02-05 14:43:00,11.2000,11.1725,11.1800,11.2000,886677,3636
2018-02-05 14:44:00,11.2100,11.2100,11.2100,11.2100,889510,2636
2018-02-05 14:45:00,11.2000,11.1700,11.1900,11.1900,894619,5000
2018-02-05 14:46:00,11.2000,11.1900,11.2000,11.1900,895954,1104
2018-02-05 14:47:00,11.2000,11.1950,11.1950,11.2000,896594,600
2018-02-05 14:48:00,11.2000,11.1800,11.2000,11.1800,899173,2268
2018-02-05 14:49:00,11.1900,11.1800,11.1899,11.1900,901183,2000
2018-02-05 14:50:00,11.1900,11.1800,11.1850,11.1800,902258,800
2018-02-05 14:51:00,11.1900,11.1700,11.1900,11.1800,904183,1868
2018-02-05 14:52:00,11.1800,11.1650,11.1700,11.1738,912826,8373
2018-02-05 14:53:00,11.1800,11.1700,11.1800,11.1800,917556,4060
2018-02-05 14:54:00,11.1800,11.1725,11.1800,11.1725,918656,1100
2018-02-05 14:55:00,11.1900,11.1700,11.1800,11.1800,922006,3290
2018-02-05 14:56:00,11.1900,11.1625,11.1700,11.1700,929126,6700
2018-02-05 14:57:00,11.1800,11.1600,11.1800,11.1700,931532,2300
2018-02-05 14:58:00,11.1800,11.1650,11.1800,11.1700,937422,5754
2018-02-05 14:59:00,11.1700,11.1625,11.1700,11.1625,939822,2100
2018-02-05 15:00:00,11.1800,11.1750,11.1750,11.1800,940222,400
2018-02-05 15:01:00,11.1800,11.1600,11.1700,11.1600,949248,8805
2018-02-05 15:02:00,11.1800,11.1625,11.1700,11.1700,951268,1800
2018-02-05 15:04:00,11.2100,11.1800,11.1800,11.2000,960893,9000
2018-02-05 15:05:00,11.2000,11.1700,11.2000,11.1800,964527,3267
2018-02-05 15:06:00,11.1800,11.1700,11.1800,11.1800,968474,3441
2018-02-05 15:07:00,11.1700,11.1600,11.1700,11.1600,980851,11710
2018-02-05 15:08:00,11.1700,11.1500,11.1650,11.1550,985849,4521
2018-02-05 15:09:00,11.1500,11.1400,11.1500,11.1400,988634,2610
2018-02-05 15:10:00,11.1400,11.1100,11.1400,11.1100,996265,7114
2018-02-05 15:11:00,11.1200,11.0800,11.1050,11.0800,1000203,3560
2018-02-05 15:12:00,11.0950,11.0750,11.0850,11.0800,1008802,8409
2018-02-05 15:13:00,11.1000,11.0725,11.0750,11.1000,1020561,11082
2018-02-05 15:14:00,11.1300,11.1000,11.1000,11.1150,1030235,9400
2018-02-05 15:15:00,11.1200,11.0700,11.1100,11.1000,1035885,5400
2018-02-05 15:16:00,11.1600,11.0925,11.1000,11.1300,1040485,4400
2018-02-05 15:17:00,11.1600,11.1300,11.1300,11.1600,1045153,4500
2018-02-05 15:18:00,11.1600,11.1500,11.1500,11.1600,1048051,2700
2018-02-05 15:19:00,11.1600,11.0800,11.1600,11.1000,1053013,4700
2018-02-05 15:20:00,11.1000,11.0900,11.1000,11.0900,1053923,822
2018-02-05 15:21:00,11.0800,11.0700,11.0800,11.0700,1054433,500
2018-02-05 15:22:00,11.0700,11.0400,11.0400,11.0400,1062207,7400
2018-02-05 15:23:00,11.0500,11.0200,11.0500,11.0500,1067517,5100
2018-02-05 15:24:00,11.0800,11.0525,11.0600,11.0650,1077504,8947
2018-02-05 15:25:00,11.0700,11.0600,11.0700,11.0700,1080200,2221
2018-02-05 15:26:00,11.0850,11.0650,11.0650,11.0750,1085751,5197
2018-02-05 15:27:00,11.0900,11.0400,11.0700,11.0900,1162407,76100
2018-02-05 15:28:00,11.0800,11.0600,11.0800,11.0800,1167074,3724
2018-02-05 15:29:00,11.1000,11.0700,11.0800,11.1000,1170475,3000
2018-02-05 15:30:00,11.1400,11.0900,11.0900,11.1100,1199928,28936
2018-02-05 15:31:00,11.1150,11.0700,11.1150,11.0800,1209425,9206
2018-02-05 15:32:00,11.0800,11.0500,11.0800,11.0550,1214758,5000
2018-02-05 15:33:00,11.1300,11.0600,11.0600,11.1100,1222019,6762
2018-02-05 15:34:00,11.1200,11.1100,11.1100,11.1200,1224586,1646
2018-02-05 15:35:00,11.1500,11.1200,11.1500,11.1300,1228900,3440
2018-02-05 15:36:00,11.1400,11.1200,11.1200,11.1200,1234065,4800
2018-02-05 15:37:00,11.1400,11.1200,11.1299,11.1400,1243708,8684
2018-02-05 15:38:00,11.1500,11.1300,11.1400,11.1500,1265875,20672
2018-02-05 15:39:00,11.1550,11.1400,11.1400,11.1500,1331221,64703
2018-02-05 15:40:00,11.1500,11.1400,11.1500,11.1500,1339421,7800
2018-02-05 15:41:00,11.1500,11.1400,11.1450,11.1400,1371464,31427
2018-02-05 15:42:00,11.1700,11.1400,11.1400,11.1700,1382632,10540
2018-02-05 15:43:00,11.1800,11.1600,11.1650,11.1800,1390681,7800
2018-02-05 15:44:00,11.1750,11.1500,11.1750,11.1550,1402501,10997
2018-02-05 15:45:00,11.1600,11.1300,11.1600,11.1350,1413224,9633
2018-02-05 15:46:00,11.1300,11.1000,11.1300,11.1200,1426701,12278
2018-02-05 15:47:00,11.1200,11.1100,11.1200,11.1200,1432413,5198
2018-02-05 15:48:00,11.1200,11.1000,11.1200,11.1100,1442777,9207
2018-02-05 15:49:00,11.1100,11.1000,11.1100,11.1100,1450435,7318
2018-02-05 15:50:00,11.1100,11.0800,11.1050,11.0900,1460646,9695
2018-02-05 15:51:00,11.0900,11.0500,11.0900,11.0600,1487300,23930
2018-02-05 15:52:00,11.0600,11.0400,11.0550,11.0500,1499675,12140
2018-02-05 15:53:00,11.0550,11.0300,11.0500,11.0350,1509338,8972
2018-02-05 15:54:00,11.0500,11.0300,11.0300,11.0300,1527581,17160
2018-02-05 15:55:00,11.0300,11.0200,11.0200,11.0300,1694712,165774
2018-02-05 15:56:00,11.0400,11.0250,11.0300,11.0300,1715503,19889
2018-02-05 15:57:00,11.0400,11.0300,11.0350,11.0400,1731950,15922
2018-02-05 15:58:00,11.0400,11.0300,11.0400,11.0400,1748848,15855
2018-02-05 15:59:00,11.0400,11.0100,11.0300,11.0100,1784649,32270
2018-02-05 16:00:00,11.0200,10.9700,11.0200,10.9800,1827620,41170
2018-02-06 09:31:00,10.8800,10.7700,10.7700,10.8800,13272,11697
2018-02-06 09:32:00,10.8600,10.8000,10.8600,10.8300,15042,1764
2018-02-06 09:33:00,10.8600,10.7800,10.8400,10.8500,19373,4300
2018-02-06 09:34:00,10.8500,10.8200,10.8500,10.8200,20573,1200
2018-02-06 09:35:00,10.8700,10.8300,10.8300,10.8700,20973,400
2018-02-06 09:36:00,10.9400,10.9100,10.9300,10.9400,21308,300
2018-02-06 09:37:00,10.9500,10.8800,10.9200,10.8900,26658,5200
2018-02-06 09:38:00,10.9500,10.8900,10.9100,10.8900,40258,13550
2018-02-06 09:39:00,10.9300,10.9000,10.9200,10.9000,47808,7400
2018-02-06 09:40:00,10.9300,10.8900,10.9000,10.9300,57063,9150
2018-02-06 09:41:00,10.9350,10.9000,10.9100,10.9200,62983,5880
2018-02-06 09:42:00,10.9150,10.8700,10.9150,10.8700,63983,1000
2018-02-06 09:43:00,10.9300,10.8990,10.8990,10.9100,68403,4420
2018-02-06 09:44:00,10.9250,10.9000,10.9200,10.9250,69507,1100
2018-02-06 09:45:00,10.9600,10.9100,10.9250,10.9600,74418,4800
2018-02-06 09:46:00,10.9600,10.9500,10.9500,10.9600,77318,2900
2018-02-06 09:47:00,10.9600,10.9600,10.9600,10.9600,78618,1300
2018-02-06 09:48:00,10.9700,10.9500,10.9600,10.9600,90789,11783
2018-02-06 09:49:00,10.9600,10.9600,10.9600,10.9600,93776,2700
2018-02-06 09:50:00,10.9550,10.9250,10.9550,10.9450,99603,5800
2018-02-06 09:51:00,10.9600,10.9500,10.9600,10.9600,100433,800
2018-02-06 09:52:00,10.9600,10.9400,10.9500,10.9500,104704,4000
2018-02-06 09:53:00,10.9500,10.9200,10.9500,10.9200,105874,1100
2018-02-06 09:54:00,10.9400,10.9400,10.9400,10.9400,106174,200
2018-02-06 09:55:00,10.9600,10.9600,10.9600,10.9600,107574,1357
2018-02-06 09:56:00,10.9600,10.9300,10.9600,10.9300,112444,4800
2018-02-06 09:57:00,10.9500,10.9000,10.9500,10.9000,114706,2262
2018-02-06 09:58:00,10.9000,10.8900,10.9000,10.9000,115884,1000
2018-02-06 09:59:00,10.9100,10.8750,10.9100,10.8850,118746,2800
2018-02-06 10:00:00,10.9000,10.8600,10.8900,10.9000,121046,2300
2018-02-06 10:01:00,10.9400,10.9000,10.9000,10.9400,121746,700
2018-02-06 10:02:00,10.9600,10.9300,10.9301,10.9300,123471,1620
2018-02-06 10:03:00,10.9200,10.9100,10.9200,10.9200,124478,1000
2018-02-06 10:04:00,10.9200,10.8500,10.9200,10.9000,148737,23554
2018-02-06 10:05:00,10.9100,10.8900,10.9000,10.9100,150308,1500
2018-02-06 10:06:00,10.9300,10.8900,10.9100,10.9300,156131,5700
2018-02-06 10:07:00,10.9300,10.9200,10.9300,10.9300,162131,5800
2018-02-06 10:08:00,10.9400,10.9200,10.9350,10.9200,162820,600
2018-02-06 10:09:00,10.9200,10.9000,10.9200,10.9000,165822,3000
2018-02-06 10:10:00,10.9100,10.9000,10.9100,10.9100,168555,2700
2018-02-06 10:11:00,10.9600,10.9400,10.9400,10.9600,169380,400
2018-02-06 10:12:00,10.9600,10.9600,10.9600,10.9600,169480,100
2018-02-06 10:13:00,10.9450,10.9300,10.9450,10.9300,170245,700
2018-02-06 10:14:00,10.9200,10.9200,10.9200,10.9200,170749,300
2018-02-06 10:15:00,10.9100,10.9000,10.9100,10.9000,176078,5075
2018-02-06 10:16:00,10.9100,10.8900,10.9000,10.8950,177178,1100
2018-02-06 10:17:00,10.8900,10.8400,10.8900,10.8400,178876,1400
2018-02-06 10:18:00,10.8700,10.8500,10.8500,10.8500,184194,5316
2018-02-06 10:19:00,10.8600,10.8400,10.8450,10.8600,185194,1000
2018-02-06 10:20:00,10.9200,10.8900,10.8900,10.9000,187144,1600
2018-02-06 10:21:00,10.9300,10.9000,10.9100,10.9000,191044,3900
2018-02-06 10:22:00,10.9450,10.9000,10.9050,10.9200,194244,3200
2018-02-06 10:23:00,10.9400,10.9100,10.9100,10.9400,196710,2300
2018-02-06 10:24:00,10.9400,10.9200,10.9300,10.9200,197586,800
2018-02-06 10:25:00,10.9300,10.9100,10.9200,10.9200,200470,2884
2018-02-06 10:26:00,10.9300,10.8800,10.9300,10.9100,203242,2600
2018-02-06 10:27:00,10.9200,10.9200,10.9200,10.9200,203342,100
2018-02-06 10:28:00,10.9300,10.8900,10.9300,10.8900,204868,1400
2018-02-06 10:29:00,10.9100,10.8800,10.9100,10.8800,205368,500
2018-02-06 10:30:00,10.9300,10.9000,10.9000,10.9100,205902,500
2018-02-06 10:31:00,10.9200,10.9200,10.9200,10.9200,206073,100
2018-02-06 10:32:00,10.9400,10.9300,10.9300,10.9300,207786,1500
2018-02-06 10:33:00,10.9200,10.9000,10.9200,10.9000,208640,600
2018-02-06 10:34:00,10.8950,10.8800,10.8900,10.8900,209872,1000
2018-02-06 10:35:00,10.9000,10.8800,10.9000,10.8800,211382,1400
2018-02-06 10:36:00,10.8850,10.8600,10.8800,10.8600,213635,1753
2018-02-06 10:37:00,10.8600,10.8500,10.8600,10.8500,215120,1200
2018-02-06 10:38:00,10.8400,10.8200,10.8400,10.8300,216278,1000
2018-02-06 10:39:00,10.8300,10.8300,10.8300,10.8300,217478,1000
2018-02-06 10:40:00,10.8550,10.8400,10.8400,10.8550,223641,5900
2018-02-06 10:41:00,10.8900,10.8600,10.8600,10.8800,225352,1400
2018-02-06 10:42:00,10.8650,10.8500,10.8650,10.8600,226936,1500
2018-02-06 10:43:00,10.8600,10.8600,10.8600,10.8600,228295,1300
2018-02-06 10:44:00,10.8700,10.8600,10.8600,10.8700,228795,500
2018-02-06 10:45:00,10.8800,10.8600,10.8600,10.8800,229615,800
2018-02-06 10:46:00,10.8950,10.8825,10.8900,10.8900,232719,2708
2018-02-06 10:47:00,10.9100,10.8800,10.8900,10.9100,234139,1400
2018-02-06 10:48:00,10.8950,10.8800,10.8950,10.8800,234806,600
2018-02-06 10:49:00,10.9050,10.8900,10.8900,10.9000,239008,4100
2018-02-06 10:50:00,10.8950,10.8700,10.8950,10.8700,260007,20940
2018-02-06 10:51:00,10.8850,10.8650,10.8800,10.8700,261712,1600
2018-02-06 10:52:00,10.8900,10.8700,10.8700,10.8900,263262,1450
2018-02-06 10:53:00,10.9600,10.8900,10.8900,10.9600,269418,5800
2018-02-06 10:54:00,10.9800,10.9025,10.9500,10.9400,277167,7300
2018-02-06 10:55:00,10.9450,10.9400,10.9450,10.9450,277667,500
2018-02-06 10:56:00,10.9500,10.9450,10.9500,10.9500,278667,900
2018-02-06 10:57:00,10.9450,10.9400,10.9450,10.9400,299357,400
2018-02-06 10:58:00,10.9400,10.9300,10.9300,10.9400,306722,6955
2018-02-06 10:59:00,10.9500,10.9400,10.9400,10.9500,318684,11297
2018-02-06 11:00:00,10.9500,10.9375,10.9500,10.9500,327331,8591
2018-02-06 11:01:00,10.9500,10.9400,10.9450,10.9500,336680,9214
2018-02-06 11:02:00,10.9500,10.9200,10.9500,10.9225,340983,4037
2018-02-06 11:03:00,10.9600,10.9400,10.9400,10.9550,348743,7740
2018-02-06 11:04:00,10.9550,10.9550,10.9550,10.9550,348843,100
2018-02-06 11:05:00,10.9550,10.9400,10.9500,10.9400,351644,2509
2018-02-06 11:06:00,10.9450,10.9250,10.9350,10.9400,356331,4137
2018-02-06 11:07:00,10.9450,10.9200,10.9450,10.9300,357216,700
2018-02-06 11:08:00,10.9350,10.9300,10.9300,10.9350,358116,800
2018-02-06 11:09:00,10.9500,10.9400,10.9400,10.9400,358719,600
2018-02-06 11:10:00,10.9350,10.9025,10.9350,10.9025,361176,2264
2018-02-06 11:11:00,10.9232,10.9200,10.9232,10.9200,361726,550
2018-02-06 11:12:00,10.9500,10.9200,10.9200,10.9200,364126,2300
2018-02-06 11:13:00,10.9200,10.9200,10.9200,10.9200,364526,400
2018-02-06 11:14:00,10.9150,10.9150,10.9150,10.9150,364826,100
2018-02-06 11:15:00,10.9300,10.9200,10.9200,10.9200,366437,1400
2018-02-06 11:16:00,10.9200,10.9200,10.9200,10.9200,368937,2395
2018-02-06 11:17:00,10.9600,10.9300,10.9300,10.9600,369365,400
2018-02-06 11:18:00,10.9400,10.9400,10.9400,10.9400,369865,300
2018-02-06 11:19:00,10.9301,10.9200,10.9301,10.9200,370575,690
2018-02-06 11:20:00,10.9500,10.9125,10.9200,10.9500,372090,1500
2018-02-06 11:21:00,10.9550,10.9550,10.9550,10.9550,372190,100
2018-02-06 11:22:00,10.9500,10.9450,10.9500,10.9500,373693,1400
2018-02-06 11:23:00,10.9600,10.9500,10.9600,10.9500,375105,1300
2018-02-06 11:24:00,10.9600,10.9500,10.9600,10.9500,377105,1800
2018-02-06 11:25:00,10.9400,10.9400,10.9400,10.9400,377315,200
2018-02-06 11:26:00,10.9300,10.9000,10.9300,10.9200,379547,1900
2018-02-06 11:27:00,10.9200,10.9125,10.9200,10.9125,380060,500
2018-02-06 11:28:00,10.9300,10.9051,10.9300,10.9051,380923,810
2018-02-06 11:29:00,10.9300,10.9200,10.9200,10.9200,381533,600
2018-02-06 11:30:00,10.9100,10.9000,10.9100,10.9100,382738,1000
2018-02-06 11:31:00,10.9000,10.9000,10.9000,10.9000,383918,1100
2018-02-06 11:32:00,10.9100,10.9000,10.9000,10.9000,389432,5500
2018-02-06 11:33:00,10.9000,10.8954,10.9000,10.8954,391340,1900
2018-02-06 11:34:00,10.9000,10.8950,10.9000,10.8950,391968,600
2018-02-06 11:35:00,10.9000,10.8900,10.8950,10.8925,396875,4588
2018-02-06 11:36:00,10.9100,10.9100,10.9100,10.9100,397475,500
2018-02-06 11:38:00,10.9100,10.9100,10.9100,10.9100,417575,100
2018-02-06 11:39:00,10.9200,10.9150,10.9200,10.9200,418787,900
2018-02-06 11:40:00,10.9300,10.9200,10.9300,10.9200,421848,2786
2018-02-06 11:41:00,10.9200,10.9200,10.9200,10.9200,422553,595
2018-02-06 11:42:00,10.9200,10.9100,10.9100,10.9200,423093,500
2018-02-06 11:43:00,10.9100,10.9000,10.9100,10.9000,423443,300
2018-02-06 11:45:00,10.9100,10.9025,10.9100,10.9025,423843,400
2018-02-06 11:46:00,10.9100,10.9000,10.9100,10.9100,425491,1300
2018-02-06 11:47:00,10.9100,10.9000,10.9000,10.9100,425972,300
2018-02-06 11:48:00,10.9000,10.9000,10.9000,10.9000,426072,100
2018-02-06 11:49:00,10.9000,10.9000,10.9000,10.9000,426372,300
2018-02-06 11:50:00,10.9050,10.9000,10.9000,10.9050,481472,55100
2018-02-06 11:51:00,10.9100,10.9000,10.9000,10.9100,484223,2400
2018-02-06 11:52:00,10.9400,10.9200,10.9200,10.9400,485833,1500
2018-02-06 11:53:00,10.9600,10.9500,10.9500,10.9600,492812,6675
2018-02-06 11:54:00,10.9700,10.9600,10.9600,10.9700,496784,3800
2018-02-06 11:55:00,10.9700,10.9600,10.9600,10.9600,500069,3100
2018-02-06 11:56:00,10.9900,10.9600,10.9600,10.9868,509785,9210
2018-02-06 11:57:00,11.0000,10.9900,10.9900,11.0000,513205,3300
2018-02-06 11:58:00,10.9900,10.9848,10.9900,10.9900,515075,1843
2018-02-06 11:59:00,10.9900,10.9800,10.9900,10.9800,516882,1800
2018-02-06 12:00:00,10.9800,10.9700,10.9800,10.9750,520882,4000
2018-02-06 12:01:00,10.9900,10.9800,10.9800,10.9850,523147,2100
2018-02-06 12:02:00,10.9899,10.9525,10.9899,10.9525,529058,5800
2018-02-06 12:03:00,10.9500,10.9300,10.9500,10.9400,533352,3900
2018-02-06 12:04:00,10.9600,10.9300,10.9500,10.9500,541675,8016
2018-02-06 12:05:00,10.9500,10.9400,10.9500,10.9400,542139,400
2018-02-06 12:06:00,10.9600,10.9411,10.9411,10.9600,543595,1150
2018-02-06 12:07:00,10.9600,10.9500,10.9500,10.9600,544845,1200
2018-02-06 12:08:00,10.9600,10.9500,10.9600,10.9600,548050,3150
2018-02-06 12:09:00,10.9700,10.9600,10.9600,10.9700,551653,3500
2018-02-06 12:10:00,10.9700,10.9650,10.9700,10.9700,553698,1900
2018-02-06 12:11:00,10.9600,10.9300,10.9600,10.9300,556533,2700
2018-02-06 12:12:00,10.9300,10.9300,10.9300,10.9300,556933,400
2018-02-06 12:13:00,10.9300,10.9225,10.9300,10.9300,557533,600
2018-02-06 12:14:00,10.9500,10.9300,10.9300,10.9500,558350,600
2018-02-06 12:15:00,10.9600,10.9600,10.9600,10.9600,558933,400
2018-02-06 12:16:00,10.9600,10.9600,10.9600,10.9600,561743,2800
2018-02-06 12:17:00,10.9800,10.9700,10.9800,10.9700,563720,1699
2018-02-06 12:18:00,10.9600,10.9500,10.9600,10.9500,564330,600
2018-02-06 12:19:00,10.9500,10.9500,10.9500,10.9500,564740,400
2018-02-06 12:20:00,10.9400,10.9400,10.9400,10.9400,564850,100
2018-02-06 12:21:00,10.9400,10.9300,10.9300,10.9400,566475,1600
2018-02-06 12:22:00,10.9350,10.9150,10.9350,10.9150,567675,1200
2018-02-06 12:23:00,10.9200,10.9125,10.9200,10.9200,568495,800
2018-02-06 12:24:00,10.9200,10.9200,10.9200,10.9200,568705,200
2018-02-06 12:25:00,10.9300,10.9200,10.9200,10.9300,569730,1000
2018-02-06 12:27:00,10.9600,10.9300,10.9300,10.9600,571778,1400
2018-02-06 12:28:00,10.9700,10.9500,10.9500,10.9700,572788,900
2018-02-06 12:29:00,10.9600,10.9600,10.9600,10.9600,573413,500
2018-02-06 12:30:00,10.9900,10.9700,10.9700,10.9900,575703,2100
2018-02-06 12:31:00,10.9800,10.9700,10.9800,10.9700,578924,3080
2018-02-06 12:32:00,10.9700,10.9650,10.9700,10.9650,579374,300
2018-02-06 12:33:00,10.9700,10.9500,10.9700,10.9500,582853,3400
2018-02-06 12:34:00,10.9600,10.9500,10.9500,10.9600,583137,200
2018-02-06 12:36:00,10.9500,10.9300,10.9500,10.9400,584854,1600
2018-02-06 12:38:00,10.9400,10.9100,10.9300,10.9400,586666,1411
2018-02-06 12:39:00,10.9600,10.9400,10.9400,10.9600,587286,400
2018-02-06 12:40:00,10.9800,10.9650,10.9700,10.9650,590634,3175
2018-02-06 12:41:00,10.9750,10.9500,10.9700,10.9600,592864,2200
2018-02-06 12:42:00,10.9700,10.9600,10.9600,10.9700,594082,1200
2018-02-06 12:43:00,10.9700,10.9525,10.9700,10.9600,594812,700
2018-02-06 12:44:00,10.9600,10.9600,10.9600,10.9600,594912,100
2018-02-06 12:45:00,10.9600,10.9500,10.9600,10.9500,595578,600
2018-02-06 12:46:00,10.9500,10.9241,10.9500,10.9250,596723,1100
2018-02-06 12:47:00,10.9400,10.9300,10.9300,10.9400,598640,1600
2018-02-06 12:48:00,10.9500,10.9400,10.9500,10.9400,599240,400
2018-02-06 12:49:00,10.9400,10.9330,10.9400,10.9360,604371,5100
2018-02-06 12:50:00,10.9400,10.9400,10.9400,10.9400,604481,100
2018-02-06 12:51:00,10.9300,10.9300,10.9300,10.9300,604602,100
2018-02-06 12:52:00,10.9300,10.9200,10.9300,10.9300,607008,2400
2018-02-06 12:53:00,10.9300,10.9100,10.9300,10.9100,607808,800
2018-02-06 12:54:00,10.9200,10.9100,10.9100,10.9150,608508,700
2018-02-06 12:55:00,10.9250,10.9200,10.9200,10.9250,610837,2300
2018-02-06 12:56:00,10.9500,10.9200,10.9200,10.9500,612358,1300
2018-02-06 12:57:00,10.9400,10.9400,10.9400,10.9400,613358,1000
2018-02-06 12:58:00,10.9400,10.9310,10.9400,10.9310,614768,700
2018-02-06 12:59:00,10.9400,10.9300,10.9300,10.9400,615199,400
2018-02-06 13:00:00,10.9600,10.9400,10.9500,10.9600,616359,1100
2018-02-06 13:01:00,10.9300,10.9150,10.9300,10.9200,619319,2800
2018-02-06 13:02:00,10.9400,10.9300,10.9300,10.9400,620033,600
2018-02-06 13:03:00,10.9300,10.9100,10.9300,10.9200,621943,1900
2018-02-06 13:04:00,10.9100,10.9000,10.9100,10.9100,623450,1400
2018-02-06 13:05:00,10.9200,10.9100,10.9100,10.9200,623705,200
2018-02-06 13:06:00,10.9300,10.9000,10.9200,10.9300,624958,1100
2018-02-06 13:07:00,10.9200,10.9150,10.9200,10.9150,625591,600
2018-02-06 13:09:00,10.9100,10.9000,10.9100,10.9000,627789,1200
2018-02-06 13:10:00,10.9100,10.8900,10.9000,10.8900,628963,700
2018-02-06 13:11:00,10.9000,10.9000,10.9000,10.9000,629468,400
2018-02-06 13:12:00,10.9200,10.9100,10.9100,10.9100,630062,500
2018-02-06 13:13:00,10.9300,10.9200,10.9200,10.9300,630662,600
2018-02-06 13:14:00,10.9500,10.9400,10.9400,10.9500,631182,500
2018-02-06 13:15:00,10.9400,10.9400,10.9400,10.9400,632882,1600
2018-02-06 13:16:00,10.9400,10.9350,10.9400,10.9350,633082,200
2018-02-06 13:17:00,10.9400,10.9300,10.9300,10.9400,633482,400
2018-02-06 13:18:00,10.9300,10.9300,10.9300,10.9300,634192,100
2018-02-06 13:19:00,10.9500,10.9400,10.9400,10.9500,635031,800
2018-02-06 13:20:00,10.9600,10.9500,10.9500,10.9600,638480,2900
2018-02-06 13:21:00,10.9600,10.9500,10.9600,10.9500,642624,3700
2018-02-06 13:22:00,10.9400,10.9300,10.9300,10.9400,643398,600
2018-02-06 13:24:00,10.9400,10.9300,10.9300,10.9400,644935,1500
2018-02-06 13:25:00,10.9400,10.9300,10.9300,10.9400,645635,700
2018-02-06 13:26:00,10.9500,10.9300,10.9300,10.9500,648278,2400
2018-02-06 13:27:00,10.9600,10.9600,10.9600,10.9600,650028,1650
2018-02-06 13:28:00,10.9500,10.9400,10.9500,10.9400,651048,1000
2018-02-06 13:29:00,10.9400,10.9300,10.9400,10.9300,653651,2600
2018-02-06 13:30:00,10.9500,10.9300,10.9300,10.9500,655562,1300
2018-02-06 13:31:00,10.9500,10.9400,10.9500,10.9400,657662,1800
2018-02-06 13:32:00,10.9400,10.9400,10.9400,10.9400,657862,200
2018-02-06 13:33:00,10.9500,10.9400,10.9400,10.9500,658871,700
2018-02-06 13:34:00,10.9500,10.9200,10.9400,10.9200,660527,1500
2018-02-06 13:35:00,10.9100,10.8900,10.9000,10.9100,661642,1000
2018-02-06 13:36:00,10.9300,10.9200,10.9200,10.9300,662064,400
2018-02-06 13:37:00,10.9400,10.9400,10.9400,10.9400,662320,200
2018-02-06 13:38:00,10.9600,10.9400,10.9400,10.9600,665576,3000
2018-02-06 13:39:00,10.9500,10.9300,10.9500,10.9300,666476,900
2018-02-06 13:40:00,10.9500,10.9400,10.9400,10.9500,667493,300
2018-02-06 13:41:00,10.9500,10.9500,10.9500,10.9500,667593,100
2018-02-06 13:42:00,10.9400,10.9400,10.9400,10.9400,667763,100
2018-02-06 13:43:00,10.9400,10.9300,10.9400,10.9300,668063,300
2018-02-06 13:44:00,10.9400,10.9300,10.9300,10.9400,668506,400
2018-02-06 13:45:00,10.9400,10.9300,10.9400,10.9300,670006,1427
2018-02-06 13:46:00,10.9300,10.9200,10.9300,10.9200,670630,500
2018-02-06 13:47:00,10.9200,10.9125,10.9200,10.9200,671050,400
2018-02-06 13:48:00,10.9300,10.9300,10.9300,10.9300,671151,100
2018-02-06 13:49:00,10.9200,10.9000,10.9200,10.9000,673560,2300
2018-02-06 13:50:00,10.9200,10.9100,10.9100,10.9200,675148,900
2018-02-06 13:51:00,10.9250,10.9100,10.9250,10.9100,676660,1500
2018-02-06 13:52:00,10.9000,10.8900,10.9000,10.9000,678076,1400
2018-02-06 13:53:00,10.9100,10.9000,10.9000,10.9100,681276,3000
2018-02-06 13:54:00,10.9200,10.9100,10.9100,10.9200,682694,1400
2018-02-06 13:55:00,10.9400,10.9200,10.9300,10.9300,683599,800
2018-02-06 13:56:00,10.9300,10.9200,10.9200,10.9300,683899,300
2018-02-06 13:57:00,10.9225,10.9200,10.9225,10.9200,684099,200
2018-02-06 13:58:00,10.9200,10.9100,10.9200,10.9100,685804,1700
2018-02-06 13:59:00,10.9100,10.9000,10.9000,10.9100,688041,1924
2018-02-06 14:00:00,10.9100,10.9100,10.9100,10.9100,689141,500
2018-02-06 14:01:00,10.9000,10.8900,10.8900,10.9000,690565,1200
2018-02-06 14:02:00,10.9100,10.9000,10.9000,10.9100,692247,1498
2018-02-06 14:03:00,10.9400,10.9150,10.9150,10.9200,694725,2400
2018-02-06 14:04:00,10.9200,10.9100,10.9200,10.9100,695165,400
2018-02-06 14:05:00,10.9100,10.9025,10.9100,10.9025,696485,1200
2018-02-06 14:06:00,10.9100,10.9050,10.9100,10.9100,697687,1100
2018-02-06 14:07:00,10.9100,10.9100,10.9100,10.9100,698625,900
2018-02-06 14:08:00,10.9200,10.9100,10.9100,10.9200,699218,520
2018-02-06 14:09:00,10.9100,10.9100,10.9100,10.9100,699318,100
2018-02-06 14:10:00,10.9100,10.9100,10.9100,10.9100,700859,800
2018-02-06 14:11:00,10.9200,10.9100,10.9100,10.9200,703463,2006
2018-02-06 14:12:00,10.9400,10.9100,10.9159,10.9400,706557,3000
2018-02-06 14:13:00,10.9400,10.9400,10.9400,10.9400,706757,200
2018-02-06 14:14:00,10.9300,10.9300,10.9300,10.9300,707806,1000
2018-02-06 14:15:00,10.9400,10.9225,10.9300,10.9300,711648,3065
2018-02-06 14:16:00,10.9300,10.9200,10.9300,10.9200,712048,400
2018-02-06 14:17:00,10.9200,10.9200,10.9200,10.9200,712654,417
2018-02-06 14:18:00,10.9300,10.9300,10.9300,10.9300,712778,100
2018-02-06 14:19:00,10.9200,10.9100,10.9200,10.9100,718963,6018
2018-02-06 14:21:00,10.9200,10.9100,10.9100,10.9200,720475,1300
2018-02-06 14:22:00,10.9300,10.9300,10.9300,10.9300,720916,200
2018-02-06 14:24:00,10.9300,10.9200,10.9300,10.9200,721667,600
2018-02-06 14:25:00,10.9300,10.9225,10.9300,10.9225,723240,1400
2018-02-06 14:26:00,10.9300,10.9200,10.9200,10.9200,725340,1200
2018-02-06 14:27:00,10.9400,10.9200,10.9200,10.9400,727713,2300
2018-02-06 14:28:00,10.9400,10.9400,10.9400,10.9400,728386,500
2018-02-06 14:29:00,10.9500,10.9400,10.9400,10.9500,730584,1960
2018-02-06 14:30:00,10.9500,10.9500,10.9500,10.9500,730784,200
2018-02-06 14:31:00,10.9400,10.9301,10.9301,10.9400,731749,500
2018-02-06 14:32:00,10.9400,10.9325,10.9400,10.9325,732476,700
2018-02-06 14:33:00,10.9600,10.9500,10.9500,10.9600,747712,14600
2018-02-06 14:34:00,10.9600,10.9500,10.9600,10.9500,748734,400
2018-02-06 14:35:00,10.9600,10.9600,10.9600,10.9600,751004,2100
2018-02-06 14:36:00,10.9600,10.9500,10.9600,10.9500,762374,10728
2018-02-06 14:37:00,10.9600,10.9600,10.9600,10.9600,763543,926
2018-02-06 14:38:00,10.9600,10.9600,10.9600,10.9600,764266,700
2018-02-06 14:39:00,10.9550,10.9550,10.9550,10.9550,764496,100
2018-02-06 14:40:00,10.9650,10.9600,10.9600,10.9600,767494,2500
2018-02-06 14:41:00,10.9600,10.9600,10.9600,10.9600,768594,900
2018-02-06 14:42:00,10.9600,10.9600,10.9600,10.9600,770073,1200
2018-02-06 14:43:00,10.9600,10.9500,10.9500,10.9600,770594,521
2018-02-06 14:44:00,10.9600,10.9600,10.9600,10.9600,771599,500
2018-02-06 14:45:00,10.9600,10.9500,10.9600,10.9550,773746,1900
2018-02-06 14:46:00,10.9600,10.9400,10.9500,10.9400,781651,7798
2018-02-06 14:47:00,10.9566,10.9500,10.9500,10.9500,783354,1500
2018-02-06 14:48:00,10.9600,10.9600,10.9600,10.9600,783574,200
2018-02-06 14:49:00,10.9600,10.9300,10.9600,10.9400,788714,4500
2018-02-06 14:50:00,10.9300,10.9100,10.9300,10.9200,794634,5600
2018-02-06 14:51:00,10.9400,10.9300,10.9300,10.9400,795650,900
2018-02-06 14:52:00,10.9500,10.9400,10.9400,10.9500,797534,1300
2018-02-06 14:53:00,10.9400,10.9300,10.9400,10.9300,800256,2400
2018-02-06 14:54:00,10.9250,10.9100,10.9250,10.9200,806917,6362
2018-02-06 14:55:00,10.9400,10.9200,10.9200,10.9400,808617,1620
2018-02-06 14:56:00,10.9500,10.9425,10.9500,10.9425,809239,300
2018-02-06 14:57:00,10.9500,10.9400,10.9500,10.9400,810939,1700
2018-02-06 14:58:00,10.9400,10.9400,10.9400,10.9400,811149,200
2018-02-06 14:59:00,10.9500,10.9500,10.9500,10.9500,811449,200
2018-02-06 15:00:00,10.9600,10.9000,10.9600,10.9300,1045175,232783
2018-02-06 15:01:00,10.9750,10.9400,10.9400,10.9650,1056901,10750
2018-02-06 15:02:00,10.9800,10.9650,10.9650,10.9750,1065901,8642
2018-02-06 15:03:00,10.9900,10.9700,10.9750,10.9800,1076570,10457
2018-02-06 15:04:00,10.9900,10.9800,10.9800,10.9900,1087320,10700
2018-02-06 15:05:00,10.9900,10.9900,10.9900,10.9900,1092273,4800
2018-02-06 15:06:00,11.0000,10.9900,10.9900,10.9900,1102502,10000
2018-02-06 15:07:00,10.9900,10.9750,10.9900,10.9900,1110131,7380
2018-02-06 15:08:00,11.0000,10.9900,10.9900,10.9900,1118584,8292
2018-02-06 15:09:00,10.9900,10.9800,10.9900,10.9800,1120884,1700
2018-02-06 15:10:00,10.9900,10.9725,10.9900,10.9800,1123641,2600
2018-02-06 15:11:00,10.9900,10.9700,10.9800,10.9800,1128108,4251
2018-02-06 15:12:00,10.9700,10.9700,10.9700,10.9700,1128208,100
2018-02-06 15:13:00,10.9700,10.9500,10.9700,10.9600,1136533,7700
2018-02-06 15:14:00,10.9600,10.9500,10.9600,10.9500,1141050,4400
2018-02-06 15:15:00,10.9400,10.9400,10.9400,10.9400,1141150,100
2018-02-06 15:16:00,10.9800,10.9500,10.9500,10.9700,1144431,3083
2018-02-06 15:17:00,10.9750,10.9750,10.9750,10.9750,1145031,600
2018-02-06 15:18:00,10.9750,10.9600,10.9750,10.9650,1151336,6100
2018-02-06 15:19:00,10.9600,10.9500,10.9600,10.9500,1156346,4100
2018-02-06 15:20:00,10.9400,10.9100,10.9400,10.9300,1162408,5900
2018-02-06 15:21:00,10.9400,10.9300,10.9300,10.9400,1163093,600
2018-02-06 15:22:00,10.9750,10.9425,10.9500,10.9700,1171135,7528
2018-02-06 15:23:00,10.9600,10.9400,10.9600,10.9400,1172765,1600
2018-02-06 15:24:00,10.9500,10.9300,10.9450,10.9300,1174930,2000
2018-02-06 15:25:00,10.9400,10.9300,10.9300,10.9300,1175707,500
2018-02-06 15:26:00,10.9600,10.9400,10.9400,10.9600,1176307,600
2018-02-06 15:27:00,10.9750,10.9500,10.9500,10.9600,1181697,3834
2018-02-06 15:28:00,10.9750,10.9600,10.9600,10.9700,1183692,1900
2018-02-06 15:29:00,10.9800,10.9750,10.9750,10.9800,1184912,1200
2018-02-06 15:30:00,10.9800,10.9600,10.9750,10.9700,1194907,9700
2018-02-06 15:31:00,10.9800,10.9700,10.9700,10.9800,1198307,3300
2018-02-06 15:32:00,10.9700,10.9425,10.9700,10.9700,1211425,12572
2018-02-06 15:33:00,10.9800,10.9700,10.9800,10.9800,1215253,3600
2018-02-06 15:34:00,10.9900,10.9800,10.9800,10.9900,1226854,10939
2018-02-06 15:35:00,10.9900,10.9800,10.9900,10.9800,1231754,4700
2018-02-06 15:36:00,10.9900,10.9725,10.9850,10.9900,1234966,3100
2018-02-06 15:37:00,10.9900,10.9850,10.9900,10.9850,1239267,3000
2018-02-06 15:38:00,11.0000,10.9800,10.9850,10.9900,1246953,7189
2018-02-06 15:39:00,11.0000,10.9950,11.0000,11.0000,1251088,3800
2018-02-06 15:40:00,11.0100,10.9925,10.9950,11.0100,1252888,1775
2018-02-06 15:41:00,11.0100,11.0050,11.0100,11.0100,1254988,1900
2018-02-06 15:42:00,11.0100,10.9900,11.0100,11.0100,1265066,9398
2018-02-06 15:43:00,11.0100,10.9925,11.0000,11.0100,1268180,2900
2018-02-06 15:44:00,11.0100,11.0000,11.0050,11.0000,1277105,7519
2018-02-06 15:45:00,11.0100,10.9900,11.0000,11.0000,1283443,5873
2018-02-06 15:46:00,11.0100,11.0000,11.0050,11.0000,1289488,5499
2018-02-06 15:47:00,11.0100,11.0000,11.0100,11.0100,1290506,966
2018-02-06 15:48:00,11.0100,11.0000,11.0100,11.0100,1293227,2612
2018-02-06 15:49:00,11.0000,10.9800,11.0000,10.9900,1312057,17447
2018-02-06 15:50:00,11.0000,10.9725,11.0000,10.9850,1329145,15772
2018-02-06 15:51:00,10.9900,10.9700,10.9800,10.9900,1339773,10237
2018-02-06 15:52:00,10.9950,10.9700,10.9900,10.9700,1350765,10605
2018-02-06 15:53:00,11.0000,10.9725,10.9800,11.0000,1356995,6010
2018-02-06 15:54:00,11.0100,10.9910,11.0000,11.0100,1377199,18936
2018-02-06 15:55:00,11.0100,11.0025,11.0100,11.0050,1379799,2525
2018-02-06 15:56:00,11.0200,11.0000,11.0000,11.0200,1393723,13173
2018-02-06 15:57:00,11.0200,11.0125,11.0200,11.0150,1400376,6147
2018-02-06 15:58:00,11.0250,11.0125,11.0200,11.0200,1414268,13068
2018-02-06 15:59:00,11.0300,11.0100,11.0150,11.0200,1430684,14952
2018-02-06 16:00:00,11.0300,11.0000,11.0200,11.0200,1453561,21070
2018-02-07 09:31:00,10.9400,10.9400,10.9400,10.9400,10844,10644
2018-02-07 09:33:00,11.0800,11.0500,11.0800,11.0500,11287,431
2018-02-07 09:34:00,11.0500,11.0000,11.0200,11.0331,13643,2166
2018-02-07 09:35:00,11.0310,11.0101,11.0310,11.0200,22694,8924
2018-02-07 09:36:00,11.0600,11.0200,11.0200,11.0600,23958,1200
2018-02-07 09:37:00,11.0900,11.0600,11.0600,11.0900,25261,1300
2018-02-07 09:38:00,11.0800,11.0600,11.0800,11.0700,27771,2400
2018-02-07 09:39:00,11.0900,11.0600,11.0700,11.0900,28697,900
2018-02-07 09:40:00,11.0800,11.0667,11.0800,11.0667,29167,467
2018-02-07 09:42:00,11.0900,11.0500,11.0700,11.0500,32411,3144
2018-02-07 09:43:00,11.0700,11.0400,11.0600,11.0400,33368,900
2018-02-07 09:44:00,11.0600,11.0100,11.0300,11.0600,35574,2200