2018-02-05 09:31:00,8.4700,8.3878,8.4700,8.3878,4514,4325
2018-02-05 09:33:00,8.4100,8.3300,8.4100,8.3300,7289,2700
2018-02-05 09:34:00,8.3300,8.3100,8.3300,8.3100,7839,400
2018-02-05 09:35:00,8.3450,8.3310,8.3310,8.3450,8139,300
2018-02-05 09:36:00,8.3500,8.3100,8.3201,8.3450,10669,2350
2018-02-05 09:37:00,8.4000,8.3500,8.3800,8.3800,18969,8076
2018-02-05 09:38:00,8.4400,8.3600,8.3800,8.4000,26469,7400
2018-02-05 09:39:00,8.3800,8.3800,8.3800,8.3800,26569,100
2018-02-05 09:40:00,8.3900,8.3800,8.3800,8.3800,27819,988
2018-02-05 09:43:00,8.3652,8.3500,8.3652,8.3600,29119,1300
2018-02-05 09:44:00,8.3800,8.3800,8.3800,8.3800,29219,100
2018-02-05 09:46:00,8.3800,8.3700,8.3700,8.3800,30441,1100
2018-02-05 09:48:00,8.4000,8.4000,8.4000,8.4000,30741,300
2018-02-05 09:49:00,8.4000,8.3800,8.4000,8.3900,31641,700
2018-02-05 09:56:00,8.4000,8.3800,8.3800,8.4000,34364,2448
2018-02-05 09:57:00,8.4000,8.3800,8.4000,8.3800,39748,5085
2018-02-05 09:58:00,8.4000,8.3900,8.3900,8.4000,40712,964
2018-02-05 09:59:00,8.4000,8.4000,8.4000,8.4000,40950,200
2018-02-05 10:01:00,8.4000,8.3800,8.4000,8.3800,41850,900
2018-02-05 10:02:00,8.3900,8.3900,8.3900,8.3900,42050,200
2018-02-05 10:04:00,8.3900,8.3700,8.3900,8.3800,43503,1300
2018-02-05 10:05:00,8.3807,8.3700,8.3800,8.3807,45403,1900
2018-02-05 10:06:00,8.3900,8.3900,8.3900,8.3900,45503,100
2018-02-05 10:07:00,8.3700,8.2900,8.3700,8.2900,52486,6470
2018-02-05 10:08:00,8.3000,8.2710,8.2710,8.3000,55346,2748
2018-02-05 10:09:00,8.3300,8.3100,8.3100,8.3200,56529,800
2018-02-05 10:11:00,8.3300,8.3300,8.3300,8.3300,57153,624
2018-02-05 10:12:00,8.3300,8.3300,8.3300,8.3300,57764,600
2018-02-05 10:13:00,8.3400,8.3300,8.3300,8.3400,57964,200
2018-02-05 10:14:00,8.3400,8.3400,8.3400,8.3400,58264,300
2018-02-05 10:15:00,8.3600,8.3500,8.3500,8.3600,59937,1400
2018-02-05 10:16:00,8.3600,8.3550,8.3550,8.3600,60207,200
2018-02-05 10:20:00,8.3800,8.3800,8.3800,8.3800,62812,2500
2018-02-05 10:22:00,8.4000,8.3800,8.3900,8.3800,65407,2455
2018-02-05 10:23:00,8.3900,8.3900,8.3900,8.3900,65507,100
2018-02-05 10:24:00,8.4100,8.3800,8.3800,8.3800,80696,15028
2018-02-05 10:25:00,8.4000,8.3900,8.3900,8.3900,83930,3224
2018-02-05 10:26:00,8.4000,8.3900,8.4000,8.3900,85130,1200
2018-02-05 10:28:00,8.4000,8.4000,8.4000,8.4000,85430,300
2018-02-05 10:29:00,8.4000,8.3900,8.4000,8.4000,86941,1499
2018-02-05 10:30:00,8.4000,8.3700,8.4000,8.3700,94213,6672
2018-02-05 10:32:00,8.3800,8.3600,8.3800,8.3600,96714,2385
2018-02-05 10:34:00,8.3693,8.3500,8.3693,8.3500,97065,300
2018-02-05 10:35:00,8.3700,8.3700,8.3700,8.3700,98832,1294
2018-02-05 10:37:00,8.3900,8.3500,8.3800,8.3700,101454,2540
2018-02-05 10:38:00,8.3600,8.3600,8.3600,8.3600,101554,100
2018-02-05 10:40:00,8.3500,8.3100,8.3500,8.3100,103354,1800
2018-02-05 10:41:00,8.3200,8.3200,8.3200,8.3200,105016,1662
2018-02-05 10:42:00,8.3300,8.3300,8.3300,8.3300,105916,900
2018-02-05 10:45:00,8.3400,8.3400,8.3400,8.3400,106676,500
2018-02-05 10:47:00,8.3600,8.3600,8.3600,8.3600,106776,100
2018-02-05 10:49:00,8.3700,8.3400,8.3599,8.3700,112516,5550
2018-02-05 10:50:00,8.3700,8.3625,8.3700,8.3700,113916,1300
2018-02-05 10:51:00,8.3700,8.3400,8.3700,8.3500,118516,4368
2018-02-05 10:52:00,8.3200,8.3200,8.3200,8.3200,118616,100
2018-02-05 10:57:00,8.3600,8.2700,8.3400,8.3000,130658,11957
2018-02-05 10:58:00,8.3400,8.3100,8.3100,8.3400,133989,2875
2018-02-05 10:59:00,8.3700,8.3400,8.3400,8.3700,135194,1200
2018-02-05 11:00:00,8.3400,8.3100,8.3400,8.3100,136794,1600
2018-02-05 11:01:00,8.3200,8.3200,8.3200,8.3200,139130,2200
2018-02-05 11:02:00,8.3200,8.3200,8.3200,8.3200,139741,611
2018-02-05 11:03:00,8.3100,8.3000,8.3000,8.3100,139944,200
2018-02-05 11:04:00,8.3100,8.3100,8.3100,8.3100,140278,200
2018-02-05 11:05:00,8.3100,8.3000,8.3100,8.3050,143367,2850
2018-02-05 11:07:00,8.3200,8.3100,8.3100,8.3200,144949,1307
2018-02-05 11:12:00,8.3500,8.3500,8.3500,8.3500,145049,100
2018-02-05 11:13:00,8.3500,8.2700,8.3500,8.3000,156648,11520
2018-02-05 11:16:00,8.2999,8.2999,8.2999,8.2999,156848,200
2018-02-05 11:17:00,8.2801,8.2801,8.2801,8.2801,157056,202
2018-02-05 11:18:00,8.3100,8.3000,8.3000,8.3100,157961,800
2018-02-05 11:19:00,8.2900,8.2900,8.2900,8.2900,161396,2545
2018-02-05 11:20:00,8.2900,8.2900,8.2900,8.2900,161582,100
2018-02-05 11:21:00,8.2800,8.2800,8.2800,8.2800,162482,900
2018-02-05 11:22:00,8.2700,8.2600,8.2700,8.2600,164332,1800
2018-02-05 11:23:00,8.2603,8.2600,8.2600,8.2603,166820,2308
2018-02-05 11:26:00,8.2900,8.2800,8.2800,8.2800,170820,3988
2018-02-05 11:27:00,8.2811,8.2700,8.2811,8.2700,173220,2400
2018-02-05 11:28:00,8.2800,8.2750,8.2800,8.2800,176967,3700
2018-02-05 11:30:00,8.2700,8.2600,8.2700,8.2700,178869,1900
2018-02-05 11:33:00,8.2700,8.2700,8.2700,8.2700,179409,400
2018-02-05 11:35:00,8.2700,8.2700,8.2700,8.2700,179509,100
2018-02-05 11:36:00,8.2700,8.2700,8.2700,8.2700,179609,100
2018-02-05 11:37:00,8.2700,8.2700,8.2700,8.2700,179709,100
2018-02-05 11:39:00,8.2700,8.2700,8.2700,8.2700,179909,200
2018-02-05 11:40:00,8.2700,8.2600,8.2700,8.2600,180309,200
2018-02-05 11:41:00,8.2700,8.2500,8.2700,8.2700,182154,1500
2018-02-05 11:42:00,8.3100,8.3000,8.3000,8.3100,182603,300
2018-02-05 11:43:00,8.3100,8.3100,8.3100,8.3100,182903,300
2018-02-05 11:44:00,8.3100,8.3100,8.3100,8.3100,183203,300
2018-02-05 11:45:00,8.3100,8.3100,8.3100,8.3100,183503,300
2018-02-05 11:46:00,8.3100,8.3100,8.3100,8.3100,183803,300
2018-02-05 11:47:00,8.3000,8.2800,8.3000,8.2800,185741,1900
2018-02-05 11:48:00,8.2900,8.2800,8.2800,8.2900,186309,560
2018-02-05 11:51:00,8.2900,8.2900,8.2900,8.2900,187380,961
2018-02-05 11:52:00,8.3000,8.3000,8.3000,8.3000,187680,300
2018-02-05 11:53:00,8.3000,8.3000,8.3000,8.3000,187980,100
2018-02-05 11:54:00,8.3000,8.3000,8.3000,8.3000,188580,500
2018-02-05 11:55:00,8.3000,8.3000,8.3000,8.3000,188780,200
2018-02-05 11:56:00,8.3000,8.2900,8.3000,8.3000,189180,400
2018-02-05 11:57:00,8.3200,8.3000,8.3000,8.3200,189780,500
2018-02-05 11:58:00,8.3200,8.3200,8.3200,8.3200,190080,300
2018-02-05 11:59:00,8.3200,8.3094,8.3200,8.3094,190580,400
2018-02-05 12:00:00,8.3400,8.3100,8.3200,8.3400,191480,900
2018-02-05 12:01:00,8.3400,8.3400,8.3400,8.3400,191780,300
2018-02-05 12:02:00,8.3400,8.3300,8.3400,8.3400,192281,500
2018-02-05 12:03:00,8.3400,8.3400,8.3400,8.3400,192638,300
2018-02-05 12:04:00,8.3400,8.3400,8.3400,8.3400,193038,400
2018-02-05 12:05:00,8.3400,8.3200,8.3400,8.3200,194438,1300
2018-02-05 12:06:00,8.3200,8.3200,8.3200,8.3200,194543,100
2018-02-05 12:07:00,8.3400,8.3000,8.3300,8.3000,205291,10081
2018-02-05 12:08:00,8.3100,8.3100,8.3100,8.3100,205391,100
2018-02-05 12:09:00,8.3200,8.3100,8.3100,8.3200,210852,5274
2018-02-05 12:12:00,8.3500,8.3500,8.3500,8.3500,211082,100
2018-02-05 12:16:00,8.3400,8.3300,8.3400,8.3300,212552,1034
2018-02-05 12:17:00,8.3500,8.3500,8.3500,8.3500,212652,100
2018-02-05 12:18:00,8.3350,8.3300,8.3300,8.3300,213850,1100
2018-02-05 12:19:00,8.3500,8.3400,8.3400,8.3500,216845,2707
2018-02-05 12:20:00,8.3500,8.3500,8.3500,8.3500,217145,300
2018-02-05 12:21:00,8.3600,8.3500,8.3500,8.3600,217795,600
2018-02-05 12:22:00,8.3700,8.3600,8.3600,8.3700,218495,700
2018-02-05 12:23:00,8.3800,8.3600,8.3800,8.3600,218895,400
2018-02-05 12:24:00,8.3700,8.3700,8.3700,8.3700,219195,300
2018-02-05 12:25:00,8.3700,8.3700,8.3700,8.3700,219495,300
2018-02-05 12:26:00,8.3800,8.3700,8.3700,8.3800,220120,500
2018-02-05 12:27:00,8.3900,8.3700,8.3800,8.3900,221568,1400
2018-02-05 12:28:00,8.3900,8.3800,8.3900,8.3900,222068,500
2018-02-05 12:29:00,8.3900,8.3100,8.3900,8.3600,232668,10400
2018-02-05 12:32:00,8.3600,8.3410,8.3600,8.3423,233968,1300
2018-02-05 12:33:00,8.3470,8.3400,8.3470,8.3400,238969,4900
2018-02-05 12:34:00,8.3800,8.3600,8.3600,8.3800,241000,1837
2018-02-05 12:36:00,8.3800,8.3600,8.3700,8.3800,243000,1500
2018-02-05 12:40:00,8.3700,8.3700,8.3700,8.3700,244112,1100
2018-02-05 12:44:00,8.3700,8.3000,8.3700,8.3000,258338,13800
2018-02-05 12:45:00,8.3100,8.3100,8.3100,8.3100,259345,800
2018-02-05 12:46:00,8.3300,8.3200,8.3200,8.3300,259738,300
2018-02-05 12:47:00,8.3300,8.3300,8.3300,8.3300,259918,100
2018-02-05 12:50:00,8.3400,8.3400,8.3400,8.3400,261027,1009
2018-02-05 12:53:00,8.3400,8.3400,8.3400,8.3400,261334,300
2018-02-05 12:54:00,8.3400,8.2700,8.3300,8.2700,274226,12487
2018-02-05 12:56:00,8.3200,8.2950,8.3000,8.3200,280116,5051
2018-02-05 12:59:00,8.3300,8.3300,8.3300,8.3300,280316,200
2018-02-05 13:03:00,8.3200,8.2700,8.3200,8.2900,294001,12900
2018-02-05 13:07:00,8.2900,8.2900,8.2900,8.2900,294800,600
2018-02-05 13:12:00,8.2900,8.2800,8.2800,8.2800,295566,700
2018-02-05 13:13:00,8.3000,8.3000,8.3000,8.3000,295766,200
2018-02-05 13:14:00,8.3000,8.2800,8.3000,8.2800,296166,400
2018-02-05 13:15:00,8.2900,8.2900,8.2900,8.2900,296466,300
2018-02-05 13:16:00,8.2900,8.2900,8.2900,8.2900,296666,200
2018-02-05 13:17:00,8.2900,8.2800,8.2900,8.2800,300267,3300
2018-02-05 13:20:00,8.2900,8.2700,8.2900,8.2700,301067,800
2018-02-05 13:21:00,8.2800,8.2700,8.2700,8.2800,301567,500
2018-02-05 13:22:00,8.2700,8.2600,8.2700,8.2600,303854,2200
2018-02-05 13:24:00,8.2900,8.2700,8.2700,8.2700,306940,2728
2018-02-05 13:25:00,8.2800,8.2800,8.2800,8.2800,307040,100
2018-02-05 13:27:00,8.2700,8.2700,8.2700,8.2700,307140,100
2018-02-05 13:28:00,8.2800,8.2800,8.2800,8.2800,307240,100
2018-02-05 13:29:00,8.2700,8.2500,8.2600,8.2600,309442,2100
2018-02-05 13:30:00,8.2700,8.2600,8.2600,8.2700,309742,300
2018-02-05 13:32:00,8.2900,8.2900,8.2900,8.2900,310042,300
2018-02-05 13:33:00,8.2900,8.2900,8.2900,8.2900,310342,300
2018-02-05 13:34:00,8.3000,8.3000,8.3000,8.3000,310442,100
2018-02-05 13:35:00,8.3000,8.3000,8.3000,8.3000,310542,100
2018-02-05 13:36:00,8.3000,8.3000,8.3000,8.3000,310842,300
2018-02-05 13:37:00,8.3000,8.3000,8.3000,8.3000,311042,200
2018-02-05 13:38:00,8.3000,8.3000,8.3000,8.3000,311652,400
2018-02-05 13:39:00,8.3300,8.3000,8.3000,8.3300,312793,900
2018-02-05 13:40:00,8.3300,8.2900,8.3300,8.3200,314093,1201
2018-02-05 13:41:00,8.3300,8.3200,8.3200,8.3300,314293,200
2018-02-05 13:42:00,8.3500,8.3500,8.3500,8.3500,314593,300
2018-02-05 13:43:00,8.3500,8.3500,8.3500,8.3500,314793,200
2018-02-05 13:44:00,8.3300,8.3200,8.3200,8.3200,317493,2600
2018-02-05 13:47:00,8.3300,8.3300,8.3300,8.3300,318277,600
2018-02-05 13:48:00,8.3400,8.3400,8.3400,8.3400,318577,200
2018-02-05 13:50:00,8.3300,8.3300,8.3300,8.3300,318677,100
2018-02-05 13:51:00,8.3400,8.3400,8.3400,8.3400,318777,100
2018-02-05 13:52:00,8.3600,8.3400,8.3400,8.3600,320457,1523
2018-02-05 13:53:00,8.3800,8.3650,8.3650,8.3800,320809,300
2018-02-05 13:54:00,8.3800,8.3800,8.3800,8.3800,321109,300
2018-02-05 13:55:00,8.3800,8.3800,8.3800,8.3800,321309,200
2018-02-05 13:56:00,8.3800,8.3700,8.3800,8.3800,321709,400
2018-02-05 13:57:00,8.3800,8.3800,8.3800,8.3800,322009,300
2018-02-05 13:58:00,8.3900,8.3700,8.3800,8.3900,323351,1100
2018-02-05 13:59:00,8.3900,8.3900,8.3900,8.3900,323651,300
2018-02-05 14:00:00,8.3900,8.3800,8.3800,8.3800,324051,400
2018-02-05 14:01:00,8.3900,8.3800,8.3900,8.3900,325177,1100
2018-02-05 14:02:00,8.3900,8.3850,8.3900,8.3900,325577,400
2018-02-05 14:03:00,8.3800,8.3600,8.3800,8.3600,331277,5497
2018-02-05 14:04:00,8.3700,8.3700,8.3700,8.3700,331577,200
2018-02-05 14:06:00,8.3800,8.3600,8.3600,8.3800,333227,1580
2018-02-05 14:07:00,8.3800,8.3800,8.3800,8.3800,333427,200
2018-02-05 14:11:00,8.3800,8.3800,8.3800,8.3800,333527,100
2018-02-05 14:12:00,8.3900,8.3800,8.3900,8.3800,335727,2200
2018-02-05 14:13:00,8.4000,8.3850,8.3900,8.4000,345511,9537
2018-02-05 14:14:00,8.4000,8.3900,8.4000,8.4000,346635,1000
2018-02-05 14:15:00,8.4000,8.4000,8.4000,8.4000,346835,200
2018-02-05 14:16:00,8.4000,8.3600,8.4000,8.3600,352464,5300
2018-02-05 14:24:00,8.3700,8.3700,8.3700,8.3700,352566,100
2018-02-05 14:25:00,8.3600,8.3000,8.3500,8.3100,359567,6590
2018-02-05 14:26:00,8.3200,8.3100,8.3100,8.3200,361929,2280
2018-02-05 14:27:00,8.3400,8.3300,8.3300,8.3400,362442,500
2018-02-05 14:28:00,8.3300,8.3300,8.3300,8.3300,362696,100
2018-02-05 14:29:00,8.3400,8.3400,8.3400,8.3400,363116,400
2018-02-05 14:30:00,8.3500,8.3400,8.3400,8.3400,367360,3700
2018-02-05 14:34:00,8.3293,8.3293,8.3293,8.3293,367510,150
2018-02-05 14:35:00,8.3200,8.3200,8.3200,8.3200,367810,300
2018-02-05 14:36:00,8.3150,8.3100,8.3100,8.3150,368976,1043
2018-02-05 14:39:00,8.3300,8.3200,8.3300,8.3200,369386,400
2018-02-05 14:40:00,8.3250,8.3100,8.3200,8.3200,373011,3098
2018-02-05 14:41:00,8.3300,8.3200,8.3200,8.3300,374515,1364
2018-02-05 14:43:00,8.3500,8.3400,8.3500,8.3400,375015,500
2018-02-05 14:45:00,8.3300,8.3000,8.3300,8.3000,378019,2900
2018-02-05 14:48:00,8.3400,8.3200,8.3200,8.3400,378540,400
2018-02-05 14:49:00,8.3200,8.2905,8.3200,8.2905,382231,3292
2018-02-05 14:51:00,8.3100,8.2900,8.3100,8.3000,382850,600
2018-02-05 14:52:00,8.2900,8.2900,8.2900,8.2900,384096,1144
2018-02-05 14:54:00,8.3000,8.2850,8.2900,8.3000,384479,300
2018-02-05 14:55:00,8.2900,8.2700,8.2900,8.2700,386896,2117
2018-02-05 14:56:00,8.2800,8.2700,8.2700,8.2700,387644,700
2018-02-05 14:57:00,8.2700,8.2700,8.2700,8.2700,387744,100
2018-02-05 14:58:00,8.2700,8.2600,8.2700,8.2600,388344,600
2018-02-05 14:59:00,8.2800,8.2700,8.2700,8.2800,388549,200
2018-02-05 15:01:00,8.2600,8.2600,8.2600,8.2600,390211,1262
2018-02-05 15:03:00,8.2800,8.2700,8.2700,8.2800,390633,400
2018-02-05 15:04:00,8.2900,8.2700,8.2900,8.2800,395176,4200
2018-02-05 15:05:00,8.2800,8.2700,8.2800,8.2700,397476,2300
2018-02-05 15:06:00,8.2800,8.2400,8.2600,8.2800,412986,15049
2018-02-05 15:07:00,8.2600,8.2600,8.2600,8.2600,413286,300
2018-02-05 15:08:00,8.2500,8.2300,8.2500,8.2400,417489,3554
2018-02-05 15:09:00,8.2400,8.2400,8.2400,8.2400,417946,400
2018-02-05 15:10:00,8.2600,8.2300,8.2600,8.2400,420292,2020
2018-02-05 15:11:00,8.2300,8.2300,8.2300,8.2300,430953,10410
2018-02-05 15:12:00,8.2200,8.2100,8.2200,8.2100,432184,1097
2018-02-05 15:13:00,8.2800,8.2300,8.2300,8.2600,434847,2348
2018-02-05 15:14:00,8.2700,8.2700,8.2700,8.2700,435452,500
2018-02-05 15:15:00,8.2800,8.2800,8.2800,8.2800,435752,300
2018-02-05 15:16:00,8.2900,8.2800,8.2800,8.2900,436138,300
2018-02-05 15:17:00,8.2800,8.2800,8.2800,8.2800,438251,2008
2018-02-05 15:18:00,8.2800,8.2800,8.2800,8.2800,439581,1033
2018-02-05 15:20:00,8.2800,8.2700,8.2700,8.2800,440181,600
2018-02-05 15:24:00,8.3000,8.2800,8.2800,8.3000,441482,991
2018-02-05 15:25:00,8.3200,8.3000,8.3000,8.3200,442282,800
2018-02-05 15:26:00,8.3400,8.3000,8.3300,8.3000,446400,4100
2018-02-05 15:29:00,8.3000,8.3000,8.3000,8.3000,447699,1287
2018-02-05 15:31:00,8.3100,8.3000,8.3000,8.3000,448599,600
2018-02-05 15:32:00,8.2900,8.2900,8.2900,8.2900,449099,470
2018-02-05 15:33:00,8.3100,8.2900,8.2900,8.2900,451793,2435
2018-02-05 15:34:00,8.3000,8.2900,8.3000,8.2950,452098,300
2018-02-05 15:35:00,8.3000,8.2900,8.3000,8.2900,453754,1444
2018-02-05 15:36:00,8.3000,8.2900,8.2900,8.2900,455087,1116
2018-02-05 15:37:00,8.3000,8.2900,8.3000,8.3000,456535,1089
2018-02-05 15:38:00,8.3000,8.2900,8.3000,8.3000,461708,4499
2018-02-05 15:39:00,8.3000,8.3000,8.3000,8.3000,463176,1254
2018-02-05 15:40:00,8.2800,8.2800,8.2800,8.2800,463976,700
2018-02-05 15:41:00,8.2700,8.2700,8.2700,8.2700,464984,1000
2018-02-05 15:42:00,8.2900,8.2700,8.2700,8.2775,466741,1573
2018-02-05 15:43:00,8.2900,8.2900,8.2900,8.2900,466841,100
2018-02-05 15:45:00,8.3000,8.2800,8.3000,8.2900,474733,7343
2018-02-05 15:46:00,8.2800,8.2800,8.2800,8.2800,475333,600
2018-02-05 15:47:00,8.2700,8.2700,8.2700,8.2700,475833,400
2018-02-05 15:48:00,8.2700,8.2500,8.2700,8.2500,479559,3700
2018-02-05 15:49:00,8.2600,8.2500,8.2500,8.2550,481386,1827
2018-02-05 15:50:00,8.2550,8.2400,8.2550,8.2400,489148,7408
2018-02-05 15:51:00,8.2900,8.2400,8.2500,8.2800,499513,9952
2018-02-05 15:52:00,8.2800,8.2800,8.2800,8.2800,499613,100
2018-02-05 15:53:00,8.2800,8.2650,8.2700,8.2650,503013,3017
2018-02-05 15:54:00,8.2800,8.2650,8.2700,8.2800,506898,3725
2018-02-05 15:55:00,8.2800,8.2750,8.2800,8.2750,507698,700
2018-02-05 15:56:00,8.2800,8.2700,8.2800,8.2750,527030,18314
2018-02-05 15:57:00,8.2900,8.2700,8.2700,8.2900,529995,2600
2018-02-05 15:58:00,8.3000,8.2800,8.2850,8.3000,532813,2803
2018-02-05 15:59:00,8.2900,8.2700,8.2900,8.2700,537871,4567
2018-02-05 16:00:00,8.2900,8.2500,8.2700,8.2900,553003,13545
2018-02-06 09:31:00,8.1000,8.0100,8.1000,8.0500,22578,15203
2018-02-06 09:32:00,8.0800,8.0500,8.0600,8.0700,23331,700
2018-02-06 09:33:00,8.0601,8.0601,8.0601,8.0601,25371,2000
2018-02-06 09:34:00,8.0800,8.0700,8.0800,8.0700,26689,1300
2018-02-06 09:35:00,8.0600,8.0500,8.0600,8.0500,35322,8514
2018-02-06 09:36:00,8.1000,8.0460,8.0460,8.1000,41362,6000
2018-02-06 09:37:00,8.0800,8.0700,8.0800,8.0700,41572,200
2018-02-06 09:38:00,8.0800,8.0700,8.0800,8.0700,43270,1644
2018-02-06 09:41:00,8.1900,8.0100,8.1900,8.0700,56552,12982
2018-02-06 09:45:00,8.1000,8.0800,8.1000,8.1000,57033,300
2018-02-06 09:46:00,8.1100,8.0800,8.1100,8.0900,57514,481
2018-02-06 09:48:00,8.1100,8.1100,8.1100,8.1100,58425,700
2018-02-06 09:49:00,8.1500,8.1000,8.1200,8.1400,73513,15088
2018-02-06 09:50:00,8.1100,8.1000,8.1100,8.1000,74114,600
2018-02-06 09:53:00,8.1300,8.1000,8.1300,8.1000,76804,2595
2018-02-06 09:54:00,8.1400,8.1400,8.1400,8.1400,77114,300
2018-02-06 09:55:00,8.2000,8.1000,8.1400,8.1000,84269,6930
2018-02-06 09:57:00,8.1200,8.1000,8.1100,8.1200,87379,3100
2018-02-06 09:58:00,8.1690,8.1200,8.1690,8.1200,88379,1000
2018-02-06 10:00:00,8.1500,8.0800,8.1100,8.1000,101984,13400
2018-02-06 10:03:00,8.1500,8.1500,8.1500,8.1500,102084,100
2018-02-06 10:04:00,8.3000,8.1500,8.1500,8.1600,117258,14610
2018-02-06 10:06:00,8.1500,8.1400,8.1500,8.1500,118258,1000
2018-02-06 10:08:00,8.1100,8.1100,8.1100,8.1100,118638,300
2018-02-06 10:09:00,8.1300,8.1000,8.1300,8.1200,125944,7150
2018-02-06 10:10:00,8.1000,8.1000,8.1000,8.1000,126074,100
2018-02-06 10:11:00,8.1000,8.1000,8.1000,8.1000,126194,100
2018-02-06 10:12:00,8.1000,8.1000,8.1000,8.1000,127314,1100
2018-02-06 10:13:00,8.1000,8.0800,8.1000,8.0975,132464,5050
2018-02-06 10:14:00,8.1000,8.1000,8.1000,8.1000,132771,300
2018-02-06 10:16:00,8.1000,8.1000,8.1000,8.1000,133702,700
2018-02-06 10:17:00,8.1000,8.0900,8.0900,8.1000,149008,15100
2018-02-06 10:18:00,8.1100,8.0900,8.1000,8.1100,150808,1600
2018-02-06 10:19:00,8.1200,8.0900,8.1000,8.0900,156883,6004
2018-02-06 10:22:00,8.1057,8.1000,8.1057,8.1000,158883,1982
2018-02-06 10:23:00,8.1000,8.0700,8.1000,8.0800,167263,8210
2018-02-06 10:24:00,8.0900,8.0600,8.0600,8.0900,167882,619
2018-02-06 10:25:00,8.0700,8.0100,8.0600,8.0200,178400,10500
2018-02-06 10:26:00,8.0500,8.0500,8.0500,8.0500,179400,1000
2018-02-06 10:27:00,8.0500,8.0400,8.0400,8.0500,181324,1616
2018-02-06 10:28:00,8.0500,8.0300,8.0500,8.0300,183024,1600
2018-02-06 10:29:00,8.0500,8.0500,8.0500,8.0500,183624,400
2018-02-06 10:31:00,8.0500,8.0500,8.0500,8.0500,183868,200
2018-02-06 10:33:00,8.0400,8.0400,8.0400,8.0400,185312,1200
2018-02-06 10:34:00,8.0300,8.0200,8.0300,8.0200,188612,3200
2018-02-06 10:35:00,8.0300,8.0300,8.0300,8.0300,188812,200
2018-02-06 10:36:00,8.0100,7.9600,8.0100,7.9800,204287,14938
2018-02-06 10:37:00,7.9900,7.9700,7.9900,7.9900,205767,1460
2018-02-06 10:38:00,8.0000,7.9700,8.0000,7.9700,212987,6860
2018-02-06 10:39:00,7.9600,7.9500,7.9600,7.9500,214114,1099
2018-02-06 10:40:00,7.9600,7.9400,7.9500,7.9500,215472,1100
2018-02-06 10:41:00,8.0000,7.9600,7.9600,8.0000,216512,960
2018-02-06 10:43:00,7.9701,7.9701,7.9701,7.9701,217012,500
2018-02-06 10:44:00,7.9700,7.9700,7.9700,7.9700,217549,300
2018-02-06 10:46:00,8.0000,7.9900,7.9900,8.0000,219499,1800
2018-02-06 10:48:00,7.9900,7.9900,7.9900,7.9900,220223,600
2018-02-06 10:50:00,8.0000,7.9800,8.0000,7.9800,220623,400
2018-02-06 10:52:00,7.9600,7.9600,7.9600,7.9600,220923,300
2018-02-06 10:53:00,7.9800,7.9800,7.9800,7.9800,221729,806
2018-02-06 10:54:00,8.0000,8.0000,8.0000,8.0000,221929,200
2018-02-06 10:55:00,8.0000,8.0000,8.0000,8.0000,222029,100
2018-02-06 10:56:00,8.0100,8.0000,8.0000,8.0100,222629,522
2018-02-06 10:57:00,8.0000,8.0000,8.0000,8.0000,223029,400
2018-02-06 10:59:00,8.0000,8.0000,8.0000,8.0000,223129,100
2018-02-06 11:00:00,7.9800,7.9500,7.9800,7.9500,226229,3000
2018-02-06 11:01:00,7.9550,7.9210,7.9550,7.9400,229646,3360
2018-02-06 11:03:00,7.9300,7.9200,7.9300,7.9200,231833,1750
2018-02-06 11:04:00,7.9400,7.9400,7.9400,7.9400,231933,100
2018-02-06 11:05:00,7.9400,7.9400,7.9400,7.9400,232133,200
2018-02-06 11:06:00,7.9600,7.8800,7.9400,7.8800,245504,12356
2018-02-06 11:08:00,7.9100,7.9100,7.9100,7.9100,245704,200
2018-02-06 11:11:00,7.9300,7.8900,7.9000,7.9300,250190,4380
2018-02-06 11:14:00,7.9200,7.9100,7.9200,7.9100,252390,1822
2018-02-06 11:17:00,7.9350,7.9300,7.9300,7.9350,253185,600
2018-02-06 11:19:00,7.9400,7.9400,7.9400,7.9400,253310,100
2018-02-06 11:20:00,7.9400,7.9400,7.9400,7.9400,253410,100
2018-02-06 11:25:00,7.9600,7.9600,7.9600,7.9600,253511,100
2018-02-06 11:26:00,7.9350,7.9300,7.9300,7.9350,254211,700
2018-02-06 11:27:00,7.9300,7.9200,7.9300,7.9200,254735,500
2018-02-06 11:28:00,7.9300,7.9101,7.9101,7.9300,257095,2200
2018-02-06 11:30:00,7.9200,7.9200,7.9200,7.9200,258295,1100
2018-02-06 11:31:00,7.9100,7.9100,7.9100,7.9100,259283,900
2018-02-06 11:33:00,7.9200,7.9200,7.9200,7.9200,259515,200
2018-02-06 11:34:00,7.9200,7.9200,7.9200,7.9200,259616,100
2018-02-06 11:35:00,7.9100,7.8900,7.9100,7.8900,270636,10820
2018-02-06 11:36:00,7.9000,7.8900,7.9000,7.8900,272079,1443
2018-02-06 11:37:00,7.9100,7.8800,7.8900,7.8900,274303,2100
2018-02-06 11:39:00,7.9100,7.9000,7.9100,7.9000,275142,700
2018-02-06 11:41:00,7.9000,7.8700,7.9000,7.8700,277942,2700
2018-02-06 11:45:00,7.8800,7.8668,7.8668,7.8700,280606,2624
2018-02-06 11:48:00,7.8863,7.8700,7.8863,7.8730,286571,5900
2018-02-06 11:51:00,7.9000,7.9000,7.9000,7.9000,286721,100
2018-02-06 11:52:00,7.8799,7.8799,7.8799,7.8799,287408,625
2018-02-06 11:54:00,7.9300,7.8850,7.8850,7.9300,295750,8224
2018-02-06 11:55:00,7.9300,7.9100,7.9300,7.9100,296830,1000
2018-02-06 11:56:00,7.9300,7.9050,7.9050,7.9300,297366,200
2018-02-06 11:57:00,7.9300,7.9100,7.9300,7.9100,299266,1900
2018-02-06 11:59:00,7.9000,7.9000,7.9000,7.9000,300835,1000
2018-02-06 12:01:00,7.9100,7.9100,7.9100,7.9100,301835,960
2018-02-06 12:03:00,7.9200,7.9200,7.9200,7.9200,301935,100
2018-02-06 12:04:00,7.9200,7.9200,7.9200,7.9200,302035,100
2018-02-06 12:06:00,7.9400,7.9300,7.9300,7.9400,305940,3900
2018-02-06 12:07:00,7.9600,7.9600,7.9600,7.9600,306040,100
2018-02-06 12:08:00,7.9600,7.9500,7.9600,7.9600,306440,400
2018-02-06 12:09:00,7.9433,7.9433,7.9433,7.9433,311440,5000
2018-02-06 12:10:00,7.9500,7.9400,7.9400,7.9400,313640,2200
2018-02-06 12:11:00,7.9450,7.9400,7.9450,7.9400,315340,1467
2018-02-06 12:12:00,7.9300,7.9300,7.9300,7.9300,316840,1380
2018-02-06 12:13:00,7.9500,7.9350,7.9350,7.9500,319164,2300
2018-02-06 12:14:00,7.9600,7.9500,7.9600,7.9500,320831,1600
2018-02-06 12:15:00,7.9510,7.9500,7.9500,7.9500,332131,11164
2018-02-06 12:19:00,7.9800,7.9800,7.9800,7.9800,332231,100
2018-02-06 12:20:00,7.9800,7.9500,7.9800,7.9600,339707,7356
2018-02-06 12:21:00,7.9500,7.9500,7.9500,7.9500,341007,1300
2018-02-06 12:23:00,7.9800,7.9700,7.9700,7.9800,341207,200
2018-02-06 12:24:00,7.9800,7.9800,7.9800,7.9800,341307,100
2018-02-06 12:27:00,8.0000,7.9800,7.9800,8.0000,342031,600
2018-02-06 12:30:00,8.0000,8.0000,8.0000,8.0000,342631,600
2018-02-06 12:32:00,7.9900,7.9900,7.9900,7.9900,344041,1300
2018-02-06 12:33:00,7.9900,7.9800,7.9800,7.9900,345154,1100
2018-02-06 12:37:00,7.9900,7.9800,7.9900,7.9800,345354,200
2018-02-06 12:39:00,7.9700,7.9700,7.9700,7.9700,346654,1300
2018-02-06 12:42:00,7.9700,7.9700,7.9700,7.9700,346754,100
2018-02-06 12:46:00,7.9700,7.9700,7.9700,7.9700,347454,600
2018-02-06 12:47:00,7.9700,7.9500,7.9600,7.9500,348354,900
2018-02-06 12:48:00,7.9700,7.9700,7.9700,7.9700,348454,100
2018-02-06 12:49:00,7.9700,7.9700,7.9700,7.9700,348578,100
2018-02-06 12:51:00,7.9739,7.9601,7.9665,7.9739,350778,2200
2018-02-06 12:53:00,7.9600,7.9500,7.9600,7.9600,351878,1100
2018-02-06 12:54:00,7.9500,7.9500,7.9500,7.9500,352178,300
2018-02-06 12:56:00,7.9600,7.9600,7.9600,7.9600,352378,200
2018-02-06 12:57:00,7.9650,7.9650,7.9650,7.9650,352778,400
2018-02-06 12:58:00,7.9500,7.9500,7.9500,7.9500,352878,100
2018-02-06 12:59:00,7.9700,7.9700,7.9700,7.9700,353078,200
2018-02-06 13:01:00,7.9500,7.9400,7.9400,7.9400,353852,700
2018-02-06 13:03:00,7.9300,7.9300,7.9300,7.9300,354552,700
2018-02-06 13:04:00,7.9200,7.9150,7.9150,7.9200,354852,300
2018-02-06 13:05:00,7.9300,7.9200,7.9200,7.9300,355464,600
2018-02-06 13:06:00,7.9400,7.9400,7.9400,7.9400,355744,200
2018-02-06 13:09:00,7.9200,7.9200,7.9200,7.9200,356644,900
2018-02-06 13:10:00,7.9200,7.9100,7.9100,7.9200,357544,900
2018-02-06 13:11:00,7.9100,7.9100,7.9100,7.9100,357745,100
2018-02-06 13:14:00,7.9400,7.9400,7.9400,7.9400,360645,2800
2018-02-06 13:18:00,7.9500,7.9400,7.9400,7.9500,362666,1800
2018-02-06 13:19:00,7.9600,7.9500,7.9500,7.9600,363066,300
2018-02-06 13:22:00,7.9700,7.9700,7.9700,7.9700,363214,100
2018-02-06 13:23:00,7.9800,7.9800,7.9800,7.9800,363514,200
2018-02-06 13:24:00,7.9800,7.9800,7.9800,7.9800,363614,100
2018-02-06 13:25:00,7.9800,7.9200,7.9800,7.9400,373914,10201
2018-02-06 13:26:00,7.9400,7.9400,7.9400,7.9400,374914,1000
2018-02-06 13:27:00,7.9600,7.9600,7.9600,7.9600,375014,100
2018-02-06 13:30:00,7.9700,7.9700,7.9700,7.9700,375315,300
2018-02-06 13:32:00,7.9900,7.9900,7.9900,7.9900,375421,100
2018-02-06 13:34:00,7.9700,7.9700,7.9700,7.9700,376918,1397
2018-02-06 13:35:00,7.9600,7.9600,7.9600,7.9600,378818,1800
2018-02-06 13:36:00,7.9700,7.9700,7.9700,7.9700,379020,200
2018-02-06 13:37:00,7.9900,7.9900,7.9900,7.9900,379820,680
2018-02-06 13:39:00,8.0000,7.9900,7.9900,8.0000,380409,500
2018-02-06 13:42:00,7.9900,7.9900,7.9900,7.9900,380710,300
2018-02-06 13:47:00,7.9900,7.9800,7.9800,7.9800,381830,1100
2018-02-06 13:49:00,7.9700,7.9700,7.9700,7.9700,382130,200
2018-02-06 13:51:00,7.9800,7.9600,7.9800,7.9600,382530,400
2018-02-06 13:52:00,7.9700,7.9600,7.9600,7.9700,384672,2000
2018-02-06 13:53:00,7.9600,7.9600,7.9600,7.9600,385672,800
2018-02-06 13:54:00,7.9700,7.9600,7.9600,7.9700,385872,200
2018-02-06 13:55:00,7.9700,7.9700,7.9700,7.9700,386072,200
2018-02-06 13:56:00,7.9700,7.9600,7.9600,7.9700,386772,700
2018-02-06 14:00:00,7.9700,7.9700,7.9700,7.9700,386991,100
2018-02-06 14:01:00,7.9700,7.9700,7.9700,7.9700,387572,200
2018-02-06 14:02:00,7.9700,7.9663,7.9663,7.9700,388472,800
2018-02-06 14:03:00,7.9700,7.9600,7.9600,7.9700,390086,1614
2018-02-06 14:04:00,7.9900,7.9700,7.9700,7.9900,390933,800
2018-02-06 14:06:00,7.9800,7.9700,7.9800,7.9700,392133,1200
2018-02-06 14:08:00,7.9800,7.9800,7.9800,7.9800,392533,400
2018-02-06 14:12:00,8.0100,7.9900,7.9900,8.0100,401750,8765
2018-02-06 14:13:00,8.0100,7.9900,8.0100,8.0000,407350,5600
2018-02-06 14:14:00,7.9800,7.9800,7.9800,7.9800,408272,900
2018-02-06 14:16:00,7.9800,7.9600,7.9800,7.9600,409246,800
2018-02-06 14:23:00,7.9500,7.9500,7.9500,7.9500,409502,200
2018-02-06 14:24:00,7.9700,7.9700,7.9700,7.9700,409702,100
2018-02-06 14:28:00,7.9700,7.9700,7.9700,7.9700,410141,300
2018-02-06 14:29:00,7.9800,7.9700,7.9700,7.9800,411646,1300
2018-02-06 14:30:00,7.9750,7.9750,7.9750,7.9750,411946,300
2018-02-06 14:31:00,7.9900,7.9800,7.9800,7.9900,412646,700
2018-02-06 14:33:00,8.0000,7.9900,7.9900,8.0000,413651,1000
2018-02-06 14:34:00,8.0100,8.0000,8.0100,8.0000,415051,1300
2018-02-06 14:35:00,7.9974,7.9974,7.9974,7.9974,415151,100
2018-02-06 14:36:00,8.0300,8.0100,8.0100,8.0300,416842,1650
2018-02-06 14:37:00,8.0300,8.0100,8.0300,8.0100,417744,800
2018-02-06 14:38:00,8.0300,8.0200,8.0300,8.0300,418044,300
2018-02-06 14:39:00,8.0300,8.0300,8.0300,8.0300,418544,500
2018-02-06 14:40:00,8.0400,8.0300,8.0300,8.0400,419044,500
2018-02-06 14:43:00,8.0500,8.0500,8.0500,8.0500,419144,100
2018-02-06 14:44:00,8.0500,8.0400,8.0400,8.0500,419544,400
2018-02-06 14:48:00,8.0500,8.0500,8.0500,8.0500,419814,200
2018-02-06 14:51:00,8.0500,8.0500,8.0500,8.0500,421124,1190
2018-02-06 14:52:00,8.0700,8.0700,8.0700,8.0700,421230,100
2018-02-06 14:53:00,8.0500,8.0400,8.0500,8.0401,422955,1625
2018-02-06 14:55:00,8.0800,8.0700,8.0700,8.0800,424955,1986
2018-02-06 14:56:00,8.0900,8.0700,8.0800,8.0900,426355,1400
2018-02-06 14:57:00,8.0900,8.0800,8.0900,8.0850,431076,4400
2018-02-06 14:58:00,8.0800,8.0700,8.0800,8.0800,432976,1800
2018-02-06 14:59:00,8.1000,8.0900,8.0900,8.1000,433393,400
2018-02-06 15:00:00,8.1000,8.0900,8.0950,8.0950,436693,3300
2018-02-06 15:01:00,8.1000,8.0900,8.1000,8.1000,437493,800
2018-02-06 15:02:00,8.1300,8.1000,8.1000,8.1300,443095,5326
2018-02-06 15:04:00,8.1300,8.1289,8.1289,8.1300,443295,200
2018-02-06 15:05:00,8.1400,8.1300,8.1300,8.1400,449740,6276
2018-02-06 15:08:00,8.1500,8.1500,8.1500,8.1500,450200,460
2018-02-06 15:09:00,8.1400,8.1400,8.1400,8.1400,451000,800
2018-02-06 15:11:00,8.1500,8.1400,8.1500,8.1400,452361,1100
2018-02-06 15:13:00,8.1400,8.1300,8.1300,8.1350,455462,2916
2018-02-06 15:14:00,8.1400,8.1400,8.1400,8.1400,455712,200
2018-02-06 15:15:00,8.1500,8.1400,8.1500,8.1400,456548,800
2018-02-06 15:16:00,8.1500,8.1400,8.1400,8.1500,457652,1100
2018-02-06 15:17:00,8.1500,8.1450,8.1450,8.1500,458947,1292
2018-02-06 15:18:00,8.1400,8.1400,8.1400,8.1400,459047,100
2018-02-06 15:19:00,8.1500,8.1300,8.1500,8.1400,461843,2599
2018-02-06 15:20:00,8.1500,8.1400,8.1400,8.1400,463143,1300
2018-02-06 15:21:00,8.1500,8.1400,8.1400,8.1500,464069,900
2018-02-06 15:22:00,8.1441,8.1441,8.1441,8.1441,464514,371
2018-02-06 15:23:00,8.1400,8.1300,8.1400,8.1350,467703,2600
2018-02-06 15:24:00,8.1400,8.1300,8.1300,8.1350,469551,1700
2018-02-06 15:26:00,8.1400,8.1300,8.1350,8.1400,482426,12663
2018-02-06 15:27:00,8.1500,8.1500,8.1500,8.1500,482547,100
2018-02-06 15:29:00,8.1500,8.1500,8.1500,8.1500,482847,300
2018-02-06 15:30:00,8.1500,8.1400,8.1500,8.1400,490257,7371
2018-02-06 15:31:00,8.1500,8.1500,8.1500,8.1500,490657,400
2018-02-06 15:32:00,8.1500,8.1400,8.1400,8.1500,491879,907
2018-02-06 15:33:00,8.1500,8.1300,8.1400,8.1500,505249,13045
2018-02-06 15:34:00,8.1500,8.1500,8.1500,8.1500,505349,100
2018-02-06 15:35:00,8.1500,8.1500,8.1500,8.1500,505449,100
2018-02-06 15:36:00,8.1400,8.1325,8.1400,8.1400,510850,5100
2018-02-06 15:37:00,8.1500,8.1400,8.1400,8.1500,511450,400
2018-02-06 15:39:00,8.1500,8.1401,8.1500,8.1401,511690,200
2018-02-06 15:40:00,8.1450,8.1400,8.1400,8.1400,514691,2772
2018-02-06 15:41:00,8.1500,8.1450,8.1450,8.1500,514991,300
2018-02-06 15:42:00,8.1400,8.1400,8.1400,8.1400,518566,3500
2018-02-06 15:43:00,8.1500,8.1400,8.1400,8.1500,518866,300
2018-02-06 15:44:00,8.1500,8.1400,8.1450,8.1500,523066,4174
2018-02-06 15:45:00,8.1400,8.1400,8.1400,8.1400,527075,3999
2018-02-06 15:46:00,8.1400,8.0700,8.1400,8.1100,546866,19049
2018-02-06 15:47:00,8.1200,8.1200,8.1200,8.1200,547067,200
2018-02-06 15:48:00,8.1200,8.0900,8.1100,8.1000,553553,6306
2018-02-06 15:49:00,8.1000,8.1000,8.1000,8.1000,557047,3364
2018-02-06 15:50:00,8.1100,8.1100,8.1100,8.1100,557382,100
2018-02-06 15:51:00,8.1200,8.1050,8.1100,8.1200,560057,2600
2018-02-06 15:52:00,8.1200,8.1000,8.1200,8.1050,580825,20454
2018-02-06 15:53:00,8.1200,8.1100,8.1100,8.1200,582195,1100
2018-02-06 15:54:00,8.1300,8.1200,8.1200,8.1300,583101,900
2018-02-06 15:55:00,8.1350,8.1250,8.1300,8.1300,590566,7203
2018-02-06 15:56:00,8.1500,8.1300,8.1400,8.1500,602014,10900
2018-02-06 15:57:00,8.1500,8.1400,8.1450,8.1500,607020,4900
2018-02-06 15:58:00,8.1500,8.1400,8.1500,8.1500,618218,10954
2018-02-06 15:59:00,8.1500,8.1400,8.1500,8.1400,639384,20864
2018-02-06 16:00:00,8.1800,8.1400,8.1500,8.1800,670589,29888
2018-02-07 09:31:00,8.2800,8.1300,8.1300,8.2500,9359,9334
2018-02-07 09:32:00,8.2409,8.2400,8.2400,8.2400,10459,1100
2018-02-07 09:34:00,8.2300,8.2300,8.2300,8.2300,10559,100
2018-02-07 09:35:00,8.2100,8.1650,8.2100,8.1650,10959,400
2018-02-07 09:37:00,8.1600,8.1450,8.1450,8.1600,11559,500
2018-02-07 09:38:00,8.1660,8.1500,8.1600,8.1500,13759,2100
2018-02-07 09:43:00,8.1900,8.1500,8.1900,8.1700,14359,600
2018-02-07 09:44:00,8.1500,8.1300,8.1500,8.1500,14859,500