2018-02-05 09:31:00,118.4400,115.8300,117.6700,117.0000,206097,91456
2018-02-05 09:32:00,118.4700,116.7700,116.9650,118.2450,219934,11347
2018-02-05 09:33:00,118.6500,118.0100,118.4800,118.1110,229544,8060
2018-02-05 09:34:00,118.4476,117.0700,118.4476,117.9200,239732,8410
2018-02-05 09:35:00,118.2800,116.6701,117.9100,117.6000,260894,19258
2018-02-05 09:36:00,118.3000,117.0500,117.7000,118.3000,274007,12014
2018-02-05 09:37:00,118.7600,117.8400,118.0000,118.5600,300615,22611
2018-02-05 09:38:00,119.7100,118.4301,118.4750,119.7100,310941,8132
2018-02-05 09:39:00,119.7900,119.0000,119.7400,119.6500,324761,12299
2018-02-05 09:40:00,119.7800,119.1300,119.6600,119.3650,346772,20907
2018-02-05 09:41:00,121.0000,119.1800,119.3650,120.5900,390950,38396
2018-02-05 09:42:00,120.6400,120.1400,120.2656,120.3200,395197,3625
2018-02-05 09:43:00,121.0500,120.1800,120.4802,120.8850,408623,10909
2018-02-05 09:44:00,120.9700,120.1400,120.9700,120.4200,414716,5125
2018-02-05 09:45:00,120.7300,120.3100,120.4300,120.4900,423556,7653
2018-02-05 09:46:00,121.1300,120.3450,120.3666,121.0000,435147,9410
2018-02-05 09:47:00,121.2900,120.5300,121.1200,120.7700,445461,8706
2018-02-05 09:48:00,120.8700,120.3900,120.7700,120.7300,457075,8915
2018-02-05 09:49:00,121.1700,120.5900,120.7300,121.1700,468098,8004
2018-02-05 09:50:00,121.1800,120.8800,121.1700,121.0700,480321,10764
2018-02-05 09:51:00,121.1600,120.6375,121.0000,120.7700,489887,8549
2018-02-05 09:52:00,120.9900,120.6742,120.7500,120.9900,501842,10317
2018-02-05 09:53:00,121.1700,120.9200,120.9975,120.9900,506667,4327
2018-02-05 09:54:00,121.3580,120.8200,121.1400,121.1550,531727,20910
2018-02-05 09:55:00,121.6400,121.0900,121.1250,121.6400,538798,5771
2018-02-05 09:56:00,122.4000,121.4250,121.4250,122.4000,549708,9743
2018-02-05 09:57:00,122.6400,122.2000,122.3600,122.6200,562471,11167
2018-02-05 09:58:00,122.6400,122.0900,122.5750,122.3000,570342,6200
2018-02-05 09:59:00,122.9300,122.2500,122.2500,122.9200,579295,8054
2018-02-05 10:00:00,123.1700,122.8100,122.8300,123.0182,592892,10334
2018-02-05 10:01:00,123.1700,122.6300,123.1700,122.7300,606181,12000
2018-02-05 10:02:00,122.6550,122.3700,122.5500,122.4150,609353,2679
2018-02-05 10:03:00,122.9000,122.2850,122.3400,122.7000,618559,7566
2018-02-05 10:04:00,123.1900,122.7200,122.7400,122.9700,625216,5091
2018-02-05 10:05:00,123.4400,122.8600,122.9950,123.4300,631401,4169
2018-02-05 10:06:00,123.6800,122.6900,123.3900,122.7500,653935,20045
2018-02-05 10:07:00,123.2600,122.6420,122.7700,123.2000,670799,14655
2018-02-05 10:08:00,123.6300,123.2000,123.3500,123.4500,678347,6150
2018-02-05 10:09:00,124.1579,123.5550,123.5900,124.0000,688857,7874
2018-02-05 10:10:00,124.3700,123.8401,124.0000,124.3700,706548,16172
2018-02-05 10:11:00,124.7490,124.2050,124.3548,124.4695,718034,9763
2018-02-05 10:12:00,124.5932,124.3100,124.4405,124.4050,725790,7117
2018-02-05 10:13:00,125.3500,124.4799,124.4800,125.1050,745173,15339
2018-02-05 10:14:00,125.3500,124.6300,125.0600,124.8800,763105,15357
2018-02-05 10:15:00,124.9300,124.7950,124.9100,124.8550,765624,1738
2018-02-05 10:16:00,124.9100,124.6300,124.9100,124.8400,772195,5313
2018-02-05 10:17:00,124.8400,124.4800,124.8400,124.7900,781342,7012
2018-02-05 10:18:00,124.8500,124.4226,124.6800,124.5800,792058,8645
2018-02-05 10:19:00,124.6900,124.5400,124.5800,124.6900,795364,2451
2018-02-05 10:20:00,124.6900,124.4200,124.6890,124.4750,800861,3562
2018-02-05 10:21:00,124.5400,124.2000,124.5400,124.4900,806051,4380
2018-02-05 10:22:00,124.5500,124.3354,124.3354,124.5500,809932,2924
2018-02-05 10:23:00,125.1600,124.5150,124.5200,125.1600,822077,9127
2018-02-05 10:24:00,125.2800,125.0650,125.1900,125.0900,826013,2965
2018-02-05 10:25:00,125.8600,125.2729,125.2800,125.8392,839360,11324
2018-02-05 10:26:00,126.0000,125.6000,125.9000,125.7396,849315,8669
2018-02-05 10:27:00,126.1900,125.6900,125.8600,125.8900,857336,5866
2018-02-05 10:28:00,125.8800,125.2200,125.6900,125.3900,870934,10600
2018-02-05 10:29:00,125.5500,125.1600,125.5500,125.4600,879030,6819
2018-02-05 10:30:00,125.4700,125.2500,125.4500,125.2900,883980,4296
2018-02-05 10:31:00,125.3300,124.9400,125.3300,124.9401,894414,8780
2018-02-05 10:32:00,124.9700,124.3800,124.9400,124.4650,902591,6463
2018-02-05 10:33:00,124.7185,124.3800,124.4645,124.3800,907220,3679
2018-02-05 10:34:00,124.4800,124.1300,124.3300,124.1383,913231,5150
2018-02-05 10:35:00,124.1500,123.6200,124.1300,123.9300,920881,6440
2018-02-05 10:36:00,124.0499,123.7111,123.9300,124.0499,929749,7059
2018-02-05 10:37:00,124.3000,124.0300,124.0300,124.3000,931124,1150
2018-02-05 10:38:00,124.2100,123.7700,124.1400,124.0800,935878,3348
2018-02-05 10:39:00,124.1930,123.9050,124.1930,123.9050,943835,6438
2018-02-05 10:40:00,123.8200,123.6949,123.8200,123.7600,946832,2600
2018-02-05 10:41:00,124.0000,123.6700,123.7800,123.8800,951799,4150
2018-02-05 10:42:00,124.1500,123.9900,123.9900,124.0700,954289,1583
2018-02-05 10:43:00,124.2300,123.8200,124.2300,124.0555,957423,2360
2018-02-05 10:44:00,124.1800,123.8200,124.1800,123.8600,960769,2627
2018-02-05 10:45:00,124.1300,123.7950,123.7950,124.1300,971514,8812
2018-02-05 10:46:00,124.3300,123.9000,124.1404,124.3000,980053,7575
2018-02-05 10:47:00,124.4400,124.2100,124.2250,124.4300,984122,3430
2018-02-05 10:48:00,124.6000,124.3200,124.4400,124.4000,989486,4511
2018-02-05 10:49:00,124.3900,124.2100,124.3900,124.3100,990809,1000
2018-02-05 10:50:00,124.1950,123.8500,124.1950,123.9500,994545,3289
2018-02-05 10:51:00,123.9800,123.3700,123.9800,123.5800,1011109,15630
2018-02-05 10:52:00,123.8300,123.5000,123.8300,123.5000,1025210,682
2018-02-05 10:53:00,123.6200,123.3500,123.4250,123.4200,1030038,4010
2018-02-05 10:54:00,123.9100,123.5299,123.6300,123.5850,1033642,3100
2018-02-05 10:55:00,123.6900,123.4100,123.5300,123.6500,1037192,3001
2018-02-05 10:56:00,123.8200,123.6900,123.6900,123.7350,1038972,1500
2018-02-05 10:57:00,123.6500,123.5800,123.6400,123.6000,1040662,1349
2018-02-05 10:58:00,123.5900,123.4150,123.5000,123.4200,1042370,1317
2018-02-05 10:59:00,123.7600,123.5000,123.5000,123.5800,1044637,2100
2018-02-05 11:00:00,123.5700,123.3000,123.5600,123.4800,1051669,6358
2018-02-05 11:01:00,123.7400,123.4260,123.4260,123.5890,1057620,4410
2018-02-05 11:02:00,123.5300,123.1200,123.5300,123.1200,1060408,2016
2018-02-05 11:03:00,123.3000,123.1000,123.1200,123.2600,1063247,2444
2018-02-05 11:04:00,123.2250,122.6650,123.2250,123.0000,1069870,5318
2018-02-05 11:05:00,122.9400,122.6800,122.8600,122.8650,1075791,4490
2018-02-05 11:06:00,122.8900,122.7300,122.8700,122.7670,1080052,4037
2018-02-05 11:07:00,123.0900,122.6300,122.6400,123.0000,1085632,5130
2018-02-05 11:08:00,122.9100,122.8500,122.9100,122.8500,1086082,400
2018-02-05 11:09:00,123.0000,122.7300,122.9300,122.8100,1088808,2466
2018-02-05 11:10:00,122.8100,122.5000,122.8100,122.5522,1094566,4915
2018-02-05 11:11:00,122.7300,122.2010,122.5200,122.2010,1099383,4262
2018-02-05 11:12:00,122.4700,122.2150,122.3700,122.4700,1105131,4866
2018-02-05 11:13:00,122.5800,122.4100,122.4100,122.4700,1111306,5900
2018-02-05 11:14:00,122.6400,122.3800,122.5900,122.4100,1114029,2300
2018-02-05 11:15:00,122.2800,122.0100,122.2450,122.2800,1117003,1849
2018-02-05 11:16:00,122.2100,122.1000,122.1000,122.2100,1117461,412
2018-02-05 11:17:00,122.4100,122.2300,122.3400,122.4000,1123540,5267
2018-02-05 11:18:00,122.3600,121.8101,122.3560,121.8300,1134074,8724
2018-02-05 11:19:00,122.0000,121.5300,122.0000,121.7275,1141663,5991
2018-02-05 11:20:00,121.7300,121.5700,121.6800,121.5700,1144542,2380
2018-02-05 11:21:00,121.6400,121.4604,121.5700,121.4604,1151319,6050
2018-02-05 11:22:00,121.5000,121.1000,121.4700,121.2475,1161713,8820
2018-02-05 11:23:00,121.4700,121.1700,121.3800,121.1700,1164965,3095
2018-02-05 11:24:00,121.6300,121.2900,121.2900,121.3400,1169470,3161
2018-02-05 11:25:00,121.7800,121.1801,121.5800,121.4200,1179960,8966
2018-02-05 11:26:00,122.0400,121.5100,121.5200,121.7700,1184107,3700
2018-02-05 11:27:00,122.0000,121.8000,121.9900,121.9900,1185999,1600
2018-02-05 11:28:00,122.3600,121.8100,121.9900,122.3000,1191348,4290
2018-02-05 11:29:00,122.3600,121.7501,122.2900,121.7501,1195984,4250
2018-02-05 11:30:00,121.8600,121.6000,121.6700,121.8500,1200276,3706
2018-02-05 11:31:00,121.8300,121.1700,121.8300,121.1800,1206900,4882
2018-02-05 11:32:00,121.4200,121.1601,121.1601,121.2201,1208944,1900
2018-02-05 11:33:00,121.3900,121.1100,121.3400,121.2900,1243325,2495
2018-02-05 11:34:00,121.6000,121.3700,121.6000,121.5800,1243899,500
2018-02-05 11:35:00,121.5138,121.2100,121.5138,121.3800,1246380,1968
2018-02-05 11:36:00,121.6200,121.3800,121.4200,121.5100,1247912,1200
2018-02-05 11:37:00,121.6900,121.4750,121.4750,121.5100,1249929,1112
2018-02-05 11:38:00,121.7200,121.6300,121.7200,121.6300,1250231,200
2018-02-05 11:39:00,121.8700,121.5700,121.7050,121.6000,1253206,2500
2018-02-05 11:40:00,121.7000,121.5100,121.7000,121.6200,1257771,4300
2018-02-05 11:41:00,121.7500,121.2701,121.5000,121.7500,1266555,8025
2018-02-05 11:42:00,121.8500,121.5000,121.7150,121.5000,1269158,2087
2018-02-05 11:43:00,121.8500,121.5200,121.5800,121.7200,1271507,2200
2018-02-05 11:44:00,121.9000,121.6400,121.9000,121.6400,1272407,900
2018-02-05 11:45:00,121.9800,121.6500,121.6800,121.7400,1276198,3391
2018-02-05 11:46:00,122.1500,121.7346,121.8300,121.8300,1279908,3337
2018-02-05 11:47:00,121.9900,121.7900,121.9500,121.8850,1283017,2730
2018-02-05 11:48:00,121.8600,121.5800,121.8516,121.7100,1290198,6400
2018-02-05 11:49:00,121.8800,121.7100,121.7200,121.7100,1291572,1100
2018-02-05 11:50:00,121.9900,121.6300,121.8700,121.6300,1295873,3632
2018-02-05 11:51:00,121.7420,121.5401,121.6800,121.5500,1296876,800
2018-02-05 11:52:00,121.9600,121.6500,121.7003,121.8400,1300904,3300
2018-02-05 11:53:00,121.9400,121.9400,121.9400,121.9400,1301004,100
2018-02-05 11:54:00,122.2400,121.8650,121.9500,121.8700,1307688,5900
2018-02-05 11:55:00,122.2200,121.7501,121.8800,122.0400,1311550,3217
2018-02-05 11:56:00,122.3339,121.9600,122.1250,122.2000,1317740,5050
2018-02-05 11:57:00,122.3300,122.1600,122.2726,122.1750,1318954,1214
2018-02-05 11:58:00,122.6100,122.1700,122.2300,122.4700,1327580,7790
2018-02-05 11:59:00,122.6000,122.2800,122.4600,122.6000,1331017,2500
2018-02-05 12:00:00,122.6700,122.3900,122.6000,122.4100,1332325,1130
2018-02-05 12:01:00,122.6500,122.3700,122.4250,122.4900,1334902,1768
2018-02-05 12:02:00,122.5100,122.3600,122.4000,122.4499,1336496,1200
2018-02-05 12:03:00,122.4300,122.1900,122.4300,122.1900,1338860,2120
2018-02-05 12:04:00,122.2900,121.8833,122.0400,122.2900,1340937,1350
2018-02-05 12:05:00,122.1800,121.9300,122.1050,122.1800,1341661,707
2018-02-05 12:06:00,122.0800,121.7100,122.0800,121.9200,1343713,1378
2018-02-05 12:07:00,122.0600,121.6300,122.0600,121.7286,1345213,1300
2018-02-05 12:08:00,121.8500,121.6800,121.8500,121.7075,1346015,700
2018-02-05 12:09:00,121.9000,121.6300,121.9000,121.6300,1346424,300
2018-02-05 12:10:00,121.7900,121.3400,121.6100,121.6500,1350064,2933
2018-02-05 12:11:00,121.6400,121.4200,121.6400,121.4200,1355589,5000
2018-02-05 12:12:00,121.6900,121.4000,121.4000,121.6400,1362449,6380
2018-02-05 12:13:00,122.0000,121.6800,121.8200,121.9900,1364666,1900
2018-02-05 12:14:00,122.0200,121.6300,121.9800,121.6300,1368190,2940
2018-02-05 12:15:00,121.9200,121.5500,121.5500,121.9200,1368591,300
2018-02-05 12:16:00,122.0000,121.5800,121.9600,121.6000,1377563,8253
2018-02-05 12:17:00,121.8000,121.5200,121.8000,121.6000,1379552,1806
2018-02-05 12:18:00,121.7100,121.3500,121.5100,121.4800,1383779,3643
2018-02-05 12:19:00,121.8300,121.5900,121.6900,121.6300,1385254,1200
2018-02-05 12:20:00,121.7300,121.6000,121.7300,121.7300,1385685,300
2018-02-05 12:21:00,121.8500,121.6800,121.7100,121.6800,1386585,500
2018-02-05 12:22:00,121.8500,121.6200,121.6800,121.6700,1389822,2900
2018-02-05 12:23:00,121.7100,121.4200,121.6450,121.4300,1393233,3100
2018-02-05 12:24:00,121.6100,121.2700,121.4600,121.4300,1396862,2900
2018-02-05 12:25:00,121.6300,121.4600,121.5800,121.5700,1398471,1100
2018-02-05 12:26:00,121.7800,121.4900,121.6240,121.7800,1400905,2200
2018-02-05 12:27:00,122.0200,121.7400,121.7800,121.9700,1405189,3000
2018-02-05 12:28:00,122.0400,121.7400,121.9800,121.7400,1407046,1800
2018-02-05 12:29:00,121.9800,121.6400,121.7500,121.7500,1412048,4413
2018-02-05 12:30:00,121.9500,121.6600,121.7900,121.9400,1414153,1780
2018-02-05 12:31:00,121.9800,121.9100,121.9300,121.9100,1414989,800
2018-02-05 12:32:00,122.0700,121.8100,121.9600,122.0500,1416911,1450
2018-02-05 12:33:00,122.0150,121.8500,121.9845,122.0150,1418302,1300
2018-02-05 12:34:00,122.1200,122.0000,122.0100,122.1000,1421396,2914
2018-02-05 12:35:00,122.2200,122.0850,122.2200,122.1000,1425817,4155
2018-02-05 12:36:00,122.2000,121.9800,122.1800,122.0950,1431676,4604
2018-02-05 12:37:00,122.0600,121.9350,121.9350,122.0450,1433217,1100
2018-02-05 12:38:00,122.0700,121.9000,122.0300,122.0175,1441714,8004
2018-02-05 12:39:00,122.4300,122.0600,122.0600,122.3890,1449233,6407
2018-02-05 12:40:00,122.3900,122.0100,122.3900,122.0375,1454494,4513
2018-02-05 12:41:00,122.2000,122.1100,122.1600,122.1100,1455746,880
2018-02-05 12:42:00,122.0950,122.0500,122.0600,122.0950,1456231,300
2018-02-05 12:43:00,121.9800,121.8900,121.9800,121.9800,1457210,700
2018-02-05 12:44:00,121.9750,121.7300,121.9750,121.7300,1459471,1944
2018-02-05 12:45:00,122.2700,121.7200,121.7200,122.1100,1463240,3100
2018-02-05 12:46:00,122.2262,121.9200,121.9800,121.9500,1473370,10025
2018-02-05 12:47:00,122.0000,121.8400,121.9200,121.8400,1479036,5222
2018-02-05 12:48:00,121.8400,121.6700,121.8400,121.7500,1479436,400
2018-02-05 12:49:00,121.8300,121.6600,121.7200,121.6600,1481655,1700
2018-02-05 12:50:00,121.8000,121.4500,121.6500,121.4500,1491517,9337
2018-02-05 12:51:00,121.7800,121.4200,121.4400,121.6000,1494031,2375
2018-02-05 12:52:00,121.6650,121.6200,121.6650,121.6200,1494591,560
2018-02-05 12:53:00,121.7300,121.5600,121.5883,121.5900,1497093,2000
2018-02-05 12:54:00,121.7700,121.3900,121.7200,121.4200,1507774,9873
2018-02-05 12:55:00,121.6000,121.3100,121.5100,121.4000,1512434,4105
2018-02-05 12:56:00,121.7500,121.2500,121.3600,121.4800,1521955,8879
2018-02-05 12:57:00,121.4300,121.4300,121.4300,121.4300,1522055,100
2018-02-05 12:58:00,121.6200,121.2900,121.5650,121.2900,1525055,2800
2018-02-05 12:59:00,121.4300,121.1000,121.4300,121.1300,1532201,6104
2018-02-05 13:00:00,121.2800,121.0200,121.1400,121.1200,1546566,12673
2018-02-05 13:01:00,121.2200,120.7001,121.0200,120.9900,1558612,9870
2018-02-05 13:02:00,121.0000,120.8500,120.9900,120.9900,1559549,825
2018-02-05 13:03:00,121.0000,120.4104,120.9800,120.7100,1576593,14875
2018-02-05 13:04:00,120.8500,120.5000,120.7500,120.5000,1584560,6990
2018-02-05 13:05:00,120.8599,120.4200,120.6400,120.4200,1590515,5619
2018-02-05 13:06:00,120.7300,120.3100,120.3200,120.4100,1598785,7681
2018-02-05 13:07:00,120.6500,120.2000,120.4350,120.4600,1618469,17173
2018-02-05 13:08:00,120.6600,120.2900,120.6600,120.2900,1635515,16067
2018-02-05 13:09:00,120.6000,120.1000,120.4650,120.4400,1651461,15100
2018-02-05 13:10:00,120.4500,120.1800,120.4400,120.3400,1663061,11460
2018-02-05 13:11:00,120.4200,120.1300,120.1500,120.3000,1670322,5220
2018-02-05 13:12:00,120.5300,120.1700,120.2900,120.1800,1673512,2600
2018-02-05 13:13:00,120.6100,120.3300,120.3300,120.6000,1675224,900
2018-02-05 13:14:00,120.7700,120.6000,120.6100,120.7550,1680168,4100
2018-02-05 13:15:00,120.6500,120.5000,120.5300,120.6050,1681113,600
2018-02-05 13:16:00,120.9900,120.5200,120.6500,120.7200,1683608,1200
2018-02-05 13:17:00,120.8500,120.6000,120.7200,120.6150,1686344,1440
2018-02-05 13:18:00,120.6500,120.4200,120.5250,120.4200,1688663,2000
2018-02-05 13:19:00,120.4600,120.2700,120.4355,120.3200,1690004,1081
2018-02-05 13:20:00,120.3100,119.8259,120.3100,119.9500,1703750,11058
2018-02-05 13:21:00,119.9700,119.7700,119.8700,119.7700,1706004,1936
2018-02-05 13:22:00,120.1900,119.0700,119.8650,119.2600,1720019,12586
2018-02-05 13:23:00,119.9900,119.4300,119.5900,119.7400,1723341,3100
2018-02-05 13:24:00,119.9600,119.7000,119.9300,119.7100,1728945,4819
2018-02-05 13:25:00,120.1700,119.8000,119.8000,120.1500,1731381,1800
2018-02-05 13:26:00,120.1000,119.7800,120.1000,119.9200,1733261,1134
2018-02-05 13:27:00,120.0300,119.8100,119.9000,120.0100,1736247,2499
2018-02-05 13:28:00,120.1500,119.7850,119.7850,120.0300,1740109,3263
2018-02-05 13:29:00,120.0300,119.7155,120.0300,119.7155,1744450,3503
2018-02-05 13:30:00,120.3200,119.6000,119.7500,120.2000,1753596,7200
2018-02-05 13:31:00,120.4300,120.0564,120.3250,120.1400,1758728,4700
2018-02-05 13:32:00,120.4000,120.2036,120.2500,120.2420,1762141,2601
2018-02-05 13:33:00,120.6300,120.3000,120.3000,120.5150,1765539,2600
2018-02-05 13:34:00,120.6200,120.4900,120.5600,120.5000,1766589,800
2018-02-05 13:35:00,120.5200,120.1300,120.3800,120.1300,1769389,2300
2018-02-05 13:36:00,120.3500,120.2000,120.2000,120.2600,1770194,800
2018-02-05 13:37:00,120.3500,120.0950,120.3000,120.0950,1771621,1300
2018-02-05 13:38:00,120.1700,119.8400,120.1700,119.8600,1773608,1200
2018-02-05 13:39:00,120.3200,119.9350,120.0600,120.0650,1776008,2230
2018-02-05 13:40:00,120.2000,119.6900,120.2000,119.8000,1777152,500
2018-02-05 13:41:00,119.9700,119.9000,119.9500,119.9050,1777708,400
2018-02-05 13:42:00,120.4300,119.9900,120.0600,120.0800,1783998,4670
2018-02-05 13:43:00,120.1900,119.8400,120.1800,120.1800,1787435,2800
2018-02-05 13:44:00,120.2500,120.0200,120.1100,120.0200,1788085,500
2018-02-05 13:45:00,120.0350,119.9328,119.9328,120.0350,1788658,300
2018-02-05 13:46:00,120.1850,119.9100,120.1850,119.9100,1789264,500
2018-02-05 13:47:00,120.0900,119.7500,119.8500,119.9550,1792029,2630
2018-02-05 13:48:00,120.4700,119.8650,120.1300,120.3800,1796107,3200
2018-02-05 13:49:00,120.4200,120.2100,120.4180,120.4200,1799929,3523
2018-02-05 13:50:00,120.3500,120.0900,120.3050,120.3300,1802249,1431
2018-02-05 13:51:00,120.5900,120.2700,120.3300,120.4900,1817447,13689
2018-02-05 13:52:00,120.7700,120.3600,120.3600,120.5900,1821826,4100
2018-02-05 13:53:00,120.8300,120.5300,120.6729,120.7200,1824596,2680
2018-02-05 13:54:00,120.8000,120.5797,120.7900,120.8000,1826587,1830
2018-02-05 13:55:00,120.9500,120.7740,120.7900,120.9500,1828007,1227
2018-02-05 13:56:00,121.0000,120.7300,120.7961,120.7600,1836450,7268
2018-02-05 13:57:00,121.0100,120.7400,120.9300,121.0000,1841335,4500
2018-02-05 13:58:00,121.2900,121.0400,121.2200,121.0400,1843459,1750
2018-02-05 13:59:00,121.2600,121.0000,121.1500,121.0000,1849813,5769
2018-02-05 14:00:00,121.4200,121.0500,121.0700,121.0500,1851881,1450
2018-02-05 14:01:00,121.3100,121.3000,121.3100,121.3100,1852400,300
2018-02-05 14:02:00,121.2100,121.0000,121.2100,121.0877,1854223,1662
2018-02-05 14:03:00,121.1300,120.8650,120.9300,121.0650,1856038,1200
2018-02-05 14:05:00,121.1200,120.9400,121.0450,120.9400,1856593,500
2018-02-05 14:06:00,121.2700,120.9400,121.1200,120.9900,1858885,1800
2018-02-05 14:07:00,121.0700,120.9400,120.9600,121.0400,1861443,2052
2018-02-05 14:08:00,120.9400,120.9000,120.9400,120.9000,1862887,934
2018-02-05 14:09:00,121.1100,120.9350,120.9800,121.0000,1865563,2500
2018-02-05 14:10:00,121.1199,120.9300,121.0800,120.9300,1869556,3722
2018-02-05 14:11:00,120.9550,120.9500,120.9500,120.9550,1869816,200
2018-02-05 14:12:00,121.0600,120.9400,121.0600,120.9450,1870765,600
2018-02-05 14:13:00,120.9400,120.8250,120.9400,120.8400,1872071,921
2018-02-05 14:14:00,121.0200,120.8250,120.8250,121.0200,1872608,400
2018-02-05 14:15:00,121.1600,120.8400,121.0100,121.0850,1875446,2450
2018-02-05 14:16:00,121.0600,120.7200,121.0600,120.9642,1881755,5216
2018-02-05 14:17:00,120.9000,120.8600,120.8900,120.8800,1885536,2579
2018-02-05 14:18:00,120.9895,120.9200,120.9850,120.9200,1886519,350
2018-02-05 14:19:00,120.9500,120.8000,120.9100,120.8450,1893065,5357
2018-02-05 14:20:00,121.0000,120.8500,120.8500,121.0000,1894259,700
2018-02-05 14:21:00,120.9400,120.7700,120.8200,120.8899,1897842,3085
2018-02-05 14:22:00,120.7700,120.6800,120.7700,120.6800,1898404,300
2018-02-05 14:23:00,120.7100,120.6400,120.6400,120.7100,1899466,800
2018-02-05 14:24:00,120.7700,120.5400,120.6400,120.6950,1901412,1700
2018-02-05 14:25:00,120.7000,120.5200,120.6500,120.5300,1902943,1200
2018-02-05 14:26:00,120.8100,120.6400,120.7200,120.7800,1906997,3780
2018-02-05 14:27:00,120.7600,120.2750,120.6300,120.7600,1911136,3395
2018-02-05 14:28:00,120.5700,120.5700,120.5700,120.5700,1911297,100
2018-02-05 14:29:00,120.5936,120.2100,120.5936,120.4500,1913958,2100
2018-02-05 14:30:00,120.6900,120.5800,120.6900,120.5900,1914559,600
2018-02-05 14:31:00,120.6100,120.3900,120.5100,120.3900,1918673,3430
2018-02-05 14:32:00,120.3900,120.3800,120.3800,120.3900,1919570,751
2018-02-05 14:33:00,120.5900,120.4050,120.4700,120.5900,1921101,900
2018-02-05 14:34:00,120.5700,120.2700,120.5700,120.2700,1924550,3036
2018-02-05 14:35:00,120.3900,120.2000,120.3900,120.2350,1926415,1500
2018-02-05 14:36:00,120.3180,120.1600,120.2500,120.1600,1927346,521
2018-02-05 14:37:00,120.3200,120.0250,120.3200,120.0250,1927868,400
2018-02-05 14:38:00,120.3100,120.0250,120.0250,120.3100,1928614,600
2018-02-05 14:39:00,120.4100,120.3000,120.3000,120.4100,1929453,400
2018-02-05 14:40:00,120.2400,120.0400,120.2400,120.0410,1931026,1018
2018-02-05 14:41:00,120.3700,120.0600,120.1600,120.3700,1933808,2350
2018-02-05 14:42:00,120.1100,119.8900,120.1100,120.0100,1935597,1000
2018-02-05 14:43:00,120.2000,119.9400,120.0500,119.9900,1937887,1690
2018-02-05 14:44:00,120.0700,119.9300,120.0400,119.9300,1938827,800
2018-02-05 14:45:00,120.0000,119.5873,119.9300,119.7690,1943378,3607
2018-02-05 14:46:00,119.9400,119.6700,119.7600,119.9250,1947885,3872
2018-02-05 14:47:00,120.0400,119.5600,119.8500,119.6100,1950625,1800
2018-02-05 14:48:00,119.7205,119.2800,119.6100,119.2800,1953916,2596
2018-02-05 14:49:00,119.6000,119.1700,119.5300,119.3700,1957206,2400
2018-02-05 14:50:00,119.6300,119.2900,119.2900,119.5100,1959834,1178
2018-02-05 14:51:00,119.7400,119.2000,119.7400,119.2000,1966742,6000
2018-02-05 14:52:00,119.4100,119.0200,119.1400,119.2600,1971880,4301
2018-02-05 14:53:00,119.2000,118.9400,119.1200,119.0500,1981350,7490
2018-02-05 14:54:00,119.1300,118.9500,119.1100,119.0000,1984041,1930
2018-02-05 14:55:00,119.4400,118.7700,119.0800,118.7700,1986637,1840
2018-02-05 14:56:00,119.0500,118.7829,119.0200,118.7829,1989242,2400
2018-02-05 14:57:00,119.2114,118.6100,118.9412,118.8300,1994803,4158
2018-02-05 14:58:00,118.9850,118.5600,118.9850,118.8100,2001207,5100
2018-02-05 14:59:00,118.9900,118.6100,118.8300,118.8617,2005123,3507
2018-02-05 15:00:00,118.9300,118.6000,118.6700,118.6000,2009290,3508
2018-02-05 15:01:00,118.7400,118.2500,118.4000,118.3000,2015680,4996
2018-02-05 15:02:00,118.6100,118.3000,118.4500,118.3500,2019515,3350
2018-02-05 15:03:00,118.6500,118.2800,118.2871,118.4000,2025993,5100
2018-02-05 15:04:00,118.5700,118.2600,118.4700,118.3556,2030242,3038
2018-02-05 15:05:00,118.3176,117.8200,118.2400,117.8200,2043566,10820
2018-02-05 15:06:00,118.0900,117.7700,117.8300,118.0900,2052712,8170
2018-02-05 15:07:00,117.9500,117.7000,117.8719,117.7000,2063026,7200
2018-02-05 15:08:00,117.8200,117.3200,117.7000,117.3445,2071015,5684
2018-02-05 15:09:00,117.5250,117.1100,117.3200,117.4000,2074309,2411
2018-02-05 15:10:00,117.2900,116.4600,117.1232,116.5300,2090314,11946
2018-02-05 15:11:00,116.7100,116.0900,116.6000,116.5000,2105640,13328
2018-02-05 15:12:00,116.4800,115.9400,116.0700,116.4300,2134640,26019
2018-02-05 15:13:00,117.6200,116.2830,116.3900,117.6200,2148369,11521
2018-02-05 15:14:00,117.7600,117.3900,117.7600,117.7400,2151895,2888
2018-02-05 15:15:00,117.8964,116.8900,117.5200,117.8964,2167457,12595
2018-02-05 15:16:00,118.2000,117.6800,117.9700,118.2000,2170112,2300
2018-02-05 15:17:00,118.6400,118.1400,118.1400,118.6400,2171698,1100
2018-02-05 15:18:00,118.8500,118.3001,118.5277,118.6750,2179819,7100
2018-02-05 15:19:00,118.6702,118.0900,118.4950,118.5400,2192288,9732
2018-02-05 15:20:00,118.8100,118.0600,118.5350,118.3003,2197959,4454
2018-02-05 15:21:00,118.4400,118.0800,118.2900,118.3520,2199416,1404
2018-02-05 15:22:00,118.6200,117.9200,118.1947,118.6200,2205366,3957
2018-02-05 15:23:00,118.6100,117.9800,118.5790,118.4700,2212791,6042
2018-02-05 15:24:00,119.3100,118.5700,118.5700,119.3100,2221946,8191
2018-02-05 15:25:00,119.3000,118.8100,119.0010,119.0200,2230276,7460
2018-02-05 15:26:00,119.3200,118.9200,119.0900,119.1700,2236209,4559
2018-02-05 15:27:00,119.2173,118.7200,119.2173,118.9000,2240212,3013
2018-02-05 15:28:00,119.2300,118.7700,119.0300,119.1444,2244933,3584
2018-02-05 15:29:00,119.3800,119.1300,119.1750,119.2240,2246117,986
2018-02-05 15:30:00,119.6100,119.2700,119.3800,119.5000,2254525,7508
2018-02-05 15:31:00,119.5100,118.6800,119.4300,118.8400,2263779,6516
2018-02-05 15:32:00,118.9600,118.6100,118.9600,118.8350,2275976,1472
2018-02-05 15:33:00,119.0855,118.5700,118.6700,119.0855,2280254,3726
2018-02-05 15:34:00,119.1800,118.8800,119.0900,119.0200,2285477,3969
2018-02-05 15:35:00,119.4000,119.0100,119.1800,119.0100,2304191,4762
2018-02-05 15:36:00,119.1000,118.6800,119.1000,118.9300,2308818,4100
2018-02-05 15:37:00,118.9051,118.2700,118.9051,118.3767,2315855,5564
2018-02-05 15:38:00,118.6900,118.3586,118.3586,118.4700,2320432,3400
2018-02-05 15:39:00,118.6100,118.3600,118.4800,118.3800,2323445,1900
2018-02-05 15:40:00,118.5300,118.2200,118.2900,118.2900,2329783,4388
2018-02-05 15:41:00,118.3500,117.6400,118.2200,117.8800,2341216,9695
2018-02-05 15:42:00,118.1600,117.7300,117.7300,117.8700,2356143,10977
2018-02-05 15:43:00,118.3300,117.9300,117.9300,118.1592,2361078,3581
2018-02-05 15:44:00,118.5700,118.0000,118.0100,118.2200,2368269,5230
2018-02-05 15:45:00,118.6199,118.2100,118.2250,118.5500,2370354,1708
2018-02-05 15:46:00,118.6900,118.2600,118.3900,118.2600,2376256,4813
2018-02-05 15:47:00,118.5700,118.2201,118.5300,118.4560,2379950,3128
2018-02-05 15:48:00,118.3500,118.0280,118.3500,118.0800,2386803,4717
2018-02-05 15:49:00,118.2400,117.8600,118.2400,117.8600,2396554,7787
2018-02-05 15:50:00,117.9200,117.6756,117.8200,117.7388,2406309,7890
2018-02-05 15:51:00,118.2000,117.6300,117.8600,117.6700,2423428,14363
2018-02-05 15:52:00,117.7800,117.5200,117.6600,117.5975,2434946,7486
2018-02-05 15:53:00,117.8000,117.5400,117.6500,117.7100,2444982,6998
2018-02-05 15:54:00,117.8300,117.3150,117.7400,117.5100,2456721,9881
2018-02-05 15:55:00,117.8500,117.3300,117.3300,117.7800,2468251,10695
2018-02-05 15:56:00,118.0400,117.8100,117.8400,118.0300,2488197,15039
2018-02-05 15:57:00,118.2700,117.9000,117.9000,118.0250,2510327,18179
2018-02-05 15:58:00,118.2800,117.8400,118.0400,118.0700,2539710,25054
2018-02-05 15:59:00,118.0800,117.7900,118.0800,117.7900,2566455,23021
2018-02-05 16:00:00,117.8700,117.5000,117.7400,117.5100,2591130,21081
2018-02-06 09:31:00,118.8400,113.6000,113.9800,118.8400,180904,112603
2018-02-06 09:32:00,118.6100,115.2410,117.6300,117.4800,212381,26974
2018-02-06 09:33:00,118.4200,115.6400,117.4924,115.6600,241006,25470
2018-02-06 09:34:00,116.2600,115.0000,115.6900,115.2300,252288,9808
2018-02-06 09:35:00,115.6000,114.3500,115.0000,115.6000,279409,23569
2018-02-06 09:36:00,117.6800,115.3550,115.3550,117.6800,304253,21993
2018-02-06 09:37:00,117.9900,117.4600,117.8900,117.7195,314672,8980
2018-02-06 09:38:00,118.4200,117.4700,117.6404,118.3400,331707,14017
2018-02-06 09:39:00,119.0000,118.0000,118.1500,118.9300,372550,38186
2018-02-06 09:40:00,119.3500,118.6805,118.9200,119.2200,392997,18526
2018-02-06 09:41:00,119.3669,118.0800,119.2100,118.0800,417621,21455
2018-02-06 09:42:00,118.6300,117.7000,118.2600,118.0050,432487,12069
2018-02-06 09:43:00,118.4850,117.7100,117.9600,118.4850,452540,18502
2018-02-06 09:44:00,119.3800,118.6301,118.6400,119.2200,500203,45359
2018-02-06 09:45:00,119.4500,118.8200,119.2200,119.4100,521129,17498
2018-02-06 09:46:00,119.9800,119.2500,119.3700,119.6800,554621,29542
2018-02-06 09:47:00,119.9700,119.0000,119.6800,119.6100,581489,25256
2018-02-06 09:48:00,119.6500,119.2700,119.5500,119.5500,599972,15493
2018-02-06 09:49:00,119.6500,119.0800,119.4798,119.0800,610976,9516
2018-02-06 09:50:00,119.3800,118.8400,119.1400,119.3700,629968,15875
2018-02-06 09:51:00,119.6800,119.1500,119.2950,119.3445,638035,7177
2018-02-06 09:52:00,119.4800,118.9100,119.4800,119.1100,648271,7629
2018-02-06 09:53:00,119.4300,119.0100,119.1300,119.0100,655993,6400
2018-02-06 09:54:00,119.6700,118.9800,118.9900,119.4850,672529,13808
2018-02-06 09:55:00,119.9000,119.2100,119.4100,119.8800,690277,15766
2018-02-06 09:56:00,120.3000,119.4401,119.8900,120.3000,735530,42496
2018-02-06 09:57:00,120.3900,119.5700,120.3500,119.7300,764216,26219
2018-02-06 09:58:00,119.8850,119.3280,119.7400,119.4010,790351,23048
2018-02-06 09:59:00,119.6800,119.0000,119.4100,119.0600,811571,16995
2018-02-06 10:00:00,119.3800,118.9560,119.0400,119.3800,839154,24377
2018-02-06 10:01:00,119.8000,119.3400,119.3400,119.6600,858718,17350
2018-02-06 10:02:00,120.3200,119.6053,119.6053,120.2300,877959,17424
2018-02-06 10:03:00,120.3700,119.8900,120.1550,119.9000,892777,11695
2018-02-06 10:04:00,120.4000,119.9450,120.2600,119.9450,900420,6043
2018-02-06 10:05:00,120.2800,119.7700,119.8500,120.1000,909540,7070
2018-02-06 10:06:00,120.8200,120.2000,120.2500,120.5600,930032,18041
2018-02-06 10:07:00,120.4200,119.5500,120.3400,119.5500,941027,9519
2018-02-06 10:08:00,119.7070,119.1200,119.5000,119.3300,957324,13079
2018-02-06 10:09:00,119.2600,118.6100,119.2400,118.8066,976692,17055
2018-02-06 10:10:00,118.9500,118.2900,118.8200,118.2900,988770,9348
2018-02-06 10:11:00,119.0400,118.3700,118.3700,118.7700,997144,6050
2018-02-06 10:12:00,119.1600,118.7050,119.1200,118.7400,1005253,7425
2018-02-06 10:13:00,119.0300,118.5000,119.0000,118.7000,1017627,9918
2018-02-06 10:14:00,118.5997,117.7700,118.3900,117.8500,1024010,5444
2018-02-06 10:15:00,118.7300,117.5300,117.9900,117.5300,1035692,10850
2018-02-06 10:16:00,117.9000,117.0800,117.8050,117.1000,1045204,8720
2018-02-06 10:17:00,117.2400,116.0700,117.2400,116.0700,1059329,11770
2018-02-06 10:18:00,116.4700,115.5800,116.1600,115.6803,1075960,13779
2018-02-06 10:19:00,116.1450,115.4250,115.4250,116.0000,1092043,12861
2018-02-06 10:20:00,117.0000,116.1300,116.2400,117.0000,1102284,9648
2018-02-06 10:21:00,117.7300,117.0500,117.0500,117.3700,1110434,7240
2018-02-06 10:22:00,117.2300,116.5300,117.1500,116.7400,1135313,21364
2018-02-06 10:23:00,116.9100,116.1600,116.5300,116.4100,1145082,7486
2018-02-06 10:24:00,116.5100,116.0000,116.3600,116.3750,1156267,8907
2018-02-06 10:25:00,116.3300,115.7700,116.2700,116.2300,1171288,13064
2018-02-06 10:26:00,116.0750,115.5800,115.9100,115.6600,1188683,15250
2018-02-06 10:27:00,116.1200,115.5600,115.7800,116.0760,1202085,11296
2018-02-06 10:28:00,116.0350,115.5100,116.0350,115.7800,1209895,6040
2018-02-06 10:29:00,115.8000,115.3400,115.7900,115.5600,1219592,7579
2018-02-06 10:30:00,115.5400,115.2000,115.3600,115.5000,1226334,4914
2018-02-06 10:31:00,115.9900,115.2613,115.2613,115.5700,1234836,6656
2018-02-06 10:32:00,116.1400,115.6110,115.7450,115.8500,1241450,5630
2018-02-06 10:33:00,115.8400,115.3600,115.7400,115.8400,1257110,12476
2018-02-06 10:34:00,115.8000,115.0600,115.8000,115.1660,1265364,6548
2018-02-06 10:35:00,115.4900,115.0500,115.0500,115.3050,1276882,9675
2018-02-06 10:36:00,115.3284,114.7000,115.2950,114.7600,1291713,11880
2018-02-06 10:37:00,115.1700,114.2400,114.8100,114.6700,1306016,11564
2018-02-06 10:38:00,114.9200,114.3800,114.3800,114.9200,1314364,7293
2018-02-06 10:39:00,115.1000,114.6030,114.9300,114.8500,1321742,5430
2018-02-06 10:40:00,115.1000,114.5400,114.5700,115.0200,1336599,12355
2018-02-06 10:41:00,115.8100,115.0700,115.1000,115.5501,1342630,4563
2018-02-06 10:42:00,115.5700,115.0300,115.5600,115.3600,1350507,6136
2018-02-06 10:43:00,115.5000,115.0000,115.4400,115.2466,1358043,5297
2018-02-06 10:44:00,115.3500,114.8800,115.2500,114.9500,1365634,6762
2018-02-06 10:45:00,115.6000,115.0200,115.3100,115.5375,1375621,7332
2018-02-06 10:46:00,116.2100,115.5400,115.5400,115.8800,1394364,10095
2018-02-06 10:47:00,116.3200,115.3800,115.9000,116.3200,1407326,10087
2018-02-06 10:48:00,116.5000,115.7800,116.1550,116.5000,1413487,4813
2018-02-06 10:49:00,117.0400,116.2300,116.7800,116.3200,1424175,9058
2018-02-06 10:50:00,116.6050,116.0300,116.5001,116.0300,1428515,3728
2018-02-06 10:51:00,116.2800,115.6700,116.1100,115.8200,1443408,11994
2018-02-06 10:52:00,116.0090,115.6900,115.8600,115.6900,1448472,1770
2018-02-06 10:53:00,116.7600,115.8600,115.8600,116.2900,1459376,8662
2018-02-06 10:54:00,116.7700,116.1100,116.7700,116.3843,1469518,9620
2018-02-06 10:55:00,116.7150,116.3000,116.4400,116.3600,1472820,2920
2018-02-06 10:56:00,116.8100,116.4390,116.6400,116.4390,1482300,8524
2018-02-06 10:57:00,116.5600,116.0800,116.4000,116.5600,1487829,4308
2018-02-06 10:58:00,116.5150,115.9100,116.5150,115.9100,1491634,2530
2018-02-06 10:59:00,116.1600,115.6200,115.9100,115.6200,1493810,1666
2018-02-06 11:00:00,115.9100,115.5000,115.9100,115.5000,1495994,1446
2018-02-06 11:01:00,115.5410,115.1700,115.3000,115.1700,1500451,3308
2018-02-06 11:02:00,115.4900,114.9400,115.1700,115.1101,1513524,10146
2018-02-06 11:03:00,115.6200,115.4000,115.4700,115.4000,1517349,3340
2018-02-06 11:04:00,115.7500,115.3100,115.7000,115.5718,1519154,1100
2018-02-06 11:05:00,115.5600,115.1100,115.5600,115.4100,1526073,4180
2018-02-06 11:06:00,115.7700,115.3800,115.4300,115.7700,1530722,3406
2018-02-06 11:07:00,115.7450,115.4200,115.7450,115.4600,1533925,1781
2018-02-06 11:08:00,115.7700,115.3100,115.3100,115.7700,1535810,1600
2018-02-06 11:09:00,115.5300,115.3000,115.4300,115.4824,1537775,1900
2018-02-06 11:10:00,115.6725,115.0500,115.6725,115.5300,1545354,5687
2018-02-06 11:11:00,115.3700,115.0000,115.3700,115.1500,1551347,4245
2018-02-06 11:12:00,115.6300,115.0600,115.2850,115.1000,1558852,5864
2018-02-06 11:13:00,115.2800,114.9100,115.1200,114.9100,1563869,3898
2018-02-06 11:14:00,115.2700,114.9100,115.2700,114.9100,1565835,1374
2018-02-06 11:15:00,115.2600,114.9000,115.1050,114.9000,1572776,4891
2018-02-06 11:16:00,115.3850,114.9800,115.1400,115.0100,1587226,11549
2018-02-06 11:17:00,115.5500,115.0000,115.0200,115.5500,1593554,4839
2018-02-06 11:18:00,115.3650,115.0100,115.1100,115.0100,1595683,1300
2018-02-06 11:19:00,115.3100,115.0900,115.0900,115.3050,1597141,1000
2018-02-06 11:20:00,115.6200,115.1700,115.3542,115.4603,1601410,3196
2018-02-06 11:21:00,115.6600,115.3200,115.6599,115.4000,1604764,2810
2018-02-06 11:22:00,115.4550,115.2700,115.3100,115.4450,1605885,900
2018-02-06 11:23:00,115.9700,115.6000,115.6000,115.7750,1611528,4496
2018-02-06 11:24:00,116.0600,115.5600,115.8798,115.5600,1615513,3071
2018-02-06 11:25:00,115.4700,115.3100,115.4700,115.4339,1616901,1000
2018-02-06 11:26:00,115.3400,114.9200,115.3400,114.9200,1625032,5849
2018-02-06 11:27:00,115.2400,114.9700,115.0000,115.1200,1635696,7353
2018-02-06 11:28:00,115.1200,114.6600,115.0100,115.1150,1643442,5511
2018-02-06 11:29:00,115.0600,114.8850,115.0600,114.8850,1645292,1016
2018-02-06 11:30:00,115.1300,114.8700,115.0000,115.1200,1646160,800
2018-02-06 11:31:00,115.0185,114.8400,115.0185,114.8500,1648540,1600
2018-02-06 11:32:00,115.0800,114.3400,114.8000,114.3400,1659397,8771
2018-02-06 11:33:00,114.7400,114.4200,114.5750,114.6900,1665966,6400
2018-02-06 11:34:00,114.6200,114.4800,114.5947,114.5600,1669071,1732
2018-02-06 11:35:00,114.4700,114.0800,114.4700,114.3200,1682200,10657
2018-02-06 11:36:00,114.4540,114.1100,114.2900,114.4540,1685621,2228
2018-02-06 11:37:00,114.8700,114.3000,114.5150,114.3000,1689604,3029
2018-02-06 11:38:00,114.7600,114.3450,114.3450,114.5700,1698384,7700
2018-02-06 11:39:00,115.0900,114.4800,114.5750,115.0000,1709890,9828
2018-02-06 11:40:00,114.8700,114.4600,114.8700,114.5500,1713859,2820
2018-02-06 11:41:00,115.1000,114.5700,114.7400,115.0100,1720870,5495
2018-02-06 11:42:00,115.1300,114.7800,115.1300,114.9700,1724116,2650
2018-02-06 11:43:00,115.1200,114.8200,114.8200,114.9950,1724895,700
2018-02-06 11:44:00,115.1400,114.8900,114.8900,115.1400,1727774,1572
2018-02-06 11:45:00,115.1800,114.8200,115.0400,114.9000,1736555,6370
2018-02-06 11:46:00,115.1500,114.8300,114.8850,115.0200,1742286,4237
2018-02-06 11:47:00,115.0800,114.6900,115.0200,114.7000,1747273,4630
2018-02-06 11:48:00,115.0650,114.8900,114.8900,115.0650,1751262,2229
2018-02-06 11:49:00,115.0300,114.7000,115.0300,114.7650,1754562,2370
2018-02-06 11:50:00,115.3500,114.8600,114.8900,115.1500,1759511,3394
2018-02-06 11:51:00,115.2700,115.1000,115.2400,115.1000,1760801,880
2018-02-06 11:52:00,115.1600,115.1100,115.1200,115.1600,1762659,1000
2018-02-06 11:53:00,115.3200,115.1650,115.1650,115.1700,1763125,300
2018-02-06 11:54:00,115.3920,115.0601,115.3300,115.1000,1769141,4895
2018-02-06 11:55:00,115.1800,114.8000,115.1200,114.8400,1781761,9359
2018-02-06 11:56:00,115.3400,114.8400,114.8400,115.0800,1783058,1197
2018-02-06 11:57:00,115.2300,115.0000,115.0000,115.0803,1787975,3550
2018-02-06 11:58:00,115.3550,115.0001,115.1100,115.0401,1800371,11063
2018-02-06 11:59:00,115.1950,114.8600,115.1500,115.0800,1806553,5019
2018-02-06 12:00:00,115.1538,115.0000,115.0900,115.0000,1810284,3000
2018-02-06 12:01:00,115.2700,115.0400,115.0400,115.1600,1814453,2537
2018-02-06 12:02:00,115.2800,114.8600,115.0500,115.1300,1821376,5174
2018-02-06 12:03:00,115.1950,115.0201,115.1200,115.1000,1822596,800
2018-02-06 12:04:00,115.3000,115.0400,115.1300,115.1700,1825245,2300
2018-02-06 12:05:00,115.5800,115.1200,115.3500,115.1200,1830111,4000
2018-02-06 12:06:00,115.6000,115.2700,115.2900,115.4300,1834795,3081
2018-02-06 12:07:00,115.9900,115.3800,115.5700,115.9700,1839114,3350
2018-02-06 12:08:00,116.2250,115.7500,115.9900,116.2250,1849337,8604
2018-02-06 12:09:00,116.4500,116.0800,116.3800,116.3150,1854455,4375
2018-02-06 12:10:00,116.6000,116.2400,116.3200,116.4100,1863312,8395
2018-02-06 12:11:00,116.4800,116.1000,116.4100,116.1000,1868682,5100
2018-02-06 12:12:00,116.0350,115.8000,116.0350,115.8500,1870374,1035
2018-02-06 12:13:00,116.2500,115.6500,116.1400,116.2500,1875841,3991
2018-02-06 12:14:00,116.3800,116.1700,116.1700,116.3000,1882522,5913
2018-02-06 12:15:00,116.4800,116.1100,116.2650,116.1100,1886514,3000
2018-02-06 12:16:00,116.5500,116.1900,116.3139,116.4100,1892976,5306
2018-02-06 12:17:00,116.7500,116.2100,116.3900,116.2100,1898456,4783
2018-02-06 12:18:00,116.5100,115.9000,116.5100,115.9900,1903037,3560
2018-02-06 12:19:00,116.0300,115.8000,115.9999,116.0300,1908733,4453
2018-02-06 12:20:00,116.2900,115.8000,116.1100,115.8800,1911152,1850
2018-02-06 12:21:00,115.9287,115.6400,115.7000,115.9200,1912112,900
2018-02-06 12:22:00,115.9100,115.2000,115.8000,115.3358,1922112,7249
2018-02-06 12:23:00,115.5900,115.3100,115.3200,115.5150,1923481,965
2018-02-06 12:24:00,115.8800,115.6600,115.8800,115.6600,1924406,600
2018-02-06 12:25:00,115.9400,115.5400,115.9200,115.7700,1929451,4541
2018-02-06 12:26:00,115.9300,115.7700,115.7800,115.9300,1930841,1100
2018-02-06 12:27:00,116.2000,115.8200,115.9500,116.1000,1937111,3920
2018-02-06 12:28:00,116.2700,115.6600,116.1000,116.2200,1943249,5150
2018-02-06 12:29:00,116.3450,115.9400,116.3450,116.1703,1949070,5155
2018-02-06 12:30:00,116.6300,116.2400,116.3100,116.4300,1960908,10057
2018-02-06 12:31:00,116.7900,116.3900,116.5150,116.5597,1966074,4538
2018-02-06 12:32:00,116.7200,116.4400,116.6100,116.4700,1970007,1700
2018-02-06 12:33:00,116.8000,116.5100,116.5800,116.5300,1976810,6000
2018-02-06 12:34:00,116.8300,116.5300,116.5600,116.5300,1980222,1847
2018-02-06 12:35:00,116.6800,116.3500,116.6650,116.3500,1986144,4611
2018-02-06 12:36:00,116.6199,116.4100,116.6100,116.4600,1988731,2400
2018-02-06 12:37:00,116.6900,116.4600,116.4600,116.5200,1995111,4439
2018-02-06 12:38:00,116.8200,116.4100,116.5000,116.7300,2000309,3737
2018-02-06 12:39:00,117.2750,116.8450,116.8800,117.2750,2011619,9713
2018-02-06 12:40:00,117.4000,117.0200,117.3900,117.3127,2019928,7033
2018-02-06 12:41:00,117.4000,116.8900,117.2950,117.1256,2027609,7500
2018-02-06 12:42:00,117.4900,116.8600,117.1100,116.8600,2033757,5277
2018-02-06 12:43:00,117.2100,116.7200,117.0750,117.0200,2036007,1600
2018-02-06 12:44:00,117.0100,117.0100,117.0100,117.0100,2036219,100
2018-02-06 12:45:00,117.2000,116.8600,117.1400,117.0250,2043524,6226
2018-02-06 12:46:00,117.0248,116.6500,117.0248,116.6500,2045209,1050
2018-02-06 12:47:00,116.7400,116.5000,116.6600,116.6400,2048810,3200
2018-02-06 12:48:00,116.8100,116.3600,116.6700,116.3600,2056032,6450
2018-02-06 12:49:00,116.8800,116.3600,116.3800,116.8800,2058714,2018
2018-02-06 12:50:00,116.6100,116.1300,116.6100,116.4400,2062476,3554
2018-02-06 12:51:00,116.4200,116.2400,116.4200,116.2600,2063717,1000
2018-02-06 12:52:00,116.4100,116.0900,116.2600,116.1100,2068951,4376
2018-02-06 12:53:00,116.4400,116.1001,116.4400,116.2300,2076162,6935
2018-02-06 12:54:00,116.5540,116.2350,116.3200,116.5540,2079956,3125
2018-02-06 12:55:00,116.5800,116.3800,116.5800,116.3800,2080618,400
2018-02-06 12:56:00,116.7400,116.3901,116.5050,116.6400,2086759,4666
2018-02-06 12:57:00,116.7400,116.4850,116.4950,116.7400,2090029,2251
2018-02-06 12:58:00,116.7500,116.1600,116.7000,116.3300,2093475,2901
2018-02-06 12:59:00,116.7400,116.3000,116.4000,116.7400,2096127,1550
2018-02-06 13:00:00,116.7200,116.5600,116.7200,116.5600,2097290,600
2018-02-06 13:01:00,116.5000,116.1000,116.5000,116.1690,2102623,4415
2018-02-06 13:02:00,116.2750,116.1501,116.2336,116.1501,2103948,1200
2018-02-06 13:03:00,116.5200,115.9750,116.4100,115.9750,2111803,7075
2018-02-06 13:04:00,116.1400,115.7800,115.8000,115.8500,2118385,5883
2018-02-06 13:05:00,116.1900,115.7107,115.9500,116.1800,2119394,977
2018-02-06 13:06:00,116.3900,116.2000,116.3800,116.2072,2122902,2400
2018-02-06 13:07:00,116.4900,116.0386,116.1000,116.4900,2125935,2800
2018-02-06 13:08:00,116.4200,116.4100,116.4100,116.4200,2126243,200
2018-02-06 13:09:00,116.3100,116.2400,116.3100,116.3000,2126947,700
2018-02-06 13:10:00,116.3000,115.9000,115.9700,116.0050,2130493,2710
2018-02-06 13:11:00,116.2900,116.0050,116.1000,116.2900,2132415,1171
2018-02-06 13:12:00,116.4500,116.2101,116.2192,116.2200,2136348,3250
2018-02-06 13:13:00,116.5900,116.3500,116.3500,116.5900,2137889,1000
2018-02-06 13:14:00,116.6700,116.5000,116.5900,116.5000,2147917,9064
2018-02-06 13:15:00,116.6300,116.3900,116.6300,116.4300,2148613,550
2018-02-06 13:16:00,116.4800,116.3300,116.3600,116.4400,2152884,3595
2018-02-06 13:17:00,116.5876,116.5350,116.5350,116.5876,2153782,800
2018-02-06 13:18:00,116.6100,116.3500,116.5800,116.5050,2157436,2600
2018-02-06 13:19:00,116.7000,116.5300,116.7000,116.5300,2159888,1718
2018-02-06 13:20:00,116.7200,116.6000,116.6600,116.6450,2161816,1205
2018-02-06 13:21:00,117.0000,116.6352,116.7800,116.6800,2168920,6185
2018-02-06 13:22:00,117.0000,116.6850,116.6850,116.8600,2170457,1100
2018-02-06 13:23:00,116.9900,116.8600,116.8700,116.9900,2177301,6367
2018-02-06 13:24:00,116.9900,116.8000,116.9900,116.9700,2179095,1011
2018-02-06 13:25:00,116.9000,116.7700,116.7800,116.8350,2179496,400
2018-02-06 13:26:00,117.0000,116.8900,116.8900,116.9250,2183453,3347
2018-02-06 13:27:00,116.9925,116.7300,116.8600,116.7300,2185974,2315
2018-02-06 13:28:00,116.9400,116.7200,116.9100,116.8400,2188602,1740
2018-02-06 13:29:00,117.0000,116.7000,116.7100,116.9250,2190537,1500
2018-02-06 13:30:00,117.0000,116.9500,116.9800,116.9500,2199305,6862
2018-02-06 13:31:00,117.0500,116.7300,117.0000,116.7300,2201471,1315
2018-02-06 13:32:00,116.9350,116.7400,116.9350,116.8700,2203382,1846
2018-02-06 13:33:00,117.1500,116.9600,116.9600,117.1500,2204977,1400
2018-02-06 13:34:00,117.1700,116.8000,116.9300,116.8000,2211677,5642
2018-02-06 13:35:00,116.8450,116.4000,116.8100,116.4800,2217568,4652
2018-02-06 13:36:00,116.8099,116.3900,116.6100,116.8099,2219654,2000
2018-02-06 13:37:00,117.0000,116.7800,116.8000,117.0000,2222619,2052
2018-02-06 13:38:00,117.0955,116.8800,117.0222,116.9500,2226008,2851
2018-02-06 13:39:00,116.9163,116.8580,116.8580,116.9163,2226775,751
2018-02-06 13:40:00,117.0150,116.8700,117.0150,117.0100,2228098,900
2018-02-06 13:41:00,116.7500,116.6800,116.7500,116.6800,2229097,986
2018-02-06 13:42:00,116.6800,116.4000,116.5600,116.5400,2232307,2433
2018-02-06 13:43:00,116.7484,116.5800,116.6450,116.7484,2233424,1002
2018-02-06 13:44:00,116.6700,116.6700,116.6700,116.6700,2233525,100
2018-02-06 13:45:00,116.8790,116.5600,116.7800,116.7150,2234914,701
2018-02-06 13:46:00,116.6000,116.3700,116.5900,116.3700,2236082,1150
2018-02-06 13:47:00,116.7200,116.5011,116.5011,116.6027,2238731,2200
2018-02-06 13:48:00,116.4900,116.2700,116.4900,116.3300,2242420,3048
2018-02-06 13:49:00,116.2300,116.1100,116.1600,116.2300,2243105,418
2018-02-06 13:50:00,116.1800,116.0000,116.0500,116.0100,2246526,2601
2018-02-06 13:51:00,115.9800,115.7150,115.9400,115.7150,2250961,3800
2018-02-06 13:52:00,115.8600,115.5700,115.7200,115.7600,2257272,4997
2018-02-06 13:53:00,115.8800,115.7682,115.7682,115.8600,2257871,500
2018-02-06 13:54:00,115.9400,115.8450,115.9400,115.8450,2258276,200
2018-02-06 13:55:00,115.9600,115.8550,115.9600,115.8550,2258751,200
2018-02-06 13:56:00,115.7200,115.5700,115.7200,115.5700,2259514,400
2018-02-06 13:57:00,115.9000,115.6900,115.6900,115.8500,2261174,1400
2018-02-06 13:58:00,115.9000,115.6100,115.9000,115.7000,2266280,4100
2018-02-06 13:59:00,115.8600,115.7100,115.7600,115.7486,2268790,1998
2018-02-06 14:00:00,116.1100,115.7503,115.7503,116.1100,2269601,400
2018-02-06 14:01:00,116.0000,115.7400,115.7800,116.0000,2272047,1593
2018-02-06 14:03:00,116.2100,116.1400,116.1400,116.2100,2273116,654
2018-02-06 14:04:00,116.3800,116.2200,116.3113,116.3050,2276940,2420
2018-02-06 14:05:00,116.3100,115.9100,116.3080,116.1900,2278986,1393
2018-02-06 14:06:00,116.2103,115.9100,116.2103,115.9100,2280389,1350
2018-02-06 14:07:00,116.3800,116.0095,116.0400,116.3800,2282171,1400
2018-02-06 14:08:00,116.3600,116.3200,116.3200,116.3600,2282395,200
2018-02-06 14:09:00,116.3400,116.0700,116.3300,116.1600,2283841,1250
2018-02-06 14:10:00,116.0800,115.8900,116.0350,115.8900,2284441,428
2018-02-06 14:11:00,116.1500,115.9700,115.9700,115.9900,2286002,800
2018-02-06 14:12:00,116.4000,115.9450,115.9450,116.4000,2287274,1200
2018-02-06 14:13:00,116.6300,116.2700,116.6300,116.2700,2288095,500
2018-02-06 14:14:00,116.5900,116.2700,116.2700,116.5900,2288546,400
2018-02-06 14:15:00,116.7400,116.4650,116.4650,116.5400,2292376,2550
2018-02-06 14:16:00,116.4600,116.1700,116.3300,116.1700,2296831,4109
2018-02-06 14:17:00,116.6700,116.3200,116.3300,116.3200,2299193,2200
2018-02-06 14:18:00,116.4800,116.1600,116.3000,116.2850,2301123,1874
2018-02-06 14:19:00,116.3100,116.1090,116.1800,116.3100,2302832,1200
2018-02-06 14:20:00,116.2300,116.0000,116.1363,116.1100,2304298,1200
2018-02-06 14:21:00,116.3600,116.0875,116.2000,116.3600,2307752,2485
2018-02-06 14:22:00,116.3500,116.1500,116.3500,116.1500,2309054,900
2018-02-06 14:23:00,116.5900,116.2800,116.2800,116.3600,2315708,5650
2018-02-06 14:24:00,116.4112,116.3000,116.3100,116.3000,2316601,840
2018-02-06 14:25:00,116.3050,116.2950,116.3050,116.2950,2317066,200
2018-02-06 14:27:00,116.4800,116.2500,116.4100,116.2500,2322070,2916
2018-02-06 14:29:00,116.4800,116.3500,116.3500,116.4200,2323956,800
2018-02-06 14:30:00,116.5900,116.3200,116.3300,116.5800,2330446,4789
2018-02-06 14:31:00,116.3800,116.2100,116.3800,116.2300,2331548,800
2018-02-06 14:32:00,116.4800,116.2900,116.2900,116.4000,2333730,1800
2018-02-06 14:33:00,116.9700,116.4800,116.4800,116.9400,2337491,3101
2018-02-06 14:34:00,116.9900,116.8650,116.9900,116.9900,2338537,900
2018-02-06 14:35:00,117.3200,117.0000,117.0000,117.3200,2339791,800
2018-02-06 14:36:00,117.6000,117.1950,117.1950,117.4000,2352097,11164
2018-02-06 14:37:00,117.4800,117.1800,117.4800,117.3300,2356080,3300
2018-02-06 14:38:00,117.4100,117.2950,117.4000,117.3900,2358496,1900
2018-02-06 14:39:00,117.4800,117.2400,117.3475,117.2700,2364612,5886
2018-02-06 14:40:00,117.2700,117.1900,117.2700,117.2050,2366384,1100
2018-02-06 14:41:00,117.3050,117.1900,117.3050,117.2300,2370282,3166
2018-02-06 14:42:00,117.3400,117.2000,117.3050,117.3400,2372498,1864
2018-02-06 14:43:00,117.4100,117.2350,117.2550,117.3500,2377505,4003
2018-02-06 14:44:00,117.3500,117.0300,117.3500,117.1800,2380912,3083
2018-02-06 14:45:00,117.2550,117.0950,117.2100,117.2500,2383248,1900
2018-02-06 14:46:00,117.3800,117.2500,117.2500,117.2650,2384905,1240
2018-02-06 14:47:00,117.4500,117.3500,117.3800,117.3532,2389448,3681
2018-02-06 14:48:00,117.4400,117.2900,117.3800,117.3200,2392794,2500
2018-02-06 14:49:00,117.5600,117.1000,117.3200,117.1200,2400793,6767
2018-02-06 14:50:00,117.2800,117.0350,117.0400,117.1900,2405693,4150
2018-02-06 14:51:00,117.4000,117.2500,117.2500,117.3000,2407352,1400
2018-02-06 14:52:00,117.3800,117.1200,117.2300,117.3000,2409604,1856
2018-02-06 14:53:00,117.2400,116.9200,117.2400,117.1250,2412344,2400
2018-02-06 14:54:00,117.4500,117.2800,117.2800,117.3000,2414173,1400
2018-02-06 14:55:00,117.5000,117.2000,117.3000,117.2000,2422353,5847
2018-02-06 14:56:00,117.4800,117.1600,117.1600,117.4000,2434968,10973
2018-02-06 14:57:00,117.4001,117.2200,117.4000,117.2500,2437601,1950
2018-02-06 14:58:00,117.1448,116.8800,117.1448,117.0600,2442765,3966
2018-02-06 14:59:00,117.1700,116.9000,117.1000,116.9301,2445886,2400
2018-02-06 15:00:00,117.2100,117.0000,117.2100,117.1600,2449720,3600
2018-02-06 15:01:00,117.3399,117.0100,117.3300,117.2000,2453774,3100
2018-02-06 15:02:00,117.4400,117.2800,117.2800,117.3000,2461250,6056
2018-02-06 15:03:00,117.6100,117.1400,117.4000,117.1700,2468662,6131
2018-02-06 15:04:00,117.4000,117.1350,117.2800,117.2150,2472806,3300
2018-02-06 15:05:00,117.4800,117.2550,117.2550,117.3900,2484515,10200
2018-02-06 15:06:00,117.6520,117.2150,117.4000,117.4001,2494837,8980
2018-02-06 15:07:00,117.5800,117.3600,117.4000,117.4000,2497967,2711
2018-02-06 15:08:00,117.5800,117.2900,117.4700,117.2900,2513582,14078
2018-02-06 15:09:00,117.4000,117.1401,117.3800,117.1501,2524624,9350
2018-02-06 15:10:00,117.3600,117.1500,117.1500,117.1700,2534314,8977
2018-02-06 15:11:00,117.2900,117.0600,117.0800,117.1900,2539343,3988
2018-02-06 15:12:00,117.3300,117.2200,117.2200,117.3300,2540045,600
2018-02-06 15:13:00,117.3500,117.0500,117.1700,117.2800,2543417,2429
2018-02-06 15:14:00,117.2800,117.1700,117.1700,117.2700,2545442,1300
2018-02-06 15:15:00,117.2400,116.7900,117.2400,116.7900,2553197,5716
2018-02-06 15:16:00,117.2899,116.8173,116.8400,117.2899,2557833,3895
2018-02-06 15:17:00,117.2600,117.1700,117.2400,117.2300,2558838,800
2018-02-06 15:18:00,117.3900,117.2138,117.2138,117.3200,2562108,2460
2018-02-06 15:19:00,117.3600,116.8900,117.3600,116.9800,2568072,5274
2018-02-06 15:20:00,116.9300,116.8100,116.8500,116.9300,2569572,1100
2018-02-06 15:21:00,117.3200,116.9400,116.9690,117.3200,2571878,1800
2018-02-06 15:22:00,117.3600,117.1700,117.3200,117.2200,2575287,2670
2018-02-06 15:23:00,117.3000,116.9600,117.2500,117.0310,2578381,2425
2018-02-06 15:24:00,117.1300,116.6700,117.1200,116.6700,2585019,4935
2018-02-06 15:25:00,116.8100,116.5700,116.6400,116.6600,2594984,8238
2018-02-06 15:26:00,116.8796,116.5700,116.6700,116.8796,2603229,7218
2018-02-06 15:27:00,117.1300,116.9250,116.9700,117.1300,2603974,500
2018-02-06 15:28:00,117.3400,116.9700,117.1200,117.3400,2610488,5325
2018-02-06 15:29:00,117.4500,117.3101,117.3300,117.3101,2621480,9444
2018-02-06 15:30:00,117.5200,117.3100,117.3100,117.3400,2636410,13356
2018-02-06 15:31:00,117.5900,117.3500,117.5100,117.5300,2651053,10732
2018-02-06 15:32:00,117.5700,117.0900,117.4300,117.5700,2657521,5243
2018-02-06 15:33:00,117.8000,117.5700,117.6500,117.7100,2662059,3656
2018-02-06 15:34:00,118.0000,117.6800,117.7500,117.7303,2681003,8857
2018-02-06 15:35:00,117.9300,117.7300,117.8300,117.9300,2685204,2642
2018-02-06 15:36:00,117.9500,117.5800,117.7200,117.9500,2697591,9196
2018-02-06 15:37:00,118.0508,117.8600,117.9200,118.0400,2702960,3900
2018-02-06 15:38:00,118.3190,118.0900,118.1100,118.2800,2708104,3788
2018-02-06 15:39:00,118.3400,118.1700,118.3200,118.2900,2718000,7070
2018-02-06 15:40:00,118.5380,118.3100,118.3400,118.5380,2722897,3741
2018-02-06 15:41:00,118.5200,118.3100,118.4300,118.5200,2740625,14539
2018-02-06 15:42:00,118.6900,118.3700,118.3700,118.6900,2749431,7171
2018-02-06 15:43:00,118.8400,118.6500,118.7150,118.8400,2761093,10719
2018-02-06 15:44:00,118.9890,118.6500,118.8900,118.7600,2769527,7001
2018-02-06 15:45:00,118.7300,118.5300,118.7300,118.5300,2771629,900
2018-02-06 15:46:00,118.8500,118.4500,118.4700,118.7374,2778386,4423
2018-02-06 15:47:00,118.7700,118.5700,118.7200,118.6150,2780432,1537
2018-02-06 15:48:00,118.6900,118.3700,118.5300,118.4600,2787993,4986
2018-02-06 15:49:00,118.5400,118.2200,118.4500,118.5000,2799893,10061
2018-02-06 15:50:00,118.6000,118.3200,118.5000,118.3200,2806471,4710
2018-02-06 15:51:00,118.3500,118.0200,118.2300,118.2300,2819735,10864
2018-02-06 15:52:00,118.2200,117.8600,118.2200,117.9100,2828563,7287
2018-02-06 15:53:00,118.1000,117.8100,117.9600,118.0900,2838872,7966
2018-02-06 15:54:00,118.1800,117.9300,118.1450,118.1700,2845983,5334
2018-02-06 15:55:00,118.1900,117.9100,118.1900,117.9300,2852835,4948
2018-02-06 15:56:00,118.1700,117.6500,117.9000,118.1700,2869449,14367
2018-02-06 15:57:00,118.3450,117.9901,118.1600,118.2200,2881979,10403
2018-02-06 15:58:00,118.3900,118.0901,118.1501,118.2201,2896119,10429
2018-02-06 15:59:00,118.3800,117.9500,118.2100,117.9900,2917480,18252
2018-02-06 16:00:00,118.4100,117.8200,118.0500,118.3100,2962855,38760
2018-02-07 09:31:00,117.7100,117.0101,117.1900,117.2917,43261,33663
2018-02-07 09:32:00,117.5000,117.1400,117.1600,117.4900,44916,1400
2018-02-07 09:33:00,117.6300,117.0500,117.4700,117.0500,52779,5813
2018-02-07 09:34:00,117.2100,116.6000,117.0501,116.7800,59526,5421
2018-02-07 09:35:00,117.7000,117.0900,117.0900,117.7000,64702,4130
2018-02-07 09:36:00,118.2300,117.3000,117.5697,117.3000,74797,8511
2018-02-07 09:37:00,117.6500,117.0200,117.5447,117.5100,80408,4822
2018-02-07 09:38:00,117.9600,117.2500,117.3500,117.9600,85455,4419
2018-02-07 09:39:00,118.1700,117.8200,118.0699,117.8300,90407,4000
2018-02-07 09:40:00,118.1979,117.6300,117.9300,117.7000,98061,6436
2018-02-07 09:41:00,118.1600,117.7600,117.8700,118.0900,105054,5837
2018-02-07 09:42:00,118.5900,118.0800,118.3000,118.5000,113036,6066
2018-02-07 09:43:00,118.6700,118.0000,118.5000,118.0950,137239,22733
2018-02-07 09:44:00,118.2100,117.3300,117.9900,117.5200,144551,5583