2018-02-05 09:31:00,124.8400,123.1100,124.3300,123.3050,51061,30476
2018-02-05 09:32:00,124.1700,123.4900,123.5000,124.0430,58205,4942
2018-02-05 09:33:00,125.0000,123.7600,124.0087,125.0000,69592,10107
2018-02-05 09:34:00,124.7159,124.5800,124.5937,124.5955,73856,1818
2018-02-05 09:35:00,124.9400,124.2000,124.6000,124.5000,79523,4763
2018-02-05 09:36:00,124.9100,124.3800,124.3800,124.4400,86179,6400
2018-02-05 09:37:00,125.2000,124.4200,124.5777,125.1000,99723,12168
2018-02-05 09:38:00,126.1000,125.0500,125.2100,126.1000,108612,6991
2018-02-05 09:39:00,126.4000,126.1000,126.3200,126.2210,112550,3327
2018-02-05 09:40:00,126.1300,125.7400,126.1300,126.0000,118941,5195
2018-02-05 09:41:00,127.4300,125.9940,125.9940,127.4300,125424,4183
2018-02-05 09:42:00,127.5516,127.0100,127.5516,127.1441,127070,1325
2018-02-05 09:43:00,127.6000,127.0300,127.6000,127.0300,130436,2729
2018-02-05 09:44:00,127.1799,126.3510,127.0010,127.1799,133919,2618
2018-02-05 09:45:00,126.6493,126.4600,126.5700,126.5300,136882,2478
2018-02-05 09:46:00,127.2700,126.5800,126.9900,127.0750,143728,5583
2018-02-05 09:47:00,127.4500,127.0000,127.0900,127.0200,150683,5537
2018-02-05 09:48:00,127.1800,126.9716,126.9716,127.0700,151588,600
2018-02-05 09:49:00,127.3700,127.0383,127.0383,127.0609,152234,500
2018-02-05 09:50:00,127.3900,126.9100,127.3850,126.9100,156235,3549
2018-02-05 09:51:00,127.2900,126.8200,127.2900,126.8200,159387,2750
2018-02-05 09:52:00,127.2400,126.5300,126.9007,127.0350,164713,4548
2018-02-05 09:53:00,127.1100,126.6300,127.0200,126.8000,170841,5195
2018-02-05 09:54:00,126.8000,126.5000,126.8000,126.5055,172808,1260
2018-02-05 09:55:00,126.7699,126.4300,126.5300,126.5600,177830,4627
2018-02-05 09:56:00,127.0000,126.5600,126.5600,126.8200,193236,14314
2018-02-05 09:57:00,127.5638,127.0200,127.2399,127.5000,206397,12528
2018-02-05 09:58:00,127.7500,127.5475,127.6200,127.7500,208499,1500
2018-02-05 09:59:00,128.0000,127.6301,127.6301,127.7500,216582,7534
2018-02-05 10:00:00,128.2700,128.0065,128.2700,128.2100,218313,1437
2018-02-05 10:01:00,128.1150,127.9800,128.1150,128.0000,219880,1200
2018-02-05 10:02:00,128.0380,127.5500,128.0000,127.5500,226383,5625
2018-02-05 10:03:00,128.0500,127.6917,127.6917,128.0000,232320,4983
2018-02-05 10:04:00,127.9736,127.8000,127.9736,127.8000,234699,2250
2018-02-05 10:05:00,128.3100,128.0300,128.0300,128.1800,238559,2992
2018-02-05 10:06:00,128.2800,127.8400,128.2800,127.8400,241025,2107
2018-02-05 10:07:00,128.0000,127.5600,128.0000,127.5600,243994,2820
2018-02-05 10:08:00,127.9800,127.5800,127.8378,127.8800,249309,4507
2018-02-05 10:09:00,128.4700,127.9500,127.9800,128.4448,252025,2013
2018-02-05 10:10:00,128.8600,128.5800,128.5800,128.6500,256314,3800
2018-02-05 10:11:00,129.2000,128.8095,128.9990,129.1025,260548,3925
2018-02-05 10:12:00,129.1550,128.7300,129.1333,128.7400,263912,2531
2018-02-05 10:13:00,129.4300,128.9400,128.9400,129.2600,268861,3294
2018-02-05 10:14:00,129.5000,129.2210,129.2210,129.2600,276043,6405
2018-02-05 10:15:00,129.5950,129.3850,129.3850,129.5950,278420,2200
2018-02-05 10:16:00,129.7500,129.7295,129.7295,129.7500,279496,562
2018-02-05 10:17:00,130.0000,129.7800,129.9100,129.7800,281823,1775
2018-02-05 10:18:00,130.2600,129.7800,129.8400,130.2600,287811,4804
2018-02-05 10:19:00,130.2800,129.8100,130.0000,129.9500,295273,7000
2018-02-05 10:20:00,130.0650,130.0650,130.0650,130.0650,295389,100
2018-02-05 10:21:00,130.0750,129.7000,130.0750,129.9400,299655,3500
2018-02-05 10:22:00,129.8750,129.7700,129.8356,129.7800,301988,2100
2018-02-05 10:23:00,130.0900,129.7010,129.7850,130.0850,306043,2729
2018-02-05 10:24:00,130.1400,130.0700,130.1000,130.1400,306964,700
2018-02-05 10:25:00,130.6750,130.2950,130.2950,130.6750,309284,1333
2018-02-05 10:26:00,130.8999,130.5400,130.7150,130.7152,312257,2728
2018-02-05 10:27:00,130.8200,130.7255,130.7255,130.8200,312787,300
2018-02-05 10:28:00,130.7297,129.8491,130.7297,129.9000,317234,3309
2018-02-05 10:29:00,130.0340,129.8200,129.9168,129.9800,320373,2830
2018-02-05 10:30:00,130.4200,129.9800,130.0300,130.4200,324914,3602
2018-02-05 10:31:00,130.0050,129.1700,130.0000,129.5817,330874,5396
2018-02-05 10:32:00,129.6700,129.2098,129.3320,129.3400,333999,3000
2018-02-05 10:33:00,129.9200,129.2700,129.3837,129.2700,341156,5852
2018-02-05 10:34:00,129.3593,128.8300,129.3593,128.9000,345522,3369
2018-02-05 10:35:00,129.5700,129.0000,129.0000,129.1184,350750,4259
2018-02-05 10:36:00,129.2450,129.1260,129.1681,129.1260,351520,600
2018-02-05 10:37:00,129.3400,129.1000,129.1800,129.2150,354938,3258
2018-02-05 10:38:00,129.2150,128.8789,129.2150,129.0000,357087,1194
2018-02-05 10:39:00,128.7800,128.5690,128.7700,128.6600,358949,1678
2018-02-05 10:40:00,128.6300,128.4100,128.5700,128.4100,361401,1953
2018-02-05 10:41:00,128.5500,128.1240,128.3200,128.4900,364247,2050
2018-02-05 10:42:00,129.0000,128.3442,128.3442,128.9600,368490,3866
2018-02-05 10:43:00,128.9500,128.5000,128.9500,128.7099,372320,2887
2018-02-05 10:44:00,128.8100,128.7350,128.8000,128.7350,374768,2300
2018-02-05 10:45:00,129.2100,128.6400,128.7450,129.0900,377495,2300
2018-02-05 10:46:00,129.5000,128.9000,129.1000,128.9600,381521,3470
2018-02-05 10:47:00,129.5000,129.0000,129.0400,129.5000,391042,7902
2018-02-05 10:48:00,129.7400,129.3600,129.7400,129.6900,395266,3700
2018-02-05 10:49:00,129.7100,129.0900,129.7100,129.3490,413794,16439
2018-02-05 10:50:00,129.3200,128.8530,129.3200,129.0500,423251,8296
2018-02-05 10:51:00,129.0989,128.3900,129.0500,128.3900,430499,6384
2018-02-05 10:52:00,128.5266,128.5266,128.5266,128.5266,430602,103
2018-02-05 10:53:00,128.9500,128.6300,128.7100,128.7100,441545,8083
2018-02-05 10:54:00,129.0900,128.7000,128.7200,129.0000,452244,9148
2018-02-05 10:55:00,129.1711,129.1200,129.1200,129.1711,452790,400
2018-02-05 10:56:00,129.1100,129.1100,129.1100,129.1100,453176,200
2018-02-05 10:57:00,129.3700,129.1500,129.1800,129.2145,453856,455
2018-02-05 10:58:00,129.4900,129.3400,129.3500,129.4150,456619,2200
2018-02-05 10:59:00,129.5900,129.1800,129.4200,129.1800,470097,12345
2018-02-05 11:00:00,129.2900,129.1286,129.1500,129.1286,473652,2480
2018-02-05 11:01:00,129.4900,129.2600,129.3300,129.4700,475872,1488
2018-02-05 11:02:00,129.4100,129.1800,129.3900,129.3399,477804,1248
2018-02-05 11:03:00,129.2900,129.2900,129.2900,129.2900,477940,125
2018-02-05 11:04:00,129.1600,129.0000,129.1600,129.0000,480266,1410
2018-02-05 11:05:00,129.0000,128.9351,128.9351,128.9626,480950,600
2018-02-05 11:06:00,129.0584,128.7900,129.0247,128.7900,482946,1531
2018-02-05 11:07:00,129.1900,128.8100,128.8100,129.1145,486854,3098
2018-02-05 11:08:00,128.9500,128.7600,128.9300,128.9004,488021,1000
2018-02-05 11:09:00,129.1400,128.9500,129.1400,128.9500,488321,300
2018-02-05 11:10:00,128.9500,128.6500,128.8063,128.8750,491425,2225
2018-02-05 11:11:00,128.9590,128.7188,128.9500,128.7188,493837,2412
2018-02-05 11:13:00,128.9400,128.7600,128.9100,128.7600,497005,2473
2018-02-05 11:14:00,128.6800,128.4700,128.6200,128.6800,499163,1433
2018-02-05 11:15:00,128.7699,128.5350,128.7699,128.5350,500791,1516
2018-02-05 11:16:00,128.5400,128.0200,128.5400,128.5300,504135,2511
2018-02-05 11:17:00,128.5150,128.2601,128.2601,128.5150,517201,12962
2018-02-05 11:18:00,128.5000,127.6400,128.5000,127.6400,534505,16351
2018-02-05 11:19:00,127.9300,127.5500,127.5800,127.8900,539539,4445
2018-02-05 11:20:00,128.1700,127.8050,127.9200,128.1300,541431,1320
2018-02-05 11:21:00,128.0600,128.0600,128.0600,128.0600,541832,400
2018-02-05 11:22:00,128.3200,128.2600,128.2600,128.3200,542159,200
2018-02-05 11:23:00,128.3469,128.1900,128.2950,128.1900,543218,817
2018-02-05 11:24:00,128.3154,128.2898,128.2898,128.3154,543843,620
2018-02-05 11:25:00,128.8299,128.3650,128.5200,128.8299,544856,668
2018-02-05 11:26:00,128.6700,128.6700,128.6700,128.6700,545139,200
2018-02-05 11:27:00,128.9500,128.6500,128.7000,128.9400,547776,2542
2018-02-05 11:28:00,129.1100,128.7200,129.0400,128.8400,558171,7589
2018-02-05 11:29:00,129.1000,128.5300,129.1000,128.8900,559862,1339
2018-02-05 11:30:00,128.8000,128.8000,128.8000,128.8000,560018,100
2018-02-05 11:32:00,128.7400,128.5400,128.7400,128.5400,560647,400
2018-02-05 11:34:00,128.8900,128.6200,128.6200,128.8900,562993,2000
2018-02-05 11:35:00,128.8631,128.6349,128.8500,128.8631,563626,415
2018-02-05 11:36:00,128.9100,128.8255,128.9100,128.8255,564218,420
2018-02-05 11:37:00,128.9700,128.7813,128.7813,128.9700,564433,215
2018-02-05 11:38:00,128.9600,128.8150,128.8150,128.9500,564988,555
2018-02-05 11:39:00,128.8800,128.8800,128.8800,128.8800,565088,100
2018-02-05 11:40:00,128.8800,128.8700,128.8700,128.8800,565591,400
2018-02-05 11:41:00,128.7600,128.6900,128.7400,128.7500,567831,1400
2018-02-05 11:42:00,128.9900,128.6800,128.6900,128.7900,571510,2797
2018-02-05 11:43:00,128.6859,128.6859,128.6859,128.6859,571670,120
2018-02-05 11:44:00,128.7000,128.5500,128.7000,128.6900,573162,1064
2018-02-05 11:45:00,128.6700,128.4100,128.6700,128.4100,573362,200
2018-02-05 11:46:00,128.5800,128.4400,128.5500,128.4400,574004,400
2018-02-05 11:47:00,128.7100,128.3600,128.4400,128.6500,575150,1024
2018-02-05 11:48:00,128.6200,128.3200,128.6200,128.5300,576993,1164
2018-02-05 11:51:00,128.4600,128.4600,128.4600,128.4600,577335,100
2018-02-05 11:52:00,128.7600,128.4400,128.4400,128.6400,581915,3700
2018-02-05 11:53:00,128.6400,128.3800,128.6400,128.5200,586306,3477
2018-02-05 11:54:00,128.7000,128.5100,128.5100,128.5600,588901,1800
2018-02-05 11:55:00,128.7300,128.6000,128.6000,128.7300,589767,853
2018-02-05 11:56:00,128.8100,128.6705,128.6705,128.8100,590636,719
2018-02-05 11:57:00,128.7200,128.3700,128.7200,128.6100,593940,2520
2018-02-05 11:58:00,128.6900,128.3900,128.4200,128.6830,596327,1900
2018-02-05 12:00:00,128.7800,128.7800,128.7800,128.7800,596601,200
2018-02-05 12:01:00,129.0599,128.7800,128.7800,129.0599,597628,873
2018-02-05 12:02:00,129.0200,128.8700,129.0200,128.8700,598539,900
2018-02-05 12:03:00,128.8600,128.7200,128.8600,128.7200,600049,929
2018-02-05 12:04:00,128.6650,128.5100,128.6650,128.5100,600285,200
2018-02-05 12:05:00,128.6700,128.3300,128.6700,128.3300,601333,900
2018-02-05 12:06:00,128.6507,128.4376,128.6507,128.4376,602459,1123
2018-02-05 12:07:00,128.6500,128.4800,128.5300,128.5100,603566,850
2018-02-05 12:08:00,128.6250,128.4600,128.5100,128.6000,604486,732
2018-02-05 12:09:00,128.6600,128.6000,128.6600,128.6000,604986,438
2018-02-05 12:10:00,128.5590,128.1501,128.5300,128.5590,608396,3400
2018-02-05 12:11:00,128.4184,128.1600,128.4184,128.1600,609657,1042
2018-02-05 12:13:00,128.7500,128.1869,128.1869,128.7500,612436,1370
2018-02-05 12:14:00,128.6716,128.6452,128.6500,128.6452,613406,900
2018-02-05 12:15:00,128.6600,128.6500,128.6500,128.6600,614162,700
2018-02-05 12:16:00,128.5100,128.3500,128.5000,128.4547,615577,909
2018-02-05 12:17:00,128.5000,128.4100,128.4100,128.4500,617063,1300
2018-02-05 12:19:00,128.4492,128.4492,128.4492,128.4492,617324,230
2018-02-05 12:20:00,128.5800,128.5100,128.5800,128.5100,617617,200
2018-02-05 12:22:00,128.6572,128.5100,128.6100,128.6572,618722,574
2018-02-05 12:23:00,128.4000,128.2800,128.4000,128.3350,619857,700
2018-02-05 12:24:00,128.5700,128.5000,128.5000,128.5000,620157,300
2018-02-05 12:26:00,128.5000,128.2700,128.4000,128.3598,621240,875
2018-02-05 12:27:00,128.6200,128.4400,128.5100,128.5579,623039,1244
2018-02-05 12:28:00,128.7300,128.7300,128.7300,128.7300,623230,100
2018-02-05 12:29:00,128.6250,128.1800,128.4900,128.6250,625938,2215
2018-02-05 12:30:00,128.6200,128.4500,128.6200,128.4500,626538,600
2018-02-05 12:32:00,128.9400,128.6600,128.6600,128.9400,627946,729
2018-02-05 12:33:00,128.9500,128.9500,128.9500,128.9500,628046,100
2018-02-05 12:34:00,129.0600,128.4900,128.8395,128.9300,631280,2350
2018-02-05 12:35:00,128.8800,128.6200,128.7700,128.6600,632080,640
2018-02-05 12:36:00,128.7800,128.6400,128.6400,128.7800,632420,200
2018-02-05 12:38:00,128.6407,128.1300,128.6200,128.2800,633840,1289
2018-02-05 12:39:00,128.8000,128.2500,128.4700,128.7000,635501,1000
2018-02-05 12:40:00,128.6900,128.4600,128.5561,128.6300,636566,704
2018-02-05 12:41:00,128.8300,128.6200,128.6250,128.8300,638887,2001
2018-02-05 12:42:00,128.9300,128.6600,128.9300,128.6600,641009,2018
2018-02-05 12:45:00,129.1300,128.8000,128.8200,129.0200,645220,3409
2018-02-05 12:46:00,129.2600,129.1000,129.1000,129.2600,646213,800
2018-02-05 12:47:00,129.1000,129.0000,129.0000,129.1000,647959,1517
2018-02-05 12:48:00,129.0000,128.9300,128.9750,129.0000,648876,900
2018-02-05 12:49:00,129.1550,129.0100,129.1550,129.0100,649328,350
2018-02-05 12:50:00,129.1650,129.1650,129.1650,129.1650,649729,400
2018-02-05 12:51:00,129.1900,129.1900,129.1900,129.1900,650031,300
2018-02-05 12:52:00,129.0800,128.8400,129.0400,128.9600,652407,1990
2018-02-05 12:53:00,128.9400,128.9400,128.9400,128.9400,652546,100
2018-02-05 12:54:00,129.0900,128.5300,129.0400,128.6600,657191,3598
2018-02-05 12:55:00,128.7200,128.7200,128.7200,128.7200,657491,100
2018-02-05 12:56:00,128.5300,128.1100,128.5300,128.5200,659205,1227
2018-02-05 12:57:00,128.7000,128.4600,128.4700,128.6850,660217,603
2018-02-05 12:58:00,128.4900,128.4200,128.4900,128.4200,660617,400
2018-02-05 12:59:00,128.5300,128.5300,128.5300,128.5300,660737,100
2018-02-05 13:00:00,128.4900,128.3000,128.3000,128.4900,662538,1600
2018-02-05 13:01:00,128.5000,128.4900,128.4900,128.5000,662974,221
2018-02-05 13:03:00,128.5500,128.1001,128.5500,128.2550,669314,5273
2018-02-05 13:04:00,128.4000,128.1500,128.4000,128.1500,670215,700
2018-02-05 13:05:00,128.5100,128.1100,128.5100,128.1100,671272,900
2018-02-05 13:06:00,128.3500,128.2100,128.2100,128.2100,672473,400
2018-02-05 13:07:00,128.3803,128.3803,128.3803,128.3803,672573,100
2018-02-05 13:08:00,128.3500,128.3500,128.3500,128.3500,672728,100
2018-02-05 13:09:00,128.3650,128.2101,128.3650,128.2101,675469,2741
2018-02-05 13:11:00,128.4800,128.2500,128.2500,128.4800,675798,200
2018-02-05 13:12:00,128.5944,128.3000,128.5500,128.3800,678261,1518
2018-02-05 13:13:00,128.5699,128.3950,128.5000,128.3950,679562,1300
2018-02-05 13:14:00,128.4500,128.4101,128.4101,128.4500,679867,200
2018-02-05 13:15:00,128.6900,128.5500,128.5500,128.5600,680169,300
2018-02-05 13:16:00,128.8300,128.6000,128.7100,128.6600,681847,1473
2018-02-05 13:17:00,128.5000,128.4900,128.5000,128.4900,682410,359
2018-02-05 13:18:00,128.5000,128.2900,128.4900,128.2900,683021,400
2018-02-05 13:19:00,128.2000,128.1300,128.1450,128.2000,684046,800
2018-02-05 13:20:00,128.2800,127.5150,128.2600,127.7300,688059,2367
2018-02-05 13:21:00,128.5600,127.4829,127.4878,128.3050,693874,4955
2018-02-05 13:22:00,128.2497,128.2497,128.2497,128.2497,694089,200
2018-02-05 13:23:00,128.2000,128.2000,128.2000,128.2000,694199,100
2018-02-05 13:25:00,128.4900,128.1600,128.2600,128.4850,695856,1100
2018-02-05 13:26:00,128.4300,127.9810,128.4300,127.9810,698088,1744
2018-02-05 13:27:00,127.9900,127.7000,127.9900,127.8949,699406,729
2018-02-05 13:28:00,128.0000,127.7310,127.8550,127.8400,706029,4601
2018-02-05 13:29:00,127.7200,127.4580,127.7200,127.5300,707588,1174
2018-02-05 13:30:00,127.7150,127.5450,127.5450,127.6500,709557,1508
2018-02-05 13:31:00,128.0300,127.6469,127.6500,128.0300,710627,725
2018-02-05 13:32:00,127.9900,127.9900,127.9900,127.9900,711013,100
2018-02-05 13:33:00,128.3400,128.0202,128.0202,128.3400,712399,1111
2018-02-05 13:34:00,128.4709,128.2403,128.2403,128.4709,713200,730
2018-02-05 13:35:00,128.4250,127.9700,128.4250,128.1600,714734,1106
2018-02-05 13:36:00,128.0304,127.8600,128.0304,127.8638,719940,5070
2018-02-05 13:37:00,128.0200,127.7000,128.0200,127.8000,722424,2200
2018-02-05 13:38:00,127.9000,127.6700,127.7400,127.9000,724913,1500
2018-02-05 13:39:00,128.0595,127.8800,128.0595,127.8800,725798,575
2018-02-05 13:40:00,127.8800,127.8700,127.8800,127.8700,726457,300
2018-02-05 13:41:00,127.8147,127.8147,127.8147,127.8147,726858,225
2018-02-05 13:42:00,128.3290,127.7882,128.0000,128.0300,729364,1941
2018-02-05 13:44:00,128.1200,128.1200,128.1200,128.1200,729673,100
2018-02-05 13:45:00,128.2500,128.2500,128.2500,128.2500,729951,149
2018-02-05 13:47:00,128.6300,128.4000,128.4100,128.6300,730970,425
2018-02-05 13:48:00,128.4800,128.2600,128.3599,128.3600,731785,800
2018-02-05 13:49:00,128.4000,128.3450,128.3450,128.4000,732486,500
2018-02-05 13:50:00,128.3000,128.0040,128.2200,128.3000,735573,2564
2018-02-05 13:51:00,128.3000,128.1800,128.2000,128.1800,735984,400
2018-02-05 13:52:00,128.6100,128.3200,128.3200,128.6100,736589,400
2018-02-05 13:53:00,128.5524,128.4900,128.4900,128.5117,737589,1000
2018-02-05 13:54:00,128.6300,128.5200,128.5200,128.5200,738484,700
2018-02-05 13:55:00,128.8200,128.5250,128.6900,128.7905,740585,1900
2018-02-05 13:56:00,128.7950,128.7950,128.7950,128.7950,740785,200
2018-02-05 13:57:00,128.9200,128.8000,128.8000,128.9200,741015,200
2018-02-05 13:58:00,128.9400,128.2500,128.9300,128.5502,747045,5131
2018-02-05 13:59:00,128.6169,128.5037,128.5200,128.5037,747570,525
2018-02-05 14:00:00,128.7000,128.5600,128.6600,128.6475,749386,1514
2018-02-05 14:01:00,128.8000,128.8000,128.8000,128.8000,749542,100
2018-02-05 14:02:00,128.6432,128.4700,128.5300,128.6432,753024,2908
2018-02-05 14:03:00,128.5100,128.5000,128.5100,128.5000,753424,400
2018-02-05 14:04:00,128.5600,128.5600,128.5600,128.5600,753558,100
2018-02-05 14:05:00,128.6950,128.5000,128.5200,128.6950,754429,800
2018-02-05 14:06:00,128.6700,128.5000,128.6700,128.5500,755532,816
2018-02-05 14:07:00,128.5000,128.5000,128.5000,128.5000,755632,100
2018-02-05 14:08:00,128.4050,128.4050,128.4050,128.4050,755761,100
2018-02-05 14:10:00,128.3200,128.2000,128.3200,128.2000,756732,800
2018-02-05 14:12:00,128.5500,128.2600,128.3600,128.4200,764342,7000
2018-02-05 14:14:00,128.5000,128.4300,128.5000,128.4400,764792,300
2018-02-05 14:15:00,128.4800,128.4800,128.4800,128.4800,765079,100
2018-02-05 14:16:00,128.4150,128.2500,128.4150,128.2500,766704,1285
2018-02-05 14:17:00,128.2050,128.2050,128.2050,128.2050,766860,100
2018-02-05 14:18:00,128.2589,128.0800,128.2589,128.1850,767549,687
2018-02-05 14:19:00,128.0800,127.9357,128.0700,127.9357,768850,1100
2018-02-05 14:21:00,128.3100,127.9800,127.9800,128.1500,770737,1680
2018-02-05 14:23:00,128.2600,128.1200,128.1300,128.2100,773012,1771
2018-02-05 14:25:00,128.1200,128.1200,128.1200,128.1200,773322,100
2018-02-05 14:28:00,128.0066,128.0066,128.0066,128.0066,773891,109
2018-02-05 14:29:00,128.0750,128.0750,128.0750,128.0750,773991,100
2018-02-05 14:30:00,128.2950,128.2600,128.2600,128.2950,775002,900
2018-02-05 14:31:00,128.4500,128.3050,128.3050,128.4200,775315,300
2018-02-05 14:32:00,128.1510,128.1510,128.1510,128.1510,775429,114
2018-02-05 14:33:00,128.4500,128.3200,128.4500,128.3200,775787,200
2018-02-05 14:34:00,128.2000,128.1300,128.1600,128.2000,776789,897
2018-02-05 14:35:00,128.0700,127.5600,127.9400,127.8500,780061,2599
2018-02-05 14:36:00,127.8700,127.8400,127.8400,127.8400,780528,300
2018-02-05 14:38:00,128.1400,128.0750,128.0750,128.1400,780765,200
2018-02-05 14:39:00,128.0037,128.0037,128.0037,128.0037,781081,200
2018-02-05 14:40:00,127.9700,127.7300,127.9550,127.9700,782729,1485
2018-02-05 14:41:00,128.1600,127.8286,127.9300,128.0800,783721,900
2018-02-05 14:42:00,128.0600,127.7567,128.0200,127.7567,784542,600
2018-02-05 14:43:00,128.0200,127.8700,127.8700,127.9600,785772,700
2018-02-05 14:44:00,127.8400,127.8001,127.8001,127.8400,787028,1000
2018-02-05 14:45:00,127.8490,127.6800,127.7900,127.8490,788044,700
2018-02-05 14:46:00,128.0204,127.8000,127.8000,128.0204,789577,1400
2018-02-05 14:47:00,127.9303,127.7300,127.8700,127.8100,791374,1440
2018-02-05 14:48:00,127.7450,127.6100,127.7450,127.6100,791951,513
2018-02-05 14:49:00,127.7452,127.6000,127.7452,127.6000,792787,735
2018-02-05 14:50:00,127.8803,127.6600,127.6600,127.8803,794844,1812
2018-02-05 14:51:00,127.6500,127.1800,127.6400,127.3752,797676,2550
2018-02-05 14:52:00,127.3200,127.0900,127.0900,127.3200,799812,1750
2018-02-05 14:53:00,127.3200,127.3200,127.3200,127.3200,800134,200
2018-02-05 14:54:00,127.2811,127.2811,127.2811,127.2811,800438,202
2018-02-05 14:55:00,127.2850,126.7900,127.2850,126.7900,804231,3378
2018-02-05 14:56:00,127.0400,126.7000,126.9000,126.8700,806583,1300
2018-02-05 14:57:00,126.8490,126.2101,126.8490,126.2205,809975,2780
2018-02-05 14:58:00,126.5800,126.2500,126.2500,126.3500,812872,2041
2018-02-05 14:59:00,126.5800,126.2510,126.5700,126.5000,817207,3850
2018-02-05 15:00:00,126.6900,126.4000,126.6007,126.4200,820720,3300
2018-02-05 15:01:00,126.5800,126.1600,126.2200,126.4900,825883,4624
2018-02-05 15:02:00,126.7300,126.4727,126.6350,126.5110,827809,1596
2018-02-05 15:03:00,126.7052,126.6600,126.6600,126.7052,828392,387
2018-02-05 15:04:00,126.8200,126.5000,126.7500,126.5000,832094,2692
2018-02-05 15:05:00,126.2100,125.9800,126.2100,125.9800,836363,3550
2018-02-05 15:06:00,126.3500,125.9100,126.0200,126.2689,839420,2283
2018-02-05 15:07:00,126.4000,125.9986,126.4000,126.0189,842071,2410
2018-02-05 15:08:00,125.9300,125.6100,125.9100,125.7497,848651,5504
2018-02-05 15:09:00,125.8600,125.1686,125.6101,125.1686,852999,3842
2018-02-05 15:10:00,125.3809,124.5000,125.3700,124.6883,859149,4727
2018-02-05 15:11:00,124.7400,124.3500,124.7400,124.3700,862119,2748
2018-02-05 15:12:00,124.7100,124.0400,124.3601,124.2100,870790,7891
2018-02-05 15:13:00,125.4900,124.6800,124.6800,125.4900,877445,5460
2018-02-05 15:14:00,125.5800,125.2909,125.4800,125.2909,878164,535
2018-02-05 15:15:00,126.5000,125.1300,125.1500,126.3300,888123,8901
2018-02-05 15:16:00,126.6600,126.2800,126.4550,126.6600,892910,3271
2018-02-05 15:17:00,126.6700,126.3200,126.4300,126.4800,899304,4964
2018-02-05 15:18:00,126.8700,126.5707,126.5707,126.8700,901092,1400
2018-02-05 15:19:00,126.9450,126.1000,126.7400,126.1000,905346,3209
2018-02-05 15:20:00,126.2300,125.9900,126.2300,125.9900,907159,1315
2018-02-05 15:21:00,126.0044,126.0044,126.0044,126.0044,908062,550
2018-02-05 15:22:00,126.3700,125.3401,125.8600,126.3700,914667,4802
2018-02-05 15:23:00,126.5600,125.5601,125.8210,126.0100,920341,5250
2018-02-05 15:24:00,126.7390,126.2400,126.3200,126.7390,922183,1200
2018-02-05 15:25:00,126.6100,126.0900,126.6100,126.1520,925579,3100
2018-02-05 15:26:00,126.5500,126.1730,126.1730,126.3369,927210,724
2018-02-05 15:27:00,126.5800,126.1690,126.4700,126.5800,930622,3039
2018-02-05 15:28:00,126.8100,126.5400,126.6200,126.8100,931783,700
2018-02-05 15:29:00,126.7000,126.3000,126.6866,126.7000,937864,4815
2018-02-05 15:30:00,126.6292,126.5000,126.6292,126.5000,938692,628
2018-02-05 15:31:00,126.4700,126.0100,126.4700,126.0725,942161,1800
2018-02-05 15:32:00,126.2000,125.7900,126.1600,125.7900,943874,1366
2018-02-05 15:33:00,126.2600,126.0500,126.2500,126.2600,945343,700
2018-02-05 15:34:00,126.5800,126.5000,126.5000,126.5600,947155,815
2018-02-05 15:35:00,126.5500,126.2950,126.4600,126.2950,951374,2700
2018-02-05 15:36:00,126.6800,126.4800,126.4800,126.5200,953661,1200
2018-02-05 15:37:00,126.5400,125.9300,126.5400,125.9300,956899,2000
2018-02-05 15:38:00,126.3099,125.9500,126.0800,125.9500,960849,2302
2018-02-05 15:39:00,126.0500,125.5000,125.9500,125.5000,963869,2092
2018-02-05 15:40:00,125.6650,125.2100,125.4000,125.2400,969536,4300
2018-02-05 15:41:00,125.3400,125.0100,125.1300,125.0870,973570,3182
2018-02-05 15:42:00,125.1900,124.7900,124.8610,124.9100,988825,12068
2018-02-05 15:43:00,125.1200,124.9100,124.9590,124.9300,994247,3459
2018-02-05 15:44:00,125.4400,124.8800,124.9800,124.9700,1005288,9072
2018-02-05 15:45:00,125.3302,124.9400,125.1100,125.3302,1008000,1800
2018-02-05 15:46:00,125.3600,125.2100,125.2610,125.3003,1010639,2315
2018-02-05 15:47:00,125.3800,125.1300,125.3144,125.3200,1013472,2600
2018-02-05 15:48:00,125.3100,124.9000,125.3100,124.9000,1018039,3136
2018-02-05 15:49:00,124.9800,124.7500,124.9800,124.7500,1020176,1400
2018-02-05 15:50:00,124.8400,124.5800,124.6300,124.7500,1028644,7377
2018-02-05 15:51:00,124.9600,124.2401,124.5800,124.4600,1039767,9179
2018-02-05 15:52:00,124.5550,124.1500,124.5550,124.5400,1042446,2220
2018-02-05 15:53:00,124.5700,124.2400,124.3890,124.5000,1047432,4247
2018-02-05 15:54:00,124.9000,124.3200,124.7000,124.3200,1053797,4915
2018-02-05 15:55:00,124.5500,124.3300,124.3300,124.5400,1056609,2349
2018-02-05 15:56:00,124.8800,124.3800,124.3800,124.4400,1065136,6003
2018-02-05 15:57:00,124.7500,124.4900,124.5500,124.5700,1076918,8479
2018-02-05 15:58:00,124.8190,124.3500,124.5800,124.5300,1085643,6861
2018-02-05 15:59:00,124.5200,124.2500,124.5200,124.2500,1100469,11937
2018-02-05 16:00:00,124.2400,123.7500,124.1150,123.9300,1117539,11594
2018-02-06 09:31:00,117.0000,114.7400,116.0000,114.9400,109840,71778
2018-02-06 09:32:00,118.7300,114.4000,115.3900,118.2200,140059,25925
2018-02-06 09:33:00,119.2205,117.8400,118.1753,119.2205,151575,8438
2018-02-06 09:34:00,120.5990,119.2400,119.6000,120.0800,162567,7679
2018-02-06 09:35:00,121.1928,119.3100,120.0900,121.1928,176971,9594
2018-02-06 09:36:00,123.8800,121.0300,121.0300,123.3200,192380,13677
2018-02-06 09:37:00,124.0100,122.3152,123.7800,122.3874,205069,9851
2018-02-06 09:38:00,123.2600,122.6400,122.8400,122.7100,212215,6149
2018-02-06 09:39:00,122.8900,121.2800,122.6800,121.3056,236418,22671
2018-02-06 09:40:00,123.0110,121.4410,121.6000,123.0110,248889,11522
2018-02-06 09:41:00,124.0000,123.0500,123.2750,123.1100,257202,7423
2018-02-06 09:42:00,123.9700,123.0100,123.0100,123.6300,267134,9000
2018-02-06 09:43:00,124.8400,123.5800,123.8500,124.7300,274657,5665
2018-02-06 09:44:00,125.2740,124.6270,124.6270,125.0250,293819,17410
2018-02-06 09:45:00,125.2500,124.1900,125.0100,124.2700,299942,5013
2018-02-06 09:46:00,124.5050,123.7500,124.1750,123.7700,306116,5600
2018-02-06 09:47:00,124.0700,123.5500,123.7700,123.5600,313257,6734
2018-02-06 09:48:00,123.7700,123.2200,123.7590,123.3500,316481,2400
2018-02-06 09:49:00,124.1100,123.3900,123.7600,123.5600,325314,7667
2018-02-06 09:50:00,123.7100,122.5400,123.7100,122.7250,338260,11223
2018-02-06 09:51:00,123.2800,122.1100,122.9500,123.2200,349065,9196
2018-02-06 09:52:00,123.7900,122.7400,122.9938,123.0700,356303,5700
2018-02-06 09:53:00,123.2400,122.2200,123.0800,122.4695,368369,10810
2018-02-06 09:54:00,123.7200,122.6100,122.6700,123.1501,382680,12257
2018-02-06 09:55:00,123.5500,122.3200,123.1600,123.5500,395271,11240
2018-02-06 09:56:00,124.6900,123.3910,123.4700,124.6700,401350,4845
2018-02-06 09:57:00,124.6700,123.3000,124.6200,123.8800,406072,4131
2018-02-06 09:58:00,123.9790,122.8000,123.6997,123.3700,411047,4100
2018-02-06 09:59:00,123.6650,123.0899,123.0899,123.4455,416517,4000
2018-02-06 10:00:00,124.2800,123.1700,123.4776,124.0650,423638,6003
2018-02-06 10:01:00,124.7000,123.9901,124.2300,123.9901,427634,3045
2018-02-06 10:02:00,124.4950,124.0000,124.1700,124.2500,429463,1604
2018-02-06 10:03:00,124.7600,124.2601,124.4900,124.5490,432085,2400
2018-02-06 10:04:00,124.7500,124.3900,124.5500,124.6629,436744,4192
2018-02-06 10:05:00,124.9900,124.5100,124.5100,124.8150,439313,2013
2018-02-06 10:06:00,125.1900,124.6500,124.6500,125.0200,443523,3200
2018-02-06 10:07:00,125.0600,124.1400,124.9100,124.1400,449617,5261
2018-02-06 10:08:00,124.0999,123.8997,124.0990,123.8997,450600,710
2018-02-06 10:09:00,124.3200,123.7000,123.8709,123.7000,454177,2700
2018-02-06 10:10:00,123.6247,123.5200,123.5900,123.6247,455998,1300
2018-02-06 10:11:00,124.2000,123.5756,123.5756,123.7901,462327,4782
2018-02-06 10:12:00,124.1100,123.2600,123.8400,123.2900,465674,2530
2018-02-06 10:13:00,123.6800,122.7800,123.5090,122.8100,471546,4690
2018-02-06 10:14:00,122.7800,122.2500,122.5000,122.2600,474765,2656
2018-02-06 10:15:00,122.8200,122.0100,122.1000,122.8200,478059,2700
2018-02-06 10:16:00,122.8250,121.4800,122.7913,121.6988,486986,7112
2018-02-06 10:17:00,121.7799,120.7200,121.5000,120.7200,490046,2215
2018-02-06 10:18:00,120.7203,120.3800,120.7000,120.6552,497013,6136
2018-02-06 10:19:00,120.6773,119.7600,120.4500,120.0900,505071,6629
2018-02-06 10:20:00,121.4700,120.2400,120.7300,120.8600,509913,3987
2018-02-06 10:21:00,121.9550,121.0200,121.0200,121.9200,515525,4500
2018-02-06 10:22:00,121.8700,120.9200,121.8700,121.7150,518743,2361
2018-02-06 10:23:00,121.4900,121.4768,121.4768,121.4900,519241,265
2018-02-06 10:24:00,121.6300,119.8600,121.4600,120.5100,532398,11759
2018-02-06 10:25:00,120.5000,119.9608,120.1900,120.4276,547386,13636
2018-02-06 10:26:00,121.0490,120.2700,120.2700,121.0490,552601,4799
2018-02-06 10:27:00,121.1700,120.5350,121.0000,120.6100,557860,4071
2018-02-06 10:28:00,121.0578,120.3310,121.0578,120.5800,562849,3538
2018-02-06 10:29:00,120.9900,120.3000,120.5500,120.3050,567464,3332
2018-02-06 10:30:00,120.9400,120.4600,120.6000,120.6834,573876,4870
2018-02-06 10:31:00,120.8200,120.4600,120.4900,120.5150,576537,2000
2018-02-06 10:32:00,120.7900,120.4200,120.5150,120.4200,579001,1557
2018-02-06 10:33:00,120.5276,120.0200,120.5276,120.3000,581897,2470
2018-02-06 10:34:00,120.0700,119.2600,120.0300,119.4300,586176,3469
2018-02-06 10:35:00,119.9004,119.5001,119.5001,119.7700,587681,1246
2018-02-06 10:36:00,119.9000,119.4500,119.7800,119.9000,595755,6352
2018-02-06 10:37:00,119.9100,119.1300,119.9000,119.1300,601018,3139
2018-02-06 10:38:00,119.6800,119.0000,119.0000,119.6300,607076,4978
2018-02-06 10:39:00,119.6700,119.0501,119.4300,119.4600,609804,2386
2018-02-06 10:40:00,119.5200,119.2300,119.4900,119.2500,614519,3800
2018-02-06 10:41:00,119.9300,119.6300,119.6600,119.9300,615630,800
2018-02-06 10:42:00,119.8800,119.2400,119.5400,119.8800,620612,4456
2018-02-06 10:43:00,119.7424,119.4500,119.6664,119.6800,623901,3250
2018-02-06 10:44:00,119.8888,119.2400,119.8000,119.3300,629902,5593
2018-02-06 10:45:00,120.1000,119.4100,119.4100,119.4500,637586,6502
2018-02-06 10:46:00,120.7000,120.2350,120.3000,120.5700,640730,2300
2018-02-06 10:47:00,120.5600,119.9900,120.4800,120.4400,645987,4023
2018-02-06 10:48:00,120.8700,120.0900,120.4500,120.8300,650020,3481
2018-02-06 10:49:00,121.4990,120.7300,120.8400,120.7300,665870,14666
2018-02-06 10:50:00,121.1890,120.7100,121.0050,120.8400,672976,6068
2018-02-06 10:51:00,121.0600,120.4893,120.8550,120.4893,678120,4487
2018-02-06 10:52:00,120.8700,120.3300,120.3300,120.8700,680842,1600
2018-02-06 10:53:00,121.3200,120.8200,120.8800,120.8300,687099,5440
2018-02-06 10:54:00,120.7400,120.4600,120.6500,120.7400,690042,2800
2018-02-06 10:55:00,121.2000,120.4650,121.0000,120.7350,696172,5666
2018-02-06 10:56:00,120.9800,120.4800,120.9200,120.5200,699128,2400
2018-02-06 10:57:00,120.7100,120.5500,120.5500,120.7100,699907,400
2018-02-06 10:58:00,120.7100,120.2150,120.5500,120.2150,702612,2079
2018-02-06 10:59:00,120.5033,120.1900,120.5033,120.2000,704058,1180
2018-02-06 11:00:00,120.4500,120.0600,120.2000,120.0600,705231,700
2018-02-06 11:01:00,120.0900,119.7200,119.9800,119.7200,706872,900
2018-02-06 11:03:00,120.1800,119.7000,119.8500,119.8362,713552,3708
2018-02-06 11:04:00,120.0400,119.7100,119.8700,119.8600,720404,6491
2018-02-06 11:05:00,120.0000,119.5800,120.0000,119.8500,723917,2478
2018-02-06 11:06:00,120.5900,120.0000,120.0000,120.4825,726321,2176
2018-02-06 11:07:00,120.5450,119.9200,120.3200,120.1480,728479,1727
2018-02-06 11:08:00,120.5250,120.1650,120.3100,120.5250,730394,1392
2018-02-06 11:09:00,120.7706,120.5000,120.5450,120.5000,731492,1050
2018-02-06 11:10:00,120.5850,120.0800,120.5850,120.2450,733454,1500
2018-02-06 11:11:00,120.4000,120.1900,120.3750,120.2800,734934,821
2018-02-06 11:12:00,120.5800,120.4950,120.5800,120.4950,735782,500
2018-02-06 11:13:00,120.5450,119.9100,120.3700,120.0305,743234,6600
2018-02-06 11:14:00,119.9850,119.9850,119.9850,119.9850,743891,657
2018-02-06 11:15:00,120.2500,119.8000,120.0650,120.1000,748568,3325
2018-02-06 11:16:00,119.9700,119.8400,119.9600,119.8400,750656,1624
2018-02-06 11:17:00,120.2920,119.9800,119.9800,120.0100,753729,2831
2018-02-06 11:18:00,120.0800,120.0000,120.0800,120.0000,756588,2416
2018-02-06 11:19:00,120.2700,120.0700,120.2700,120.2700,757054,300
2018-02-06 11:20:00,120.4900,120.0850,120.3500,120.4699,760008,2600
2018-02-06 11:21:00,120.4700,120.3100,120.4200,120.3817,761858,1500
2018-02-06 11:22:00,120.4600,120.3200,120.4600,120.3300,762584,500
2018-02-06 11:23:00,120.4700,120.3000,120.3350,120.3400,765939,2856
2018-02-06 11:24:00,120.5499,120.2600,120.4050,120.5499,767844,1418
2018-02-06 11:25:00,120.3250,120.3250,120.3250,120.3250,768210,100
2018-02-06 11:26:00,120.1300,119.9100,120.1300,119.9100,769332,600
2018-02-06 11:27:00,120.2300,119.8300,119.9680,120.2300,773325,3571
2018-02-06 11:28:00,120.1500,119.6900,120.1000,120.0100,778021,3869
2018-02-06 11:29:00,119.9600,119.7400,119.9355,119.7600,782363,3031
2018-02-06 11:30:00,119.7600,119.6700,119.7400,119.6700,783458,600
2018-02-06 11:31:00,119.8250,119.6400,119.8066,119.6500,785830,1800
2018-02-06 11:32:00,119.8200,119.5900,119.6600,119.5900,787017,900
2018-02-06 11:33:00,119.7400,119.7200,119.7200,119.7400,787663,400
2018-02-06 11:34:00,119.7350,119.5900,119.6000,119.7350,788226,400
2018-02-06 11:35:00,119.6500,119.5000,119.6000,119.5800,793010,3300
2018-02-06 11:36:00,119.6200,119.4000,119.6150,119.6200,794699,1250
2018-02-06 11:37:00,120.1450,119.7000,119.7000,120.1450,796865,1587
2018-02-06 11:38:00,120.1800,120.0000,120.0000,120.1800,797658,700
2018-02-06 11:39:00,120.2350,120.1217,120.1217,120.2350,798627,700
2018-02-06 11:40:00,120.2355,120.0000,120.2355,120.0000,800379,1240
2018-02-06 11:41:00,120.2990,120.2150,120.2990,120.2150,800937,300
2018-02-06 11:42:00,120.0700,119.9500,120.0700,120.0000,802670,1020
2018-02-06 11:43:00,120.3200,120.1600,120.2800,120.1600,803881,904
2018-02-06 11:44:00,120.4000,120.1364,120.1364,120.1900,806820,2481
2018-02-06 11:45:00,120.0900,120.0300,120.0900,120.0300,807494,600
2018-02-06 11:46:00,120.2100,120.2021,120.2021,120.2100,807797,300
2018-02-06 11:47:00,120.2550,120.0800,120.2550,120.0800,809212,1144
2018-02-06 11:48:00,120.3000,119.9900,120.3000,120.2500,812886,2456
2018-02-06 11:49:00,120.1300,120.0000,120.1300,120.0000,814590,1100
2018-02-06 11:50:00,120.1970,120.0350,120.0700,120.1970,816696,1993
2018-02-06 11:51:00,120.3900,120.0700,120.2200,120.3500,817386,600
2018-02-06 11:52:00,120.3500,119.9800,120.2200,120.0000,822282,4320
2018-02-06 11:53:00,120.3200,119.8900,120.0800,120.0000,825172,1957
2018-02-06 11:54:00,120.5400,120.0700,120.0750,120.3500,826515,1100
2018-02-06 11:55:00,120.4700,120.0000,120.4400,120.2669,829414,2111
2018-02-06 11:56:00,120.5000,120.0720,120.2047,120.0720,831198,1309
2018-02-06 11:57:00,120.5000,120.0800,120.2850,120.4200,834773,3300
2018-02-06 11:58:00,120.5700,120.3021,120.3021,120.4433,837600,2594
2018-02-06 11:59:00,120.5300,120.1100,120.5300,120.1100,839781,1699
2018-02-06 12:00:00,120.2800,120.1100,120.1200,120.2800,841136,1100
2018-02-06 12:01:00,120.5700,120.3000,120.3000,120.4080,846656,4314
2018-02-06 12:02:00,120.4300,120.0100,120.4300,120.3500,848464,1380
2018-02-06 12:03:00,120.1250,120.1250,120.1250,120.1250,848969,200
2018-02-06 12:04:00,120.4900,120.1900,120.4800,120.1900,849667,600
2018-02-06 12:05:00,120.5050,120.2900,120.3500,120.3700,853960,3800
2018-02-06 12:06:00,120.7000,120.4000,120.5900,120.5000,857221,2935
2018-02-06 12:07:00,121.2000,120.7600,120.9100,121.1900,858802,1444
2018-02-06 12:08:00,121.3200,121.1700,121.2300,121.3200,860429,1300
2018-02-06 12:09:00,121.5000,121.3140,121.3140,121.3800,861080,425
2018-02-06 12:10:00,121.5600,121.0400,121.5500,121.0800,865464,2800
2018-02-06 12:11:00,121.3450,121.1000,121.2400,121.3450,879179,12350
2018-02-06 12:12:00,121.5000,121.2800,121.4900,121.3550,883808,3920
2018-02-06 12:13:00,121.8700,121.2975,121.3900,121.8700,895866,9784
2018-02-06 12:14:00,121.8100,121.5300,121.6800,121.5500,897634,1400
2018-02-06 12:15:00,121.8089,121.5800,121.6913,121.7450,898930,1222
2018-02-06 12:16:00,122.3200,121.8650,121.9000,122.1950,902939,3221
2018-02-06 12:17:00,122.3400,122.0200,122.2200,122.0200,908716,4958
2018-02-06 12:18:00,121.6900,121.2350,121.6900,121.3000,911310,2100
2018-02-06 12:19:00,121.7400,121.3000,121.3000,121.6080,913824,1914
2018-02-06 12:20:00,121.5800,121.0150,121.5800,121.1800,918762,3900
2018-02-06 12:21:00,121.7500,121.4900,121.4900,121.5146,921762,2412
2018-02-06 12:22:00,121.5200,121.1400,121.5200,121.1400,924026,1400
2018-02-06 12:23:00,121.4450,121.2800,121.4200,121.3450,926590,2480
2018-02-06 12:24:00,121.5100,121.3450,121.3500,121.3700,929090,2200
2018-02-06 12:25:00,121.7600,121.5000,121.6350,121.5000,931060,1400
2018-02-06 12:26:00,121.4700,120.9050,121.1000,121.0300,932946,1400
2018-02-06 12:27:00,121.3600,121.0350,121.0350,121.3600,933625,600
2018-02-06 12:28:00,121.4200,121.3852,121.3852,121.4200,933969,200
2018-02-06 12:29:00,121.7499,121.4300,121.5200,121.7499,936497,1870
2018-02-06 12:30:00,122.2150,121.6450,121.6450,122.2111,938500,1095
2018-02-06 12:31:00,122.4500,122.2400,122.4500,122.2400,942906,4150
2018-02-06 12:32:00,122.2300,121.7300,122.1803,121.7300,944846,1450
2018-02-06 12:33:00,122.0300,121.3216,122.0300,121.6550,945364,400
2018-02-06 12:34:00,122.1000,121.5100,121.9200,121.7000,947339,1509
2018-02-06 12:35:00,121.8700,121.7050,121.8690,121.7900,948193,650
2018-02-06 12:36:00,121.9600,121.5500,121.8250,121.5500,955629,6405
2018-02-06 12:37:00,121.9500,121.5200,121.5700,121.9200,961116,5146
2018-02-06 12:38:00,121.9500,121.6900,121.7870,121.8450,965136,3300
2018-02-06 12:39:00,122.2500,121.8650,121.8650,121.9600,981925,14570
2018-02-06 12:40:00,122.1400,121.7400,121.8900,122.0300,988325,5400
2018-02-06 12:41:00,122.3290,121.7700,122.0300,121.8700,996926,8260
2018-02-06 12:42:00,122.2200,121.8200,122.0000,121.9900,1003326,5796
2018-02-06 12:43:00,122.0800,121.9400,122.0100,122.0800,1006272,2600
2018-02-06 12:44:00,122.0700,121.7500,121.9628,121.8700,1010631,3172
2018-02-06 12:45:00,122.1500,121.7600,121.9750,121.8600,1017846,6100
2018-02-06 12:46:00,121.9599,121.6100,121.9599,121.6900,1021983,3358
2018-02-06 12:47:00,122.0000,121.5600,121.7550,121.7500,1033078,9191
2018-02-06 12:48:00,121.9300,121.4800,121.8200,121.4900,1036830,3550
2018-02-06 12:49:00,121.8800,121.6500,121.6500,121.8800,1038403,900
2018-02-06 12:50:00,121.8100,121.5750,121.7600,121.8100,1040358,991
2018-02-06 12:51:00,121.7500,121.6079,121.7500,121.6350,1041894,1100
2018-02-06 12:52:00,121.6400,121.2100,121.6350,121.2100,1042935,600
2018-02-06 12:53:00,121.3900,121.2600,121.3432,121.2600,1047680,4744
2018-02-06 12:54:00,121.3005,121.1100,121.1750,121.3005,1054264,5006
2018-02-06 12:55:00,121.3050,121.2100,121.3050,121.2100,1056350,1600
2018-02-06 12:56:00,121.3400,121.2500,121.2700,121.2500,1059009,2300
2018-02-06 12:57:00,121.1000,120.8900,121.1000,121.0100,1066470,5912
2018-02-06 12:58:00,121.0900,120.7550,120.9900,120.8950,1076700,8863
2018-02-06 12:59:00,121.0400,120.8100,120.9900,120.8850,1085053,6480
2018-02-06 13:00:00,121.1100,120.6300,120.8850,120.6300,1092856,5953
2018-02-06 13:01:00,120.6700,120.3300,120.6400,120.6000,1097388,3611
2018-02-06 13:02:00,120.4250,120.2780,120.3900,120.3398,1100505,2792
2018-02-06 13:03:00,120.7000,120.3100,120.5200,120.3100,1105484,4193
2018-02-06 13:04:00,120.3053,119.8100,120.0000,120.3053,1109904,3560
2018-02-06 13:05:00,120.2887,119.9000,120.1000,120.1125,1115765,5593
2018-02-06 13:06:00,120.4500,120.1900,120.2900,120.2000,1123062,6261
2018-02-06 13:07:00,120.4864,120.1500,120.1600,120.3550,1124590,1123
2018-02-06 13:08:00,120.4200,120.1500,120.2450,120.1500,1130016,5040
2018-02-06 13:09:00,120.3900,120.2200,120.2200,120.3900,1133190,2600
2018-02-06 13:10:00,120.4400,120.1100,120.3500,120.1200,1137435,2871
2018-02-06 13:11:00,120.4396,120.2200,120.2200,120.4250,1140618,2400
2018-02-06 13:12:00,120.6300,120.4300,120.5800,120.4300,1145848,4860
2018-02-06 13:13:00,120.7500,120.4900,120.6100,120.7100,1147076,912
2018-02-06 13:14:00,120.7600,120.4800,120.6500,120.6400,1152811,5400
2018-02-06 13:15:00,120.7300,120.6100,120.6100,120.6200,1157142,4200
2018-02-06 13:16:00,120.7300,120.6500,120.7100,120.7000,1159287,1580
2018-02-06 13:17:00,120.7600,120.5700,120.7000,120.7600,1162581,2800
2018-02-06 13:18:00,120.7756,120.5025,120.7200,120.5025,1167690,4005
2018-02-06 13:19:00,120.8000,120.5700,120.7650,120.5700,1174540,5640
2018-02-06 13:20:00,120.8700,120.5500,120.7200,120.6900,1180718,5395
2018-02-06 13:21:00,120.8800,120.6100,120.7200,120.6200,1186957,5409
2018-02-06 13:22:00,120.9500,120.6300,120.6450,120.8000,1189991,2977
2018-02-06 13:23:00,120.8800,120.6550,120.8500,120.6800,1193279,2860
2018-02-06 13:24:00,120.7800,120.5700,120.5800,120.7800,1195355,1200
2018-02-06 13:25:00,120.7800,120.7150,120.7800,120.7800,1195760,400
2018-02-06 13:26:00,121.2000,120.7500,120.7800,121.0000,1200709,3404
2018-02-06 13:27:00,121.4000,121.0750,121.3600,121.2700,1202601,1700
2018-02-06 13:28:00,121.3400,120.9150,121.0000,120.9150,1208618,5440
2018-02-06 13:29:00,121.0800,120.7950,121.0700,120.7950,1211315,1900
2018-02-06 13:30:00,121.1400,120.7900,120.8700,121.0500,1216223,3741
2018-02-06 13:31:00,120.8900,120.6800,120.8750,120.7300,1222368,6000
2018-02-06 13:32:00,120.6200,120.5900,120.6200,120.5900,1223063,260
2018-02-06 13:33:00,120.8700,120.7643,120.7643,120.8550,1226469,1937
2018-02-06 13:34:00,120.9500,120.5000,120.8900,120.5450,1229989,2920
2018-02-06 13:35:00,120.4200,120.4200,120.4200,120.4200,1232240,1900
2018-02-06 13:36:00,120.8400,120.3101,120.5100,120.8400,1233207,900
2018-02-06 13:37:00,120.9400,120.8100,120.8100,120.8100,1235411,900
2018-02-06 13:38:00,120.9499,120.4500,120.7952,120.4700,1243883,7040
2018-02-06 13:39:00,120.7100,120.5200,120.6100,120.6150,1246961,2840
2018-02-06 13:40:00,120.7300,120.5300,120.5400,120.6400,1247991,900
2018-02-06 13:41:00,120.7500,120.5060,120.6200,120.5060,1249130,1125
2018-02-06 13:42:00,120.5700,120.2000,120.4500,120.5700,1250961,1105
2018-02-06 13:43:00,120.5700,120.3700,120.5700,120.5200,1253354,1900
2018-02-06 13:44:00,120.5800,120.4800,120.5800,120.4900,1254475,800
2018-02-06 13:45:00,120.5500,120.3350,120.5500,120.4200,1257869,2700
2018-02-06 13:46:00,120.5200,120.3200,120.5000,120.5100,1259282,860
2018-02-06 13:47:00,120.5900,120.3850,120.4900,120.5000,1265692,5500
2018-02-06 13:48:00,120.5750,120.4100,120.5750,120.4100,1266682,845
2018-02-06 13:49:00,120.3900,119.9100,120.3900,120.0500,1277996,10771
2018-02-06 13:51:00,120.2100,120.0500,120.1300,120.2050,1278992,800
2018-02-06 13:52:00,120.1300,119.9300,120.0000,119.9800,1284644,4802
2018-02-06 13:53:00,119.9800,119.6000,119.9700,119.7800,1291638,6650
2018-02-06 13:54:00,119.9200,119.6300,119.6300,119.9200,1295138,2900
2018-02-06 13:55:00,120.4000,119.7110,119.7110,120.2700,1298380,2900
2018-02-06 13:56:00,120.3200,120.1700,120.2950,120.1700,1299487,900
2018-02-06 13:58:00,120.3000,119.9194,120.2350,119.9194,1302329,2315
2018-02-06 13:59:00,120.3000,120.0000,120.0063,120.2600,1304239,1725
2018-02-06 14:00:00,120.5000,120.0400,120.3000,120.1150,1309987,5122
2018-02-06 14:01:00,120.4000,120.1700,120.1800,120.3400,1312125,1241
2018-02-06 14:02:00,120.3500,120.2100,120.3500,120.2100,1315868,2501
2018-02-06 14:03:00,120.1800,120.0100,120.1500,120.1000,1318676,2400
2018-02-06 14:04:00,120.2700,119.9800,119.9800,120.0600,1328916,9909
2018-02-06 14:05:00,120.1900,120.1300,120.1600,120.1300,1330812,1350
2018-02-06 14:06:00,120.1453,119.9000,120.1453,119.9000,1332504,1315
2018-02-06 14:07:00,120.1350,119.9200,119.9200,120.0700,1334630,1500
2018-02-06 14:08:00,120.1400,119.9700,120.0600,120.1400,1335983,1200
2018-02-06 14:09:00,119.9900,119.9300,119.9900,119.9450,1337300,933
2018-02-06 14:10:00,119.9850,119.7800,119.9450,119.7800,1339517,2050
2018-02-06 14:11:00,120.1100,119.6801,119.7595,119.9000,1341297,1606
2018-02-06 14:12:00,120.2400,119.9800,120.0000,120.2000,1342812,1105
2018-02-06 14:13:00,120.4900,120.2600,120.3800,120.4500,1348373,4700
2018-02-06 14:14:00,120.4900,120.3500,120.3500,120.3550,1349265,700
2018-02-06 14:15:00,120.6050,120.3375,120.4700,120.3600,1353290,3180
2018-02-06 14:16:00,120.4500,120.0800,120.2200,120.4500,1358878,5336
2018-02-06 14:18:00,120.4800,120.2600,120.4359,120.2600,1361964,2300
2018-02-06 14:19:00,120.3500,120.1800,120.1800,120.3098,1363495,1100
2018-02-06 14:20:00,120.4550,120.1200,120.3500,120.1200,1366793,2100
2018-02-06 14:21:00,120.3000,120.2000,120.2000,120.3000,1367661,400
2018-02-06 14:22:00,120.5000,120.2300,120.4300,120.2300,1371838,3400
2018-02-06 14:23:00,120.3700,120.1500,120.1500,120.3700,1377611,5463
2018-02-06 14:24:00,120.3500,120.2750,120.2900,120.2800,1379806,1790
2018-02-06 14:25:00,120.3700,120.2700,120.3058,120.2700,1380449,475
2018-02-06 14:26:00,120.3700,120.2200,120.3400,120.3100,1384314,2378
2018-02-06 14:27:00,120.4500,120.2000,120.2200,120.2150,1390852,5903
2018-02-06 14:28:00,120.2400,120.0100,120.1400,120.0350,1394874,3900
2018-02-06 14:29:00,120.2800,120.1400,120.1800,120.1900,1397570,2200
2018-02-06 14:30:00,120.2300,120.0600,120.2300,120.1950,1399789,1337
2018-02-06 14:31:00,120.1100,119.9900,120.0100,120.1100,1401075,1059
2018-02-06 14:32:00,120.2200,120.0400,120.0950,120.1600,1405235,3158
2018-02-06 14:33:00,120.5700,120.0200,120.1500,120.5700,1410205,3797
2018-02-06 14:34:00,120.3900,120.2800,120.3300,120.3350,1413479,2500
2018-02-06 14:35:00,120.5600,120.2500,120.3500,120.4188,1416245,2353
2018-02-06 14:36:00,121.0700,120.5500,120.5500,121.0600,1428663,11443
2018-02-06 14:37:00,120.9000,120.7000,120.9000,120.7550,1441442,12400
2018-02-06 14:38:00,121.2300,120.7850,120.7850,120.9550,1444966,2670
2018-02-06 14:39:00,121.0900,120.7200,121.0200,121.0450,1453117,7969
2018-02-06 14:40:00,121.0719,120.7800,121.0719,120.9900,1455507,2370
2018-02-06 14:41:00,120.9800,120.6400,120.9800,120.7900,1460454,4165
2018-02-06 14:42:00,121.0900,120.6900,120.8900,120.7950,1465489,4765
2018-02-06 14:43:00,121.1700,120.8850,120.9400,121.0900,1471882,5182
2018-02-06 14:44:00,121.0300,120.9350,121.0300,121.0200,1476784,4500
2018-02-06 14:45:00,121.2400,121.0800,121.0800,121.1300,1482713,4666
2018-02-06 14:46:00,121.4200,121.1500,121.1500,121.2650,1487307,3800
2018-02-06 14:47:00,121.6500,121.4100,121.4100,121.6400,1488331,800
2018-02-06 14:48:00,121.6700,121.4850,121.5550,121.6700,1489528,1173
2018-02-06 14:49:00,121.6500,121.4600,121.6500,121.4600,1493713,3275
2018-02-06 14:50:00,121.5500,121.2850,121.3300,121.3800,1499172,5016
2018-02-06 14:51:00,121.6400,121.3000,121.4900,121.4800,1503699,3460
2018-02-06 14:52:00,121.6400,121.0600,121.6400,121.0900,1510065,5840
2018-02-06 14:53:00,121.1700,120.7600,121.0500,121.1700,1512393,1730
2018-02-06 14:54:00,121.1700,120.8800,121.0975,121.0700,1517194,3822
2018-02-06 14:55:00,121.1500,120.8500,121.0500,120.9800,1526810,7005
2018-02-06 14:56:00,121.1200,120.9100,120.9100,121.0450,1528074,900
2018-02-06 14:57:00,121.1700,120.8200,121.0450,120.8200,1531605,2919
2018-02-06 14:58:00,121.1900,121.0150,121.0150,121.0700,1532575,900
2018-02-06 14:59:00,121.2500,120.9700,121.0200,121.2500,1535159,1904
2018-02-06 15:00:00,121.2500,121.0750,121.2500,121.1800,1542011,5468
2018-02-06 15:01:00,121.2700,121.0300,121.2700,121.1600,1546006,3600
2018-02-06 15:02:00,121.2800,120.9500,121.1200,121.0800,1556145,8949
2018-02-06 15:03:00,121.2499,120.9600,121.1650,120.9600,1560692,3685
2018-02-06 15:04:00,121.1900,120.8600,120.9600,121.0143,1565785,4304
2018-02-06 15:05:00,121.1700,121.0000,121.0000,121.1700,1567348,1370
2018-02-06 15:06:00,121.4000,121.2900,121.2900,121.3150,1568722,1000
2018-02-06 15:07:00,121.4200,121.2150,121.3210,121.3200,1576049,6349
2018-02-06 15:08:00,121.3000,120.9600,121.2400,121.2100,1580995,4517
2018-02-06 15:09:00,121.2500,121.1300,121.1300,121.1800,1584099,2707
2018-02-06 15:10:00,121.2200,121.0200,121.2200,121.2000,1587333,2515
2018-02-06 15:11:00,121.2300,121.0000,121.1833,121.0500,1592143,3668
2018-02-06 15:12:00,121.1800,121.0500,121.0564,121.1600,1593475,1000
2018-02-06 15:13:00,121.0675,120.9300,121.0100,121.0600,1594972,1100
2018-02-06 15:14:00,121.1600,121.0400,121.0400,121.1139,1596682,1618
2018-02-06 15:15:00,120.9900,120.9000,120.9400,120.9000,1597323,510
2018-02-06 15:16:00,121.3900,121.0625,121.0625,121.2500,1600288,2076
2018-02-06 15:17:00,121.2500,121.1100,121.2500,121.1500,1603636,3042
2018-02-06 15:18:00,121.1350,120.8000,121.1350,120.8000,1605979,1900
2018-02-06 15:19:00,120.9050,120.8100,120.9050,120.8544,1609932,3117
2018-02-06 15:20:00,120.9367,120.6500,120.6500,120.6800,1611827,1750
2018-02-06 15:21:00,121.0100,120.7500,121.0100,120.7904,1617443,4600
2018-02-06 15:22:00,121.0000,120.6400,120.9400,120.7150,1623846,5314
2018-02-06 15:23:00,120.7900,120.5800,120.7150,120.5800,1626155,1970
2018-02-06 15:24:00,120.7899,120.3100,120.6400,120.4700,1629727,2400
2018-02-06 15:25:00,120.5200,120.3800,120.3900,120.5199,1634657,3495
2018-02-06 15:26:00,120.6600,120.3600,120.5200,120.3600,1640939,5187
2018-02-06 15:27:00,120.6000,120.2100,120.4650,120.5190,1651661,9016
2018-02-06 15:28:00,120.6400,120.3100,120.4200,120.6300,1659812,7500
2018-02-06 15:29:00,121.2100,120.6400,120.6400,121.1600,1680184,19625
2018-02-06 15:30:00,121.7400,121.2100,121.2900,121.7400,1684692,4210
2018-02-06 15:31:00,121.7500,121.5500,121.6900,121.5810,1690785,4835
2018-02-06 15:32:00,121.6675,121.0200,121.5800,121.5850,1697359,4685
2018-02-06 15:33:00,121.7600,121.5150,121.7300,121.5150,1700039,1575
2018-02-06 15:34:00,121.8300,121.5150,121.5150,121.7700,1702423,1750
2018-02-06 15:35:00,121.9500,121.5500,121.8400,121.8504,1706113,2795
2018-02-06 15:36:00,121.8900,121.4700,121.8350,121.8900,1709845,3320
2018-02-06 15:37:00,121.9600,121.8200,121.9300,121.8850,1715849,5077
2018-02-06 15:38:00,122.1000,121.8200,121.8877,121.9350,1726032,9274
2018-02-06 15:39:00,122.1500,121.8100,121.9850,122.0500,1729651,3128
2018-02-06 15:40:00,122.2000,122.0000,122.0779,122.0400,1734630,4100
2018-02-06 15:41:00,122.1055,121.9000,122.1055,121.9950,1740873,5219
2018-02-06 15:42:00,121.9200,121.7100,121.8400,121.7650,1742288,1000
2018-02-06 15:43:00,121.9800,121.7600,121.8550,121.9600,1746952,3787
2018-02-06 15:44:00,122.4000,121.9200,122.0100,122.0450,1756782,9092
2018-02-06 15:45:00,122.1750,121.9100,122.1300,121.9100,1758942,1600
2018-02-06 15:46:00,121.9800,121.7000,121.9800,121.8399,1768248,8538
2018-02-06 15:47:00,121.9200,121.6600,121.6700,121.8150,1771008,2660
2018-02-06 15:48:00,121.9199,121.4222,121.9199,121.4222,1774585,2223
2018-02-06 15:49:00,121.6050,121.3750,121.4297,121.6050,1777267,2095
2018-02-06 15:50:00,121.5900,121.3800,121.5600,121.5500,1780974,1830
2018-02-06 15:51:00,121.5999,121.3877,121.4750,121.3877,1784619,2993
2018-02-06 15:52:00,121.5500,121.0800,121.4850,121.1900,1787823,2527
2018-02-06 15:53:00,121.7000,121.1800,121.2400,121.5484,1791583,3100
2018-02-06 15:54:00,121.7300,121.4800,121.5800,121.6600,1796741,4266
2018-02-06 15:55:00,121.7500,121.5100,121.6980,121.5100,1802445,5167
2018-02-06 15:56:00,121.6500,121.4300,121.4300,121.5150,1803985,1200
2018-02-06 15:57:00,122.1200,121.5709,121.6500,122.0200,1811438,5310
2018-02-06 15:58:00,122.1800,121.9400,121.9900,122.1200,1815492,2438
2018-02-06 15:59:00,122.1600,121.8100,122.0200,121.9400,1821699,3947
2018-02-06 16:00:00,122.2400,121.5850,121.7400,122.2000,1843711,17692
2018-02-07 09:31:00,123.1950,122.4500,123.0300,123.0200,24309,20567
2018-02-07 09:32:00,122.5100,121.9950,122.5000,121.9950,33222,7768
2018-02-07 09:33:00,121.9450,121.3000,121.8060,121.3000,34553,1027
2018-02-07 09:34:00,121.7300,121.3600,121.3600,121.6400,35623,956
2018-02-07 09:35:00,122.0450,121.6300,121.6300,121.9450,39148,2266
2018-02-07 09:36:00,122.4500,121.9790,121.9800,122.3700,41579,1984
2018-02-07 09:37:00,122.5000,121.9500,121.9500,121.9500,45817,4167
2018-02-07 09:38:00,122.5700,121.9600,122.2856,121.9600,46978,1150
2018-02-07 09:39:00,122.5500,121.9600,122.2750,121.9600,47668,565
2018-02-07 09:40:00,122.4136,122.0000,122.2700,122.1550,50330,2342
2018-02-07 09:41:00,122.1400,121.5700,122.0100,121.7300,61494,8606
2018-02-07 09:42:00,122.1650,121.9200,122.0700,122.1325,62865,1051
2018-02-07 09:43:00,122.1200,121.4100,122.1200,121.8800,66172,2853
2018-02-07 09:44:00,121.6500,121.0000,121.6500,121.1250,71649,4400